[TeeLogger] Saving terminal output to:
            D:\labdatanew@aniket\unet++\outputs\terminal_20260530_211348.log

[1/5] Loading dataset …
      TRAIN ← d:/labdatanew@aniket/500_rgb_mask/
      TEST  ← d:/labdatanew@aniket/137_rgb_mask/
[TRAIN] Loaded 500 pairs  |  skipped 0  from d:\labdatanew@aniket\500_rgb_mask\RGB
[TEST] Loaded 137 pairs  |  skipped 0  from d:\labdatanew@aniket\137_rgb_mask\RGB
      Train: (500, 256, 256, 3)  |  Test: (137, 256, 256, 3)

[2/5] Building UNet++ model …
      Variant       : UNet++ with ResNet50 encoder (ImageNet)
      Freeze layers : first 120 backbone layers
      Frozen params : 0 backbone sub-layers
Model: "UNetPlusPlus_ResNet50"
┌────────────────────────────────┬───────────────────────────┬─────────────────
│ Layer (type)                   │ Output Shape              │          Param #
├────────────────────────────────┼───────────────────────────┼─────────────────
│ rgb_input (InputLayer)         │ (None, 256, 256, 3)       │                0
├────────────────────────────────┼───────────────────────────┼─────────────────
│ conv1_pad (ZeroPadding2D)      │ (None, 262, 262, 3)       │                0
├────────────────────────────────┼───────────────────────────┼─────────────────
│ conv1_conv (Conv2D)            │ (None, 128, 128, 64)      │            9,472
├────────────────────────────────┼───────────────────────────┼─────────────────
│ conv1_bn (BatchNormalization)  │ (None, 128, 128, 64)      │              256
├────────────────────────────────┼───────────────────────────┼─────────────────
│ conv1_relu (Activation)        │ (None, 128, 128, 64)      │                0
├────────────────────────────────┼───────────────────────────┼─────────────────
│ pool1_pad (ZeroPadding2D)      │ (None, 130, 130, 64)      │                0
├────────────────────────────────┼───────────────────────────┼─────────────────
│ pool1_pool (MaxPooling2D)      │ (None, 64, 64, 64)        │                0
├────────────────────────────────┼───────────────────────────┼─────────────────
│ conv2_block1_1_conv (Conv2D)   │ (None, 64, 64, 64)        │            4,160
├────────────────────────────────┼───────────────────────────┼─────────────────
│ conv2_block1_1_bn              │ (None, 64, 64, 64)        │              256
│ (BatchNormalization)           │                           │                 
├────────────────────────────────┼───────────────────────────┼─────────────────
│ conv2_block1_1_relu            │ (None, 64, 64, 64)        │                0
│ (Activation)                   │                           │                 
├────────────────────────────────┼───────────────────────────┼─────────────────
│ conv2_block1_2_conv (Conv2D)   │ (None, 64, 64, 64)        │           36,928
├────────────────────────────────┼───────────────────────────┼─────────────────
│ conv2_block1_2_bn              │ (None, 64, 64, 64)        │              256
│ (BatchNormalization)           │                           │                 
├────────────────────────────────┼───────────────────────────┼─────────────────
│ conv2_block1_2_relu            │ (None, 64, 64, 64)        │                0
│ (Activation)                   │                           │                 
├────────────────────────────────┼───────────────────────────┼─────────────────
│ conv2_block1_0_conv (Conv2D)   │ (None, 64, 64, 256)       │           16,640
├────────────────────────────────┼───────────────────────────┼─────────────────
│ conv2_block1_3_conv (Conv2D)   │ (None, 64, 64, 256)       │           16,640
├────────────────────────────────┼───────────────────────────┼─────────────────
│ conv2_block1_0_bn              │ (None, 64, 64, 256)       │            1,024
│ (BatchNormalization)           │                           │                 
├────────────────────────────────┼───────────────────────────┼─────────────────
│ conv2_block1_3_bn              │ (None, 64, 64, 256)       │            1,024
│ (BatchNormalization)           │                           │                 
├────────────────────────────────┼───────────────────────────┼─────────────────
│ conv2_block1_add (Add)         │ (None, 64, 64, 256)       │                0
│                                │                           │                 
├────────────────────────────────┼───────────────────────────┼─────────────────
│ conv2_block1_out (Activation)  │ (None, 64, 64, 256)       │                0
├────────────────────────────────┼───────────────────────────┼─────────────────
│ conv2_block2_1_conv (Conv2D)   │ (None, 64, 64, 64)        │           16,448
├────────────────────────────────┼───────────────────────────┼─────────────────
│ conv2_block2_1_bn              │ (None, 64, 64, 64)        │              256
│ (BatchNormalization)           │                           │                 
├────────────────────────────────┼───────────────────────────┼─────────────────
│ conv2_block2_1_relu            │ (None, 64, 64, 64)        │                0
│ (Activation)                   │                           │                 
├────────────────────────────────┼───────────────────────────┼─────────────────
│ conv2_block2_2_conv (Conv2D)   │ (None, 64, 64, 64)        │           36,928
├────────────────────────────────┼───────────────────────────┼─────────────────
│ conv2_block2_2_bn              │ (None, 64, 64, 64)        │              256
│ (BatchNormalization)           │                           │                 
├────────────────────────────────┼───────────────────────────┼─────────────────
│ conv2_block2_2_relu            │ (None, 64, 64, 64)        │                0
│ (Activation)                   │                           │                 
├────────────────────────────────┼───────────────────────────┼─────────────────
│ conv2_block2_3_conv (Conv2D)   │ (None, 64, 64, 256)       │           16,640
├────────────────────────────────┼───────────────────────────┼─────────────────
│ conv2_block2_3_bn              │ (None, 64, 64, 256)       │            1,024
│ (BatchNormalization)           │                           │                 
├────────────────────────────────┼───────────────────────────┼─────────────────
│ conv2_block2_add (Add)         │ (None, 64, 64, 256)       │                0
│                                │                           │                 
├────────────────────────────────┼───────────────────────────┼─────────────────
│ conv2_block2_out (Activation)  │ (None, 64, 64, 256)       │                0
├────────────────────────────────┼───────────────────────────┼─────────────────
│ conv2_block3_1_conv (Conv2D)   │ (None, 64, 64, 64)        │           16,448
├────────────────────────────────┼───────────────────────────┼─────────────────
│ conv2_block3_1_bn              │ (None, 64, 64, 64)        │              256
│ (BatchNormalization)           │                           │                 
├────────────────────────────────┼───────────────────────────┼─────────────────
│ conv2_block3_1_relu            │ (None, 64, 64, 64)        │                0
│ (Activation)                   │                           │                 
├────────────────────────────────┼───────────────────────────┼─────────────────
│ conv2_block3_2_conv (Conv2D)   │ (None, 64, 64, 64)        │           36,928
├────────────────────────────────┼───────────────────────────┼─────────────────
│ conv2_block3_2_bn              │ (None, 64, 64, 64)        │              256
│ (BatchNormalization)           │                           │                 
├────────────────────────────────┼───────────────────────────┼─────────────────
│ conv2_block3_2_relu            │ (None, 64, 64, 64)        │                0
│ (Activation)                   │                           │                 
├────────────────────────────────┼───────────────────────────┼─────────────────
│ conv2_block3_3_conv (Conv2D)   │ (None, 64, 64, 256)       │           16,640
├────────────────────────────────┼───────────────────────────┼─────────────────
│ conv2_block3_3_bn              │ (None, 64, 64, 256)       │            1,024
│ (BatchNormalization)           │                           │                 
├────────────────────────────────┼───────────────────────────┼─────────────────
│ conv2_block3_add (Add)         │ (None, 64, 64, 256)       │                0
│                                │                           │                 
├────────────────────────────────┼───────────────────────────┼─────────────────
│ conv2_block3_out (Activation)  │ (None, 64, 64, 256)       │                0
├────────────────────────────────┼───────────────────────────┼─────────────────
│ conv3_block1_1_conv (Conv2D)   │ (None, 32, 32, 128)       │           32,896
├────────────────────────────────┼───────────────────────────┼─────────────────
│ conv3_block1_1_bn              │ (None, 32, 32, 128)       │              512
│ (BatchNormalization)           │                           │                 
├────────────────────────────────┼───────────────────────────┼─────────────────
│ conv3_block1_1_relu            │ (None, 32, 32, 128)       │                0
│ (Activation)                   │                           │                 
├────────────────────────────────┼───────────────────────────┼─────────────────
│ conv3_block1_2_conv (Conv2D)   │ (None, 32, 32, 128)       │          147,584
├────────────────────────────────┼───────────────────────────┼─────────────────
│ conv3_block1_2_bn              │ (None, 32, 32, 128)       │              512
│ (BatchNormalization)           │                           │                 
├────────────────────────────────┼───────────────────────────┼─────────────────
│ conv3_block1_2_relu            │ (None, 32, 32, 128)       │                0
│ (Activation)                   │                           │                 
├────────────────────────────────┼───────────────────────────┼─────────────────
│ conv3_block1_0_conv (Conv2D)   │ (None, 32, 32, 512)       │          131,584
├────────────────────────────────┼───────────────────────────┼─────────────────
│ conv3_block1_3_conv (Conv2D)   │ (None, 32, 32, 512)       │           66,048
├────────────────────────────────┼───────────────────────────┼─────────────────
│ conv3_block1_0_bn              │ (None, 32, 32, 512)       │            2,048
│ (BatchNormalization)           │                           │                 
├────────────────────────────────┼───────────────────────────┼─────────────────
│ conv3_block1_3_bn              │ (None, 32, 32, 512)       │            2,048
│ (BatchNormalization)           │                           │                 
├────────────────────────────────┼───────────────────────────┼─────────────────
│ conv3_block1_add (Add)         │ (None, 32, 32, 512)       │                0
│                                │                           │                 
├────────────────────────────────┼───────────────────────────┼─────────────────
│ conv3_block1_out (Activation)  │ (None, 32, 32, 512)       │                0
├────────────────────────────────┼───────────────────────────┼─────────────────
│ conv3_block2_1_conv (Conv2D)   │ (None, 32, 32, 128)       │           65,664
├────────────────────────────────┼───────────────────────────┼─────────────────
│ conv3_block2_1_bn              │ (None, 32, 32, 128)       │              512
│ (BatchNormalization)           │                           │                 
├────────────────────────────────┼───────────────────────────┼─────────────────
│ conv3_block2_1_relu            │ (None, 32, 32, 128)       │                0
│ (Activation)                   │                           │                 
├────────────────────────────────┼───────────────────────────┼─────────────────
│ conv3_block2_2_conv (Conv2D)   │ (None, 32, 32, 128)       │          147,584
├────────────────────────────────┼───────────────────────────┼─────────────────
│ conv3_block2_2_bn              │ (None, 32, 32, 128)       │              512
│ (BatchNormalization)           │                           │                 
├────────────────────────────────┼───────────────────────────┼─────────────────
│ conv3_block2_2_relu            │ (None, 32, 32, 128)       │                0
│ (Activation)                   │                           │                 
├────────────────────────────────┼───────────────────────────┼─────────────────
│ conv3_block2_3_conv (Conv2D)   │ (None, 32, 32, 512)       │           66,048
├────────────────────────────────┼───────────────────────────┼─────────────────
│ conv3_block2_3_bn              │ (None, 32, 32, 512)       │            2,048
│ (BatchNormalization)           │                           │                 
├────────────────────────────────┼───────────────────────────┼─────────────────
│ conv3_block2_add (Add)         │ (None, 32, 32, 512)       │                0
│                                │                           │                 
├────────────────────────────────┼───────────────────────────┼─────────────────
│ conv3_block2_out (Activation)  │ (None, 32, 32, 512)       │                0
├────────────────────────────────┼───────────────────────────┼─────────────────
│ conv3_block3_1_conv (Conv2D)   │ (None, 32, 32, 128)       │           65,664
├────────────────────────────────┼───────────────────────────┼─────────────────
│ conv3_block3_1_bn              │ (None, 32, 32, 128)       │              512
│ (BatchNormalization)           │                           │                 
├────────────────────────────────┼───────────────────────────┼─────────────────
│ conv3_block3_1_relu            │ (None, 32, 32, 128)       │                0
│ (Activation)                   │                           │                 
├────────────────────────────────┼───────────────────────────┼─────────────────
│ conv3_block3_2_conv (Conv2D)   │ (None, 32, 32, 128)       │          147,584
├────────────────────────────────┼───────────────────────────┼─────────────────
│ conv3_block3_2_bn              │ (None, 32, 32, 128)       │              512
│ (BatchNormalization)           │                           │                 
├────────────────────────────────┼───────────────────────────┼─────────────────
│ conv3_block3_2_relu            │ (None, 32, 32, 128)       │                0
│ (Activation)                   │                           │                 
├────────────────────────────────┼───────────────────────────┼─────────────────
│ conv3_block3_3_conv (Conv2D)   │ (None, 32, 32, 512)       │           66,048
├────────────────────────────────┼───────────────────────────┼─────────────────
│ conv3_block3_3_bn              │ (None, 32, 32, 512)       │            2,048
│ (BatchNormalization)           │                           │                 
├────────────────────────────────┼───────────────────────────┼─────────────────
│ conv3_block3_add (Add)         │ (None, 32, 32, 512)       │                0
│                                │                           │                 
├────────────────────────────────┼───────────────────────────┼─────────────────
│ conv3_block3_out (Activation)  │ (None, 32, 32, 512)       │                0
├────────────────────────────────┼───────────────────────────┼─────────────────
│ conv3_block4_1_conv (Conv2D)   │ (None, 32, 32, 128)       │           65,664
├────────────────────────────────┼───────────────────────────┼─────────────────
│ conv3_block4_1_bn              │ (None, 32, 32, 128)       │              512
│ (BatchNormalization)           │                           │                 
├────────────────────────────────┼───────────────────────────┼─────────────────
│ conv3_block4_1_relu            │ (None, 32, 32, 128)       │                0
│ (Activation)                   │                           │                 
├────────────────────────────────┼───────────────────────────┼─────────────────
│ conv3_block4_2_conv (Conv2D)   │ (None, 32, 32, 128)       │          147,584
├────────────────────────────────┼───────────────────────────┼─────────────────
│ conv3_block4_2_bn              │ (None, 32, 32, 128)       │              512
│ (BatchNormalization)           │                           │                 
├────────────────────────────────┼───────────────────────────┼─────────────────
│ conv3_block4_2_relu            │ (None, 32, 32, 128)       │                0
│ (Activation)                   │                           │                 
├────────────────────────────────┼───────────────────────────┼─────────────────
│ conv3_block4_3_conv (Conv2D)   │ (None, 32, 32, 512)       │           66,048
├────────────────────────────────┼───────────────────────────┼─────────────────
│ conv3_block4_3_bn              │ (None, 32, 32, 512)       │            2,048
│ (BatchNormalization)           │                           │                 
├────────────────────────────────┼───────────────────────────┼─────────────────
│ conv3_block4_add (Add)         │ (None, 32, 32, 512)       │                0
│                                │                           │                 
├────────────────────────────────┼───────────────────────────┼─────────────────
│ conv3_block4_out (Activation)  │ (None, 32, 32, 512)       │                0
├────────────────────────────────┼───────────────────────────┼─────────────────
│ conv4_block1_1_conv (Conv2D)   │ (None, 16, 16, 256)       │          131,328
├────────────────────────────────┼───────────────────────────┼─────────────────
│ conv4_block1_1_bn              │ (None, 16, 16, 256)       │            1,024
│ (BatchNormalization)           │                           │                 
├────────────────────────────────┼───────────────────────────┼─────────────────
│ conv4_block1_1_relu            │ (None, 16, 16, 256)       │                0
│ (Activation)                   │                           │                 
├────────────────────────────────┼───────────────────────────┼─────────────────
│ conv4_block1_2_conv (Conv2D)   │ (None, 16, 16, 256)       │          590,080
├────────────────────────────────┼───────────────────────────┼─────────────────
│ conv4_block1_2_bn              │ (None, 16, 16, 256)       │            1,024
│ (BatchNormalization)           │                           │                 
├────────────────────────────────┼───────────────────────────┼─────────────────
│ conv4_block1_2_relu            │ (None, 16, 16, 256)       │                0
│ (Activation)                   │                           │                 
├────────────────────────────────┼───────────────────────────┼─────────────────
│ conv4_block1_0_conv (Conv2D)   │ (None, 16, 16, 1024)      │          525,312
├────────────────────────────────┼───────────────────────────┼─────────────────
│ conv4_block1_3_conv (Conv2D)   │ (None, 16, 16, 1024)      │          263,168
├────────────────────────────────┼───────────────────────────┼─────────────────
│ conv4_block1_0_bn              │ (None, 16, 16, 1024)      │            4,096
│ (BatchNormalization)           │                           │                 
├────────────────────────────────┼───────────────────────────┼─────────────────
│ conv4_block1_3_bn              │ (None, 16, 16, 1024)      │            4,096
│ (BatchNormalization)           │                           │                 
├────────────────────────────────┼───────────────────────────┼─────────────────
│ conv4_block1_add (Add)         │ (None, 16, 16, 1024)      │                0
│                                │                           │                 
├────────────────────────────────┼───────────────────────────┼─────────────────
│ conv4_block1_out (Activation)  │ (None, 16, 16, 1024)      │                0
├────────────────────────────────┼───────────────────────────┼─────────────────
│ conv4_block2_1_conv (Conv2D)   │ (None, 16, 16, 256)       │          262,400
├────────────────────────────────┼───────────────────────────┼─────────────────
│ conv4_block2_1_bn              │ (None, 16, 16, 256)       │            1,024
│ (BatchNormalization)           │                           │                 
├────────────────────────────────┼───────────────────────────┼─────────────────
│ conv4_block2_1_relu            │ (None, 16, 16, 256)       │                0
│ (Activation)                   │                           │                 
├────────────────────────────────┼───────────────────────────┼─────────────────
│ conv4_block2_2_conv (Conv2D)   │ (None, 16, 16, 256)       │          590,080
├────────────────────────────────┼───────────────────────────┼─────────────────
│ conv4_block2_2_bn              │ (None, 16, 16, 256)       │            1,024
│ (BatchNormalization)           │                           │                 
├────────────────────────────────┼───────────────────────────┼─────────────────
│ conv4_block2_2_relu            │ (None, 16, 16, 256)       │                0
│ (Activation)                   │                           │                 
├────────────────────────────────┼───────────────────────────┼─────────────────
│ conv4_block2_3_conv (Conv2D)   │ (None, 16, 16, 1024)      │          263,168
├────────────────────────────────┼───────────────────────────┼─────────────────
│ conv4_block2_3_bn              │ (None, 16, 16, 1024)      │            4,096
│ (BatchNormalization)           │                           │                 
├────────────────────────────────┼───────────────────────────┼─────────────────
│ conv4_block2_add (Add)         │ (None, 16, 16, 1024)      │                0
│                                │                           │                 
├────────────────────────────────┼───────────────────────────┼─────────────────
│ conv4_block2_out (Activation)  │ (None, 16, 16, 1024)      │                0
├────────────────────────────────┼───────────────────────────┼─────────────────
│ conv4_block3_1_conv (Conv2D)   │ (None, 16, 16, 256)       │          262,400
├────────────────────────────────┼───────────────────────────┼─────────────────
│ conv4_block3_1_bn              │ (None, 16, 16, 256)       │            1,024
│ (BatchNormalization)           │                           │                 
├────────────────────────────────┼───────────────────────────┼─────────────────
│ conv4_block3_1_relu            │ (None, 16, 16, 256)       │                0
│ (Activation)                   │                           │                 
├────────────────────────────────┼───────────────────────────┼─────────────────
│ conv4_block3_2_conv (Conv2D)   │ (None, 16, 16, 256)       │          590,080
├────────────────────────────────┼───────────────────────────┼─────────────────
│ conv4_block3_2_bn              │ (None, 16, 16, 256)       │            1,024
│ (BatchNormalization)           │                           │                 
├────────────────────────────────┼───────────────────────────┼─────────────────
│ conv4_block3_2_relu            │ (None, 16, 16, 256)       │                0
│ (Activation)                   │                           │                 
├────────────────────────────────┼───────────────────────────┼─────────────────
│ conv4_block3_3_conv (Conv2D)   │ (None, 16, 16, 1024)      │          263,168
├────────────────────────────────┼───────────────────────────┼─────────────────
│ conv4_block3_3_bn              │ (None, 16, 16, 1024)      │            4,096
│ (BatchNormalization)           │                           │                 
├────────────────────────────────┼───────────────────────────┼─────────────────
│ conv4_block3_add (Add)         │ (None, 16, 16, 1024)      │                0
│                                │                           │                 
├────────────────────────────────┼───────────────────────────┼─────────────────
│ conv4_block3_out (Activation)  │ (None, 16, 16, 1024)      │                0
├────────────────────────────────┼───────────────────────────┼─────────────────
│ conv4_block4_1_conv (Conv2D)   │ (None, 16, 16, 256)       │          262,400
├────────────────────────────────┼───────────────────────────┼─────────────────
│ conv4_block4_1_bn              │ (None, 16, 16, 256)       │            1,024
│ (BatchNormalization)           │                           │                 
├────────────────────────────────┼───────────────────────────┼─────────────────
│ conv4_block4_1_relu            │ (None, 16, 16, 256)       │                0
│ (Activation)                   │                           │                 
├────────────────────────────────┼───────────────────────────┼─────────────────
│ conv4_block4_2_conv (Conv2D)   │ (None, 16, 16, 256)       │          590,080
├────────────────────────────────┼───────────────────────────┼─────────────────
│ conv4_block4_2_bn              │ (None, 16, 16, 256)       │            1,024
│ (BatchNormalization)           │                           │                 
├────────────────────────────────┼───────────────────────────┼─────────────────
│ conv4_block4_2_relu            │ (None, 16, 16, 256)       │                0
│ (Activation)                   │                           │                 
├────────────────────────────────┼───────────────────────────┼─────────────────
│ conv4_block4_3_conv (Conv2D)   │ (None, 16, 16, 1024)      │          263,168
├────────────────────────────────┼───────────────────────────┼─────────────────
│ conv4_block4_3_bn              │ (None, 16, 16, 1024)      │            4,096
│ (BatchNormalization)           │                           │                 
├────────────────────────────────┼───────────────────────────┼─────────────────
│ conv4_block4_add (Add)         │ (None, 16, 16, 1024)      │                0
│                                │                           │                 
├────────────────────────────────┼───────────────────────────┼─────────────────
│ conv4_block4_out (Activation)  │ (None, 16, 16, 1024)      │                0
├────────────────────────────────┼───────────────────────────┼─────────────────
│ conv4_block5_1_conv (Conv2D)   │ (None, 16, 16, 256)       │          262,400
├────────────────────────────────┼───────────────────────────┼─────────────────
│ conv4_block5_1_bn              │ (None, 16, 16, 256)       │            1,024
│ (BatchNormalization)           │                           │                 
├────────────────────────────────┼───────────────────────────┼─────────────────
│ conv4_block5_1_relu            │ (None, 16, 16, 256)       │                0
│ (Activation)                   │                           │                 
├────────────────────────────────┼───────────────────────────┼─────────────────
│ conv4_block5_2_conv (Conv2D)   │ (None, 16, 16, 256)       │          590,080
├────────────────────────────────┼───────────────────────────┼─────────────────
│ conv4_block5_2_bn              │ (None, 16, 16, 256)       │            1,024
│ (BatchNormalization)           │                           │                 
├────────────────────────────────┼───────────────────────────┼─────────────────
│ conv4_block5_2_relu            │ (None, 16, 16, 256)       │                0
│ (Activation)                   │                           │                 
├────────────────────────────────┼───────────────────────────┼─────────────────
│ conv4_block5_3_conv (Conv2D)   │ (None, 16, 16, 1024)      │          263,168
├────────────────────────────────┼───────────────────────────┼─────────────────
│ conv4_block5_3_bn              │ (None, 16, 16, 1024)      │            4,096
│ (BatchNormalization)           │                           │                 
├────────────────────────────────┼───────────────────────────┼─────────────────
│ conv4_block5_add (Add)         │ (None, 16, 16, 1024)      │                0
│                                │                           │                 
├────────────────────────────────┼───────────────────────────┼─────────────────
│ conv4_block5_out (Activation)  │ (None, 16, 16, 1024)      │                0
├────────────────────────────────┼───────────────────────────┼─────────────────
│ conv4_block6_1_conv (Conv2D)   │ (None, 16, 16, 256)       │          262,400
├────────────────────────────────┼───────────────────────────┼─────────────────
│ conv4_block6_1_bn              │ (None, 16, 16, 256)       │            1,024
│ (BatchNormalization)           │                           │                 
├────────────────────────────────┼───────────────────────────┼─────────────────
│ conv4_block6_1_relu            │ (None, 16, 16, 256)       │                0
│ (Activation)                   │                           │                 
├────────────────────────────────┼───────────────────────────┼─────────────────
│ conv4_block6_2_conv (Conv2D)   │ (None, 16, 16, 256)       │          590,080
├────────────────────────────────┼───────────────────────────┼─────────────────
│ conv4_block6_2_bn              │ (None, 16, 16, 256)       │            1,024
│ (BatchNormalization)           │                           │                 
├────────────────────────────────┼───────────────────────────┼─────────────────
│ conv4_block6_2_relu            │ (None, 16, 16, 256)       │                0
│ (Activation)                   │                           │                 
├────────────────────────────────┼───────────────────────────┼─────────────────
│ conv4_block6_3_conv (Conv2D)   │ (None, 16, 16, 1024)      │          263,168
├────────────────────────────────┼───────────────────────────┼─────────────────
│ conv4_block6_3_bn              │ (None, 16, 16, 1024)      │            4,096
│ (BatchNormalization)           │                           │                 
├────────────────────────────────┼───────────────────────────┼─────────────────
│ conv4_block6_add (Add)         │ (None, 16, 16, 1024)      │                0
│                                │                           │                 
├────────────────────────────────┼───────────────────────────┼─────────────────
│ conv4_block6_out (Activation)  │ (None, 16, 16, 1024)      │                0
├────────────────────────────────┼───────────────────────────┼─────────────────
│ conv5_block1_1_conv (Conv2D)   │ (None, 8, 8, 512)         │          524,800
├────────────────────────────────┼───────────────────────────┼─────────────────
│ conv5_block1_1_bn              │ (None, 8, 8, 512)         │            2,048
│ (BatchNormalization)           │                           │                 
├────────────────────────────────┼───────────────────────────┼─────────────────
│ conv5_block1_1_relu            │ (None, 8, 8, 512)         │                0
│ (Activation)                   │                           │                 
├────────────────────────────────┼───────────────────────────┼─────────────────
│ conv5_block1_2_conv (Conv2D)   │ (None, 8, 8, 512)         │        2,359,808
├────────────────────────────────┼───────────────────────────┼─────────────────
│ conv5_block1_2_bn              │ (None, 8, 8, 512)         │            2,048
│ (BatchNormalization)           │                           │                 
├────────────────────────────────┼───────────────────────────┼─────────────────
│ conv5_block1_2_relu            │ (None, 8, 8, 512)         │                0
│ (Activation)                   │                           │                 
├────────────────────────────────┼───────────────────────────┼─────────────────
│ conv5_block1_0_conv (Conv2D)   │ (None, 8, 8, 2048)        │        2,099,200
├────────────────────────────────┼───────────────────────────┼─────────────────
│ conv5_block1_3_conv (Conv2D)   │ (None, 8, 8, 2048)        │        1,050,624
├────────────────────────────────┼───────────────────────────┼─────────────────
│ conv5_block1_0_bn              │ (None, 8, 8, 2048)        │            8,192
│ (BatchNormalization)           │                           │                 
├────────────────────────────────┼───────────────────────────┼─────────────────
│ conv5_block1_3_bn              │ (None, 8, 8, 2048)        │            8,192
│ (BatchNormalization)           │                           │                 
├────────────────────────────────┼───────────────────────────┼─────────────────
│ conv5_block1_add (Add)         │ (None, 8, 8, 2048)        │                0
│                                │                           │                 
├────────────────────────────────┼───────────────────────────┼─────────────────
│ conv5_block1_out (Activation)  │ (None, 8, 8, 2048)        │                0
├────────────────────────────────┼───────────────────────────┼─────────────────
│ conv5_block2_1_conv (Conv2D)   │ (None, 8, 8, 512)         │        1,049,088
├────────────────────────────────┼───────────────────────────┼─────────────────
│ conv5_block2_1_bn              │ (None, 8, 8, 512)         │            2,048
│ (BatchNormalization)           │                           │                 
├────────────────────────────────┼───────────────────────────┼─────────────────
│ conv5_block2_1_relu            │ (None, 8, 8, 512)         │                0
│ (Activation)                   │                           │                 
├────────────────────────────────┼───────────────────────────┼─────────────────
│ conv5_block2_2_conv (Conv2D)   │ (None, 8, 8, 512)         │        2,359,808
├────────────────────────────────┼───────────────────────────┼─────────────────
│ conv5_block2_2_bn              │ (None, 8, 8, 512)         │            2,048
│ (BatchNormalization)           │                           │                 
├────────────────────────────────┼───────────────────────────┼─────────────────
│ conv5_block2_2_relu            │ (None, 8, 8, 512)         │                0
│ (Activation)                   │                           │                 
├────────────────────────────────┼───────────────────────────┼─────────────────
│ conv5_block2_3_conv (Conv2D)   │ (None, 8, 8, 2048)        │        1,050,624
├────────────────────────────────┼───────────────────────────┼─────────────────
│ conv5_block2_3_bn              │ (None, 8, 8, 2048)        │            8,192
│ (BatchNormalization)           │                           │                 
├────────────────────────────────┼───────────────────────────┼─────────────────
│ conv5_block2_add (Add)         │ (None, 8, 8, 2048)        │                0
│                                │                           │                 
├────────────────────────────────┼───────────────────────────┼─────────────────
│ conv5_block2_out (Activation)  │ (None, 8, 8, 2048)        │                0
├────────────────────────────────┼───────────────────────────┼─────────────────
│ conv5_block3_1_conv (Conv2D)   │ (None, 8, 8, 512)         │        1,049,088
├────────────────────────────────┼───────────────────────────┼─────────────────
│ conv5_block3_1_bn              │ (None, 8, 8, 512)         │            2,048
│ (BatchNormalization)           │                           │                 
├────────────────────────────────┼───────────────────────────┼─────────────────
│ conv5_block3_1_relu            │ (None, 8, 8, 512)         │                0
│ (Activation)                   │                           │                 
├────────────────────────────────┼───────────────────────────┼─────────────────
│ conv5_block3_2_conv (Conv2D)   │ (None, 8, 8, 512)         │        2,359,808
├────────────────────────────────┼───────────────────────────┼─────────────────
│ conv5_block3_2_bn              │ (None, 8, 8, 512)         │            2,048
│ (BatchNormalization)           │                           │                 
├────────────────────────────────┼───────────────────────────┼─────────────────
│ conv5_block3_2_relu            │ (None, 8, 8, 512)         │                0
│ (Activation)                   │                           │                 
├────────────────────────────────┼───────────────────────────┼─────────────────
│ conv5_block3_3_conv (Conv2D)   │ (None, 8, 8, 2048)        │        1,050,624
├────────────────────────────────┼───────────────────────────┼─────────────────
│ conv5_block3_3_bn              │ (None, 8, 8, 2048)        │            8,192
│ (BatchNormalization)           │                           │                 
├────────────────────────────────┼───────────────────────────┼─────────────────
│ conv5_block3_add (Add)         │ (None, 8, 8, 2048)        │                0
│                                │                           │                 
├────────────────────────────────┼───────────────────────────┼─────────────────
│ conv5_block3_out (Activation)  │ (None, 8, 8, 2048)        │                0
├────────────────────────────────┼───────────────────────────┼─────────────────
│ enc4_conv1 (Conv2D)            │ (None, 8, 8, 128)         │        2,359,296
├────────────────────────────────┼───────────────────────────┼─────────────────
│ enc3_conv1 (Conv2D)            │ (None, 16, 16, 128)       │        1,179,648
├────────────────────────────────┼───────────────────────────┼─────────────────
│ enc4_bn1 (BatchNormalization)  │ (None, 8, 8, 128)         │              512
├────────────────────────────────┼───────────────────────────┼─────────────────
│ enc2_conv1 (Conv2D)            │ (None, 32, 32, 128)       │          589,824
├────────────────────────────────┼───────────────────────────┼─────────────────
│ enc3_bn1 (BatchNormalization)  │ (None, 16, 16, 128)       │              512
├────────────────────────────────┼───────────────────────────┼─────────────────
│ enc4_relu1 (Activation)        │ (None, 8, 8, 128)         │                0
├────────────────────────────────┼───────────────────────────┼─────────────────
│ enc1_conv1 (Conv2D)            │ (None, 64, 64, 128)       │          294,912
├────────────────────────────────┼───────────────────────────┼─────────────────
│ enc2_bn1 (BatchNormalization)  │ (None, 32, 32, 128)       │              512
├────────────────────────────────┼───────────────────────────┼─────────────────
│ enc3_relu1 (Activation)        │ (None, 16, 16, 128)       │                0
├────────────────────────────────┼───────────────────────────┼─────────────────
│ dropout_4 (Dropout)            │ (None, 8, 8, 128)         │                0
├────────────────────────────────┼───────────────────────────┼─────────────────
│ enc0_conv1 (Conv2D)            │ (None, 128, 128, 128)     │           73,728
├────────────────────────────────┼───────────────────────────┼─────────────────
│ enc1_bn1 (BatchNormalization)  │ (None, 64, 64, 128)       │              512
├────────────────────────────────┼───────────────────────────┼─────────────────
│ enc2_relu1 (Activation)        │ (None, 32, 32, 128)       │                0
├────────────────────────────────┼───────────────────────────┼─────────────────
│ dropout_3 (Dropout)            │ (None, 16, 16, 128)       │                0
├────────────────────────────────┼───────────────────────────┼─────────────────
│ enc4_conv2 (Conv2D)            │ (None, 8, 8, 128)         │          147,456
├────────────────────────────────┼───────────────────────────┼─────────────────
│ enc0_bn1 (BatchNormalization)  │ (None, 128, 128, 128)     │              512
├────────────────────────────────┼───────────────────────────┼─────────────────
│ enc1_relu1 (Activation)        │ (None, 64, 64, 128)       │                0
├────────────────────────────────┼───────────────────────────┼─────────────────
│ dropout_2 (Dropout)            │ (None, 32, 32, 128)       │                0
├────────────────────────────────┼───────────────────────────┼─────────────────
│ enc3_conv2 (Conv2D)            │ (None, 16, 16, 128)       │          147,456
├────────────────────────────────┼───────────────────────────┼─────────────────
│ enc4_bn2 (BatchNormalization)  │ (None, 8, 8, 128)         │              512
├────────────────────────────────┼───────────────────────────┼─────────────────
│ enc0_relu1 (Activation)        │ (None, 128, 128, 128)     │                0
├────────────────────────────────┼───────────────────────────┼─────────────────
│ dropout_1 (Dropout)            │ (None, 64, 64, 128)       │                0
├────────────────────────────────┼───────────────────────────┼─────────────────
│ enc2_conv2 (Conv2D)            │ (None, 32, 32, 128)       │          147,456
├────────────────────────────────┼───────────────────────────┼─────────────────
│ enc3_bn2 (BatchNormalization)  │ (None, 16, 16, 128)       │              512
├────────────────────────────────┼───────────────────────────┼─────────────────
│ enc4_relu2 (Activation)        │ (None, 8, 8, 128)         │                0
├────────────────────────────────┼───────────────────────────┼─────────────────
│ dropout (Dropout)              │ (None, 128, 128, 128)     │                0
├────────────────────────────────┼───────────────────────────┼─────────────────
│ enc1_conv2 (Conv2D)            │ (None, 64, 64, 128)       │          147,456
├────────────────────────────────┼───────────────────────────┼─────────────────
│ enc2_bn2 (BatchNormalization)  │ (None, 32, 32, 128)       │              512
├────────────────────────────────┼───────────────────────────┼─────────────────
│ enc3_relu2 (Activation)        │ (None, 16, 16, 128)       │                0
├────────────────────────────────┼───────────────────────────┼─────────────────
│ up_sampling2d_3 (UpSampling2D) │ (None, 16, 16, 128)       │                0
├────────────────────────────────┼───────────────────────────┼─────────────────
│ enc0_conv2 (Conv2D)            │ (None, 128, 128, 128)     │          147,456
├────────────────────────────────┼───────────────────────────┼─────────────────
│ enc1_bn2 (BatchNormalization)  │ (None, 64, 64, 128)       │              512
├────────────────────────────────┼───────────────────────────┼─────────────────
│ enc2_relu2 (Activation)        │ (None, 32, 32, 128)       │                0
├────────────────────────────────┼───────────────────────────┼─────────────────
│ up_sampling2d_2 (UpSampling2D) │ (None, 32, 32, 128)       │                0
├────────────────────────────────┼───────────────────────────┼─────────────────
│ concatenate_3 (Concatenate)    │ (None, 16, 16, 256)       │                0
│                                │                           │                 
├────────────────────────────────┼───────────────────────────┼─────────────────
│ enc0_bn2 (BatchNormalization)  │ (None, 128, 128, 128)     │              512
├────────────────────────────────┼───────────────────────────┼─────────────────
│ enc1_relu2 (Activation)        │ (None, 64, 64, 128)       │                0
├────────────────────────────────┼───────────────────────────┼─────────────────
│ up_sampling2d_1 (UpSampling2D) │ (None, 64, 64, 128)       │                0
├────────────────────────────────┼───────────────────────────┼─────────────────
│ concatenate_2 (Concatenate)    │ (None, 32, 32, 256)       │                0
│                                │                           │                 
├────────────────────────────────┼───────────────────────────┼─────────────────
│ d31_conv1 (Conv2D)             │ (None, 16, 16, 128)       │          294,912
├────────────────────────────────┼───────────────────────────┼─────────────────
│ enc0_relu2 (Activation)        │ (None, 128, 128, 128)     │                0
├────────────────────────────────┼───────────────────────────┼─────────────────
│ up_sampling2d (UpSampling2D)   │ (None, 128, 128, 128)     │                0
├────────────────────────────────┼───────────────────────────┼─────────────────
│ concatenate_1 (Concatenate)    │ (None, 64, 64, 256)       │                0
│                                │                           │                 
├────────────────────────────────┼───────────────────────────┼─────────────────
│ d21_conv1 (Conv2D)             │ (None, 32, 32, 128)       │          294,912
├────────────────────────────────┼───────────────────────────┼─────────────────
│ d31_bn1 (BatchNormalization)   │ (None, 16, 16, 128)       │              512
├────────────────────────────────┼───────────────────────────┼─────────────────
│ concatenate (Concatenate)      │ (None, 128, 128, 256)     │                0
│                                │                           │                 
├────────────────────────────────┼───────────────────────────┼─────────────────
│ d11_conv1 (Conv2D)             │ (None, 64, 64, 128)       │          294,912
├────────────────────────────────┼───────────────────────────┼─────────────────
│ d21_bn1 (BatchNormalization)   │ (None, 32, 32, 128)       │              512
├────────────────────────────────┼───────────────────────────┼─────────────────
│ d31_relu1 (Activation)         │ (None, 16, 16, 128)       │                0
├────────────────────────────────┼───────────────────────────┼─────────────────
│ d01_conv1 (Conv2D)             │ (None, 128, 128, 128)     │          294,912
├────────────────────────────────┼───────────────────────────┼─────────────────
│ d11_bn1 (BatchNormalization)   │ (None, 64, 64, 128)       │              512
├────────────────────────────────┼───────────────────────────┼─────────────────
│ d21_relu1 (Activation)         │ (None, 32, 32, 128)       │                0
├────────────────────────────────┼───────────────────────────┼─────────────────
│ dropout_8 (Dropout)            │ (None, 16, 16, 128)       │                0
├────────────────────────────────┼───────────────────────────┼─────────────────
│ d01_bn1 (BatchNormalization)   │ (None, 128, 128, 128)     │              512
├────────────────────────────────┼───────────────────────────┼─────────────────
│ d11_relu1 (Activation)         │ (None, 64, 64, 128)       │                0
├────────────────────────────────┼───────────────────────────┼─────────────────
│ dropout_7 (Dropout)            │ (None, 32, 32, 128)       │                0
├────────────────────────────────┼───────────────────────────┼─────────────────
│ d31_conv2 (Conv2D)             │ (None, 16, 16, 128)       │          147,456
├────────────────────────────────┼───────────────────────────┼─────────────────
│ d01_relu1 (Activation)         │ (None, 128, 128, 128)     │                0
├────────────────────────────────┼───────────────────────────┼─────────────────
│ dropout_6 (Dropout)            │ (None, 64, 64, 128)       │                0
├────────────────────────────────┼───────────────────────────┼─────────────────
│ d21_conv2 (Conv2D)             │ (None, 32, 32, 128)       │          147,456
├────────────────────────────────┼───────────────────────────┼─────────────────
│ d31_bn2 (BatchNormalization)   │ (None, 16, 16, 128)       │              512
├────────────────────────────────┼───────────────────────────┼─────────────────
│ dropout_5 (Dropout)            │ (None, 128, 128, 128)     │                0
├────────────────────────────────┼───────────────────────────┼─────────────────
│ d11_conv2 (Conv2D)             │ (None, 64, 64, 128)       │          147,456
├────────────────────────────────┼───────────────────────────┼─────────────────
│ d21_bn2 (BatchNormalization)   │ (None, 32, 32, 128)       │              512
├────────────────────────────────┼───────────────────────────┼─────────────────
│ d31_relu2 (Activation)         │ (None, 16, 16, 128)       │                0
├────────────────────────────────┼───────────────────────────┼─────────────────
│ d01_conv2 (Conv2D)             │ (None, 128, 128, 128)     │          147,456
├────────────────────────────────┼───────────────────────────┼─────────────────
│ d11_bn2 (BatchNormalization)   │ (None, 64, 64, 128)       │              512
├────────────────────────────────┼───────────────────────────┼─────────────────
│ d21_relu2 (Activation)         │ (None, 32, 32, 128)       │                0
├────────────────────────────────┼───────────────────────────┼─────────────────
│ up_sampling2d_6 (UpSampling2D) │ (None, 32, 32, 128)       │                0
├────────────────────────────────┼───────────────────────────┼─────────────────
│ d01_bn2 (BatchNormalization)   │ (None, 128, 128, 128)     │              512
├────────────────────────────────┼───────────────────────────┼─────────────────
│ d11_relu2 (Activation)         │ (None, 64, 64, 128)       │                0
├────────────────────────────────┼───────────────────────────┼─────────────────
│ up_sampling2d_5 (UpSampling2D) │ (None, 64, 64, 128)       │                0
├────────────────────────────────┼───────────────────────────┼─────────────────
│ concatenate_6 (Concatenate)    │ (None, 32, 32, 384)       │                0
│                                │                           │                 
│                                │                           │                 
├────────────────────────────────┼───────────────────────────┼─────────────────
│ d01_relu2 (Activation)         │ (None, 128, 128, 128)     │                0
├────────────────────────────────┼───────────────────────────┼─────────────────
│ up_sampling2d_4 (UpSampling2D) │ (None, 128, 128, 128)     │                0
├────────────────────────────────┼───────────────────────────┼─────────────────
│ concatenate_5 (Concatenate)    │ (None, 64, 64, 384)       │                0
│                                │                           │                 
│                                │                           │                 
├────────────────────────────────┼───────────────────────────┼─────────────────
│ d22_conv1 (Conv2D)             │ (None, 32, 32, 128)       │          442,368
├────────────────────────────────┼───────────────────────────┼─────────────────
│ concatenate_4 (Concatenate)    │ (None, 128, 128, 384)     │                0
│                                │                           │                 
│                                │                           │                 
├────────────────────────────────┼───────────────────────────┼─────────────────
│ d12_conv1 (Conv2D)             │ (None, 64, 64, 128)       │          442,368
├────────────────────────────────┼───────────────────────────┼─────────────────
│ d22_bn1 (BatchNormalization)   │ (None, 32, 32, 128)       │              512
├────────────────────────────────┼───────────────────────────┼─────────────────
│ d02_conv1 (Conv2D)             │ (None, 128, 128, 128)     │          442,368
├────────────────────────────────┼───────────────────────────┼─────────────────
│ d12_bn1 (BatchNormalization)   │ (None, 64, 64, 128)       │              512
├────────────────────────────────┼───────────────────────────┼─────────────────
│ d22_relu1 (Activation)         │ (None, 32, 32, 128)       │                0
├────────────────────────────────┼───────────────────────────┼─────────────────
│ d02_bn1 (BatchNormalization)   │ (None, 128, 128, 128)     │              512
├────────────────────────────────┼───────────────────────────┼─────────────────
│ d12_relu1 (Activation)         │ (None, 64, 64, 128)       │                0
├────────────────────────────────┼───────────────────────────┼─────────────────
│ dropout_11 (Dropout)           │ (None, 32, 32, 128)       │                0
├────────────────────────────────┼───────────────────────────┼─────────────────
│ d02_relu1 (Activation)         │ (None, 128, 128, 128)     │                0
├────────────────────────────────┼───────────────────────────┼─────────────────
│ dropout_10 (Dropout)           │ (None, 64, 64, 128)       │                0
├────────────────────────────────┼───────────────────────────┼─────────────────
│ d22_conv2 (Conv2D)             │ (None, 32, 32, 128)       │          147,456
├────────────────────────────────┼───────────────────────────┼─────────────────
│ dropout_9 (Dropout)            │ (None, 128, 128, 128)     │                0
├────────────────────────────────┼───────────────────────────┼─────────────────
│ d12_conv2 (Conv2D)             │ (None, 64, 64, 128)       │          147,456
├────────────────────────────────┼───────────────────────────┼─────────────────
│ d22_bn2 (BatchNormalization)   │ (None, 32, 32, 128)       │              512
├────────────────────────────────┼───────────────────────────┼─────────────────
│ d02_conv2 (Conv2D)             │ (None, 128, 128, 128)     │          147,456
├────────────────────────────────┼───────────────────────────┼─────────────────
│ d12_bn2 (BatchNormalization)   │ (None, 64, 64, 128)       │              512
├────────────────────────────────┼───────────────────────────┼─────────────────
│ d22_relu2 (Activation)         │ (None, 32, 32, 128)       │                0
├────────────────────────────────┼───────────────────────────┼─────────────────
│ d02_bn2 (BatchNormalization)   │ (None, 128, 128, 128)     │              512
├────────────────────────────────┼───────────────────────────┼─────────────────
│ d12_relu2 (Activation)         │ (None, 64, 64, 128)       │                0
├────────────────────────────────┼───────────────────────────┼─────────────────
│ up_sampling2d_8 (UpSampling2D) │ (None, 64, 64, 128)       │                0
├────────────────────────────────┼───────────────────────────┼─────────────────
│ d02_relu2 (Activation)         │ (None, 128, 128, 128)     │                0
├────────────────────────────────┼───────────────────────────┼─────────────────
│ up_sampling2d_7 (UpSampling2D) │ (None, 128, 128, 128)     │                0
├────────────────────────────────┼───────────────────────────┼─────────────────
│ concatenate_8 (Concatenate)    │ (None, 64, 64, 512)       │                0
│                                │                           │                 
│                                │                           │                 
│                                │                           │                 
├────────────────────────────────┼───────────────────────────┼─────────────────
│ concatenate_7 (Concatenate)    │ (None, 128, 128, 512)     │                0
│                                │                           │                 
│                                │                           │                 
│                                │                           │                 
├────────────────────────────────┼───────────────────────────┼─────────────────
│ d13_conv1 (Conv2D)             │ (None, 64, 64, 128)       │          589,824
├────────────────────────────────┼───────────────────────────┼─────────────────
│ d03_conv1 (Conv2D)             │ (None, 128, 128, 128)     │          589,824
├────────────────────────────────┼───────────────────────────┼─────────────────
│ d13_bn1 (BatchNormalization)   │ (None, 64, 64, 128)       │              512
├────────────────────────────────┼───────────────────────────┼─────────────────
│ d03_bn1 (BatchNormalization)   │ (None, 128, 128, 128)     │              512
├────────────────────────────────┼───────────────────────────┼─────────────────
│ d13_relu1 (Activation)         │ (None, 64, 64, 128)       │                0
├────────────────────────────────┼───────────────────────────┼─────────────────
│ d03_relu1 (Activation)         │ (None, 128, 128, 128)     │                0
├────────────────────────────────┼───────────────────────────┼─────────────────
│ dropout_13 (Dropout)           │ (None, 64, 64, 128)       │                0
├────────────────────────────────┼───────────────────────────┼─────────────────
│ dropout_12 (Dropout)           │ (None, 128, 128, 128)     │                0
├────────────────────────────────┼───────────────────────────┼─────────────────
│ d13_conv2 (Conv2D)             │ (None, 64, 64, 128)       │          147,456
├────────────────────────────────┼───────────────────────────┼─────────────────
│ d03_conv2 (Conv2D)             │ (None, 128, 128, 128)     │          147,456
├────────────────────────────────┼───────────────────────────┼─────────────────
│ d13_bn2 (BatchNormalization)   │ (None, 64, 64, 128)       │              512
├────────────────────────────────┼───────────────────────────┼─────────────────
│ d03_bn2 (BatchNormalization)   │ (None, 128, 128, 128)     │              512
├────────────────────────────────┼───────────────────────────┼─────────────────
│ d13_relu2 (Activation)         │ (None, 64, 64, 128)       │                0
├────────────────────────────────┼───────────────────────────┼─────────────────
│ d03_relu2 (Activation)         │ (None, 128, 128, 128)     │                0
├────────────────────────────────┼───────────────────────────┼─────────────────
│ up_sampling2d_9 (UpSampling2D) │ (None, 128, 128, 128)     │                0
├────────────────────────────────┼───────────────────────────┼─────────────────
│ concatenate_9 (Concatenate)    │ (None, 128, 128, 640)     │                0
│                                │                           │                 
│                                │                           │                 
│                                │                           │                 
│                                │                           │                 
├────────────────────────────────┼───────────────────────────┼─────────────────
│ d04_conv1 (Conv2D)             │ (None, 128, 128, 128)     │          737,280
├────────────────────────────────┼───────────────────────────┼─────────────────
│ d04_bn1 (BatchNormalization)   │ (None, 128, 128, 128)     │              512
├────────────────────────────────┼───────────────────────────┼─────────────────
│ d04_relu1 (Activation)         │ (None, 128, 128, 128)     │                0
├────────────────────────────────┼───────────────────────────┼─────────────────
│ dropout_14 (Dropout)           │ (None, 128, 128, 128)     │                0
├────────────────────────────────┼───────────────────────────┼─────────────────
│ d04_conv2 (Conv2D)             │ (None, 128, 128, 128)     │          147,456
├────────────────────────────────┼───────────────────────────┼─────────────────
│ d04_bn2 (BatchNormalization)   │ (None, 128, 128, 128)     │              512
├────────────────────────────────┼───────────────────────────┼─────────────────
│ d04_relu2 (Activation)         │ (None, 128, 128, 128)     │                0
├────────────────────────────────┼───────────────────────────┼─────────────────
│ up_sampling2d_10               │ (None, 256, 256, 128)     │                0
│ (UpSampling2D)                 │                           │                 
├────────────────────────────────┼───────────────────────────┼─────────────────
│ seg_output (Conv2D)            │ (None, 256, 256, 1)       │              129
└────────────────────────────────┴───────────────────────────┴─────────────────
 Total params: 34,736,129 (132.51 MB)
 Trainable params: 34,675,329 (132.28 MB)
 Non-trainable params: 60,800 (237.50 KB)

      Trainable parameters     : 34,675,329
      Non-trainable parameters : 60,800

[3/5] Compiling …

[4/5] Training …
      Epochs     : 100
      Batch size : 4
      LR         : 5e-05
Epoch 1/100

[1m  1/125[0m [37m━━━━━━━━━━━━━━━━━━━━[0m [1m9:49:19[0m 285s/step - accuracy: 0.3097 - dice_coeff: 0.5415 - iou_score: 0.1940 - loss: 1.3316 - precision: 0.7902 - recall: 0.2046
[1m  2/125[0m [37m━━━━━━━━━━━━━━━━━━━━[0m [1m39:50[0m 19s/step - accuracy: 0.3254 - dice_coeff: 0.5476 - iou_score: 0.2138 - loss: 1.3185 - precision: 0.8125 - recall: 0.2244   
[1m  3/125[0m [37m━━━━━━━━━━━━━━━━━━━━[0m [1m33:31[0m 16s/step - accuracy: 0.3457 - dice_coeff: 0.5529 - iou_score: 0.2378 - loss: 1.3067 - precision: 0.8239 - recall: 0.2499
[1m  4/125[0m [37m━━━━━━━━━━━━━━━━━━━━[0m [1m31:37[0m 16s/step - accuracy: 0.3653 - dice_coeff: 0.5581 - iou_score: 0.2613 - loss: 1.2961 - precision: 0.8331 - recall: 0.2747
[1m  5/125[0m [37m━━━━━━━━━━━━━━━━━━━━[0m [1m30:32[0m 15s/step - accuracy: 0.3826 - dice_coeff: 0.5629 - iou_score: 0.2819 - loss: 1.2879 - precision: 0.8411 - recall: 0.2963
[1m  6/125[0m [37m━━━━━━━━━━━━━━━━━━━━[0m [1m29:44[0m 15s/step - accuracy: 0.3976 - dice_coeff: 0.5671 - iou_score: 0.2999 - loss: 1.2810 - precision: 0.8474 - recall: 0.3153
[1m  7/125[0m [32m━[0m[37m━━━━━━━━━━━━━━━━━━━[0m [1m29:13[0m 15s/step - accuracy: 0.4111 - dice_coeff: 0.5711 - iou_score: 0.3162 - loss: 1.2738 - precision: 0.8528 - recall: 0.3323
[1m  8/125[0m [32m━[0m[37m━━━━━━━━━━━━━━━━━━━[0m [1m28:41[0m 15s/step - accuracy: 0.4235 - dice_coeff: 0.5749 - iou_score: 0.3310 - loss: 1.2662 - precision: 0.8572 - recall: 0.3481
[1m  9/125[0m [32m━[0m[37m━━━━━━━━━━━━━━━━━━━[0m [1m28:22[0m 15s/step - accuracy: 0.4348 - dice_coeff: 0.5784 - iou_score: 0.3444 - loss: 1.2589 - precision: 0.8607 - recall: 0.3623
[1m 10/125[0m [32m━[0m[37m━━━━━━━━━━━━━━━━━━━[0m [1m27:58[0m 15s/step - accuracy: 0.4447 - dice_coeff: 0.5816 - iou_score: 0.3562 - loss: 1.2518 - precision: 0.8637 - recall: 0.3750
[1m 11/125[0m [32m━[0m[37m━━━━━━━━━━━━━━━━━━━[0m [1m27:41[0m 15s/step - accuracy: 0.4541 - dice_coeff: 0.5846 - iou_score: 0.3673 - loss: 1.2447 - precision: 0.8662 - recall: 0.3869
[1m 12/125[0m [32m━[0m[37m━━━━━━━━━━━━━━━━━━━[0m [1m27:22[0m 15s/step - accuracy: 0.4628 - dice_coeff: 0.5875 - iou_score: 0.3776 - loss: 1.2377 - precision: 0.8686 - recall: 0.3980
[1m 13/125[0m [32m━━[0m[37m━━━━━━━━━━━━━━━━━━[0m [1m27:02[0m 14s/step - accuracy: 0.4710 - dice_coeff: 0.5903 - iou_score: 0.3874 - loss: 1.2307 - precision: 0.8707 - recall: 0.4085
[1m 14/125[0m [32m━━[0m[37m━━━━━━━━━━━━━━━━━━[0m [1m26:46[0m 14s/step - accuracy: 0.4790 - dice_coeff: 0.5930 - iou_score: 0.3967 - loss: 1.2236 - precision: 0.8726 - recall: 0.4185
[1m 15/125[0m [32m━━[0m[37m━━━━━━━━━━━━━━━━━━[0m [1m26:27[0m 14s/step - accuracy: 0.4866 - dice_coeff: 0.5957 - iou_score: 0.4057 - loss: 1.2166 - precision: 0.8743 - recall: 0.4282
[1m 16/125[0m [32m━━[0m[37m━━━━━━━━━━━━━━━━━━[0m [1m26:08[0m 14s/step - accuracy: 0.4940 - dice_coeff: 0.5984 - iou_score: 0.4144 - loss: 1.2096 - precision: 0.8759 - recall: 0.4376
[1m 17/125[0m [32m━━[0m[37m━━━━━━━━━━━━━━━━━━[0m [1m25:51[0m 14s/step - accuracy: 0.5013 - dice_coeff: 0.6010 - iou_score: 0.4230 - loss: 1.2027 - precision: 0.8774 - recall: 0.4469
[1m 18/125[0m [32m━━[0m[37m━━━━━━━━━━━━━━━━━━[0m [1m25:34[0m 14s/step - accuracy: 0.5084 - dice_coeff: 0.6036 - iou_score: 0.4313 - loss: 1.1957 - precision: 0.8787 - recall: 0.4560
[1m 19/125[0m [32m━━━[0m[37m━━━━━━━━━━━━━━━━━[0m [1m25:19[0m 14s/step - accuracy: 0.5153 - dice_coeff: 0.6062 - iou_score: 0.4394 - loss: 1.1888 - precision: 0.8799 - recall: 0.4649
[1m 20/125[0m [32m━━━[0m[37m━━━━━━━━━━━━━━━━━[0m [1m25:03[0m 14s/step - accuracy: 0.5220 - dice_coeff: 0.6087 - iou_score: 0.4473 - loss: 1.1820 - precision: 0.8810 - recall: 0.4735
[1m 21/125[0m [32m━━━[0m[37m━━━━━━━━━━━━━━━━━[0m [1m24:47[0m 14s/step - accuracy: 0.5284 - dice_coeff: 0.6112 - iou_score: 0.4549 - loss: 1.1756 - precision: 0.8820 - recall: 0.4819
[1m 22/125[0m [32m━━━[0m[37m━━━━━━━━━━━━━━━━━[0m [1m24:32[0m 14s/step - accuracy: 0.5347 - dice_coeff: 0.6137 - iou_score: 0.4622 - loss: 1.1692 - precision: 0.8828 - recall: 0.4900
[1m 23/125[0m [32m━━━[0m[37m━━━━━━━━━━━━━━━━━[0m [1m24:18[0m 14s/step - accuracy: 0.5407 - dice_coeff: 0.6161 - iou_score: 0.4692 - loss: 1.1629 - precision: 0.8836 - recall: 0.4979
[1m 24/125[0m [32m━━━[0m[37m━━━━━━━━━━━━━━━━━[0m [1m24:04[0m 14s/step - accuracy: 0.5465 - dice_coeff: 0.6186 - iou_score: 0.4761 - loss: 1.1566 - precision: 0.8844 - recall: 0.5055
[1m 25/125[0m [32m━━━━[0m[37m━━━━━━━━━━━━━━━━[0m [1m23:49[0m 14s/step - accuracy: 0.5521 - dice_coeff: 0.6209 - iou_score: 0.4827 - loss: 1.1504 - precision: 0.8851 - recall: 0.5129
[1m 26/125[0m [32m━━━━[0m[37m━━━━━━━━━━━━━━━━[0m [1m23:34[0m 14s/step - accuracy: 0.5575 - dice_coeff: 0.6232 - iou_score: 0.4890 - loss: 1.1446 - precision: 0.8857 - recall: 0.5199
[1m 27/125[0m [32m━━━━[0m[37m━━━━━━━━━━━━━━━━[0m [1m23:20[0m 14s/step - accuracy: 0.5626 - dice_coeff: 0.6255 - iou_score: 0.4951 - loss: 1.1388 - precision: 0.8863 - recall: 0.5267
[1m 28/125[0m [32m━━━━[0m[37m━━━━━━━━━━━━━━━━[0m [1m23:05[0m 14s/step - accuracy: 0.5676 - dice_coeff: 0.6277 - iou_score: 0.5009 - loss: 1.1332 - precision: 0.8868 - recall: 0.5333
[1m 29/125[0m [32m━━━━[0m[37m━━━━━━━━━━━━━━━━[0m [1m22:50[0m 14s/step - accuracy: 0.5723 - dice_coeff: 0.6299 - iou_score: 0.5065 - loss: 1.1278 - precision: 0.8873 - recall: 0.5397
[1m 30/125[0m [32m━━━━[0m[37m━━━━━━━━━━━━━━━━[0m [1m22:35[0m 14s/step - accuracy: 0.5770 - dice_coeff: 0.6320 - iou_score: 0.5120 - loss: 1.1224 - precision: 0.8878 - recall: 0.5458
[1m 31/125[0m [32m━━━━[0m[37m━━━━━━━━━━━━━━━━[0m [1m22:21[0m 14s/step - accuracy: 0.5815 - dice_coeff: 0.6340 - iou_score: 0.5173 - loss: 1.1171 - precision: 0.8883 - recall: 0.5518
[1m 32/125[0m [32m━━━━━[0m[37m━━━━━━━━━━━━━━━[0m [1m22:07[0m 14s/step - accuracy: 0.5858 - dice_coeff: 0.6361 - iou_score: 0.5224 - loss: 1.1119 - precision: 0.8887 - recall: 0.5575
[1m 33/125[0m [32m━━━━━[0m[37m━━━━━━━━━━━━━━━[0m [1m21:53[0m 14s/step - accuracy: 0.5901 - dice_coeff: 0.6381 - iou_score: 0.5274 - loss: 1.1068 - precision: 0.8891 - recall: 0.5631
[1m 34/125[0m [32m━━━━━[0m[37m━━━━━━━━━━━━━━━[0m [1m21:38[0m 14s/step - accuracy: 0.5942 - dice_coeff: 0.6400 - iou_score: 0.5322 - loss: 1.1018 - precision: 0.8895 - recall: 0.5686
[1m 35/125[0m [32m━━━━━[0m[37m━━━━━━━━━━━━━━━[0m [1m21:23[0m 14s/step - accuracy: 0.5981 - dice_coeff: 0.6419 - iou_score: 0.5369 - loss: 1.0968 - precision: 0.8899 - recall: 0.5739
[1m 36/125[0m [32m━━━━━[0m[37m━━━━━━━━━━━━━━━[0m [1m21:09[0m 14s/step - accuracy: 0.6020 - dice_coeff: 0.6438 - iou_score: 0.5414 - loss: 1.0920 - precision: 0.8903 - recall: 0.5789
[1m 37/125[0m [32m━━━━━[0m[37m━━━━━━━━━━━━━━━[0m [1m20:55[0m 14s/step - accuracy: 0.6057 - dice_coeff: 0.6456 - iou_score: 0.5458 - loss: 1.0873 - precision: 0.8907 - recall: 0.5839
[1m 38/125[0m [32m━━━━━━[0m[37m━━━━━━━━━━━━━━[0m [1m20:42[0m 14s/step - accuracy: 0.6093 - dice_coeff: 0.6474 - iou_score: 0.5500 - loss: 1.0827 - precision: 0.8910 - recall: 0.5887
[1m 39/125[0m [32m━━━━━━[0m[37m━━━━━━━━━━━━━━[0m [1m20:27[0m 14s/step - accuracy: 0.6129 - dice_coeff: 0.6492 - iou_score: 0.5542 - loss: 1.0780 - precision: 0.8913 - recall: 0.5934
[1m 40/125[0m [32m━━━━━━[0m[37m━━━━━━━━━━━━━━[0m [1m20:12[0m 14s/step - accuracy: 0.6163 - dice_coeff: 0.6510 - iou_score: 0.5582 - loss: 1.0735 - precision: 0.8917 - recall: 0.5979
[1m 41/125[0m [32m━━━━━━[0m[37m━━━━━━━━━━━━━━[0m [1m19:58[0m 14s/step - accuracy: 0.6196 - dice_coeff: 0.6527 - iou_score: 0.5621 - loss: 1.0690 - precision: 0.8920 - recall: 0.6023
[1m 42/125[0m [32m━━━━━━[0m[37m━━━━━━━━━━━━━━[0m [1m19:44[0m 14s/step - accuracy: 0.6229 - dice_coeff: 0.6544 - iou_score: 0.5660 - loss: 1.0645 - precision: 0.8923 - recall: 0.6066
[1m 43/125[0m [32m━━━━━━[0m[37m━━━━━━━━━━━━━━[0m [1m19:30[0m 14s/step - accuracy: 0.6261 - dice_coeff: 0.6561 - iou_score: 0.5697 - loss: 1.0601 - precision: 0.8926 - recall: 0.6108
[1m 44/125[0m [32m━━━━━━━[0m[37m━━━━━━━━━━━━━[0m [1m19:15[0m 14s/step - accuracy: 0.6292 - dice_coeff: 0.6578 - iou_score: 0.5733 - loss: 1.0558 - precision: 0.8928 - recall: 0.6149
[1m 45/125[0m [32m━━━━━━━[0m[37m━━━━━━━━━━━━━[0m [1m19:01[0m 14s/step - accuracy: 0.6322 - dice_coeff: 0.6594 - iou_score: 0.5769 - loss: 1.0514 - precision: 0.8931 - recall: 0.6189
[1m 46/125[0m [32m━━━━━━━[0m[37m━━━━━━━━━━━━━[0m [1m18:47[0m 14s/step - accuracy: 0.6351 - dice_coeff: 0.6610 - iou_score: 0.5803 - loss: 1.0472 - precision: 0.8934 - recall: 0.6228
[1m 47/125[0m [32m━━━━━━━[0m[37m━━━━━━━━━━━━━[0m [1m18:32[0m 14s/step - accuracy: 0.6380 - dice_coeff: 0.6626 - iou_score: 0.5837 - loss: 1.0429 - precision: 0.8936 - recall: 0.6266
[1m 48/125[0m [32m━━━━━━━[0m[37m━━━━━━━━━━━━━[0m [1m18:18[0m 14s/step - accuracy: 0.6408 - dice_coeff: 0.6642 - iou_score: 0.5870 - loss: 1.0388 - precision: 0.8939 - recall: 0.6303
[1m 49/125[0m [32m━━━━━━━[0m[37m━━━━━━━━━━━━━[0m [1m18:04[0m 14s/step - accuracy: 0.6435 - dice_coeff: 0.6657 - iou_score: 0.5902 - loss: 1.0347 - precision: 0.8941 - recall: 0.6339
[1m 50/125[0m [32m━━━━━━━━[0m[37m━━━━━━━━━━━━[0m [1m17:49[0m 14s/step - accuracy: 0.6462 - dice_coeff: 0.6672 - iou_score: 0.5933 - loss: 1.0306 - precision: 0.8943 - recall: 0.6375
[1m 51/125[0m [32m━━━━━━━━[0m[37m━━━━━━━━━━━━[0m [1m17:35[0m 14s/step - accuracy: 0.6488 - dice_coeff: 0.6687 - iou_score: 0.5964 - loss: 1.0266 - precision: 0.8945 - recall: 0.6409
[1m 52/125[0m [32m━━━━━━━━[0m[37m━━━━━━━━━━━━[0m [1m17:20[0m 14s/step - accuracy: 0.6513 - dice_coeff: 0.6702 - iou_score: 0.5993 - loss: 1.0226 - precision: 0.8948 - recall: 0.6443
[1m 53/125[0m [32m━━━━━━━━[0m[37m━━━━━━━━━━━━[0m [1m17:06[0m 14s/step - accuracy: 0.6538 - dice_coeff: 0.6716 - iou_score: 0.6022 - loss: 1.0187 - precision: 0.8949 - recall: 0.6476
[1m 54/125[0m [32m━━━━━━━━[0m[37m━━━━━━━━━━━━[0m [1m16:52[0m 14s/step - accuracy: 0.6562 - dice_coeff: 0.6731 - iou_score: 0.6051 - loss: 1.0149 - precision: 0.8951 - recall: 0.6508
[1m 55/125[0m [32m━━━━━━━━[0m[37m━━━━━━━━━━━━[0m [1m16:38[0m 14s/step - accuracy: 0.6586 - dice_coeff: 0.6745 - iou_score: 0.6078 - loss: 1.0111 - precision: 0.8953 - recall: 0.6539
[1m 56/125[0m [32m━━━━━━━━[0m[37m━━━━━━━━━━━━[0m [1m16:23[0m 14s/step - accuracy: 0.6609 - dice_coeff: 0.6759 - iou_score: 0.6105 - loss: 1.0074 - precision: 0.8955 - recall: 0.6570
[1m 57/125[0m [32m━━━━━━━━━[0m[37m━━━━━━━━━━━[0m [1m16:09[0m 14s/step - accuracy: 0.6632 - dice_coeff: 0.6772 - iou_score: 0.6132 - loss: 1.0037 - precision: 0.8957 - recall: 0.6600
[1m 58/125[0m [32m━━━━━━━━━[0m[37m━━━━━━━━━━━[0m [1m15:54[0m 14s/step - accuracy: 0.6654 - dice_coeff: 0.6786 - iou_score: 0.6158 - loss: 1.0000 - precision: 0.8958 - recall: 0.6630
[1m 59/125[0m [32m━━━━━━━━━[0m[37m━━━━━━━━━━━[0m [1m15:40[0m 14s/step - accuracy: 0.6675 - dice_coeff: 0.6799 - iou_score: 0.6183 - loss: 0.9965 - precision: 0.8960 - recall: 0.6658
[1m 60/125[0m [32m━━━━━━━━━[0m[37m━━━━━━━━━━━[0m [1m15:26[0m 14s/step - accuracy: 0.6696 - dice_coeff: 0.6812 - iou_score: 0.6208 - loss: 0.9929 - precision: 0.8961 - recall: 0.6686
[1m 61/125[0m [32m━━━━━━━━━[0m[37m━━━━━━━━━━━[0m [1m15:11[0m 14s/step - accuracy: 0.6717 - dice_coeff: 0.6825 - iou_score: 0.6232 - loss: 0.9894 - precision: 0.8963 - recall: 0.6714
[1m 62/125[0m [32m━━━━━━━━━[0m[37m━━━━━━━━━━━[0m [1m14:57[0m 14s/step - accuracy: 0.6737 - dice_coeff: 0.6837 - iou_score: 0.6256 - loss: 0.9860 - precision: 0.8964 - recall: 0.6741
[1m 63/125[0m [32m━━━━━━━━━━[0m[37m━━━━━━━━━━[0m [1m14:43[0m 14s/step - accuracy: 0.6757 - dice_coeff: 0.6850 - iou_score: 0.6279 - loss: 0.9826 - precision: 0.8966 - recall: 0.6768
[1m 64/125[0m [32m━━━━━━━━━━[0m[37m━━━━━━━━━━[0m [1m14:28[0m 14s/step - accuracy: 0.6777 - dice_coeff: 0.6862 - iou_score: 0.6302 - loss: 0.9793 - precision: 0.8967 - recall: 0.6793
[1m 65/125[0m [32m━━━━━━━━━━[0m[37m━━━━━━━━━━[0m [1m14:14[0m 14s/step - accuracy: 0.6796 - dice_coeff: 0.6874 - iou_score: 0.6324 - loss: 0.9759 - precision: 0.8968 - recall: 0.6819
[1m 66/125[0m [32m━━━━━━━━━━[0m[37m━━━━━━━━━━[0m [1m13:59[0m 14s/step - accuracy: 0.6814 - dice_coeff: 0.6886 - iou_score: 0.6346 - loss: 0.9727 - precision: 0.8970 - recall: 0.6844
[1m 67/125[0m [32m━━━━━━━━━━[0m[37m━━━━━━━━━━[0m [1m13:39[0m 14s/step - accuracy: 0.6833 - dice_coeff: 0.6898 - iou_score: 0.6367 - loss: 0.9694 - precision: 0.8971 - recall: 0.6868
[1m 68/125[0m [32m━━━━━━━━━━[0m[37m━━━━━━━━━━[0m [1m13:24[0m 14s/step - accuracy: 0.6851 - dice_coeff: 0.6910 - iou_score: 0.6388 - loss: 0.9663 - precision: 0.8972 - recall: 0.6892
[1m 69/125[0m [32m━━━━━━━━━━━[0m[37m━━━━━━━━━[0m [1m13:10[0m 14s/step - accuracy: 0.6868 - dice_coeff: 0.6921 - iou_score: 0.6409 - loss: 0.9631 - precision: 0.8973 - recall: 0.6916
[1m 70/125[0m [32m━━━━━━━━━━━[0m[37m━━━━━━━━━[0m [1m12:56[0m 14s/step - accuracy: 0.6885 - dice_coeff: 0.6932 - iou_score: 0.6429 - loss: 0.9600 - precision: 0.8974 - recall: 0.6939
[1m 71/125[0m [32m━━━━━━━━━━━[0m[37m━━━━━━━━━[0m [1m12:43[0m 14s/step - accuracy: 0.6902 - dice_coeff: 0.6944 - iou_score: 0.6449 - loss: 0.9569 - precision: 0.8975 - recall: 0.6962
[1m 72/125[0m [32m━━━━━━━━━━━[0m[37m━━━━━━━━━[0m [1m12:29[0m 14s/step - accuracy: 0.6919 - dice_coeff: 0.6955 - iou_score: 0.6468 - loss: 0.9539 - precision: 0.8976 - recall: 0.6984
[1m 73/125[0m [32m━━━━━━━━━━━[0m[37m━━━━━━━━━[0m [1m12:16[0m 14s/step - accuracy: 0.6935 - dice_coeff: 0.6965 - iou_score: 0.6487 - loss: 0.9509 - precision: 0.8977 - recall: 0.7006
[1m 74/125[0m [32m━━━━━━━━━━━[0m[37m━━━━━━━━━[0m [1m12:02[0m 14s/step - accuracy: 0.6951 - dice_coeff: 0.6976 - iou_score: 0.6506 - loss: 0.9479 - precision: 0.8978 - recall: 0.7028
[1m 75/125[0m [32m━━━━━━━━━━━━[0m[37m━━━━━━━━[0m [1m11:48[0m 14s/step - accuracy: 0.6966 - dice_coeff: 0.6987 - iou_score: 0.6524 - loss: 0.9450 - precision: 0.8978 - recall: 0.7049
[1m 76/125[0m [32m━━━━━━━━━━━━[0m[37m━━━━━━━━[0m [1m11:34[0m 14s/step - accuracy: 0.6982 - dice_coeff: 0.6997 - iou_score: 0.6542 - loss: 0.9421 - precision: 0.8979 - recall: 0.7070
[1m 77/125[0m [32m━━━━━━━━━━━━[0m[37m━━━━━━━━[0m [1m11:16[0m 14s/step - accuracy: 0.6997 - dice_coeff: 0.7007 - iou_score: 0.6560 - loss: 0.9393 - precision: 0.8980 - recall: 0.7090
[1m 78/125[0m [32m━━━━━━━━━━━━[0m[37m━━━━━━━━[0m [1m11:00[0m 14s/step - accuracy: 0.7012 - dice_coeff: 0.7018 - iou_score: 0.6577 - loss: 0.9364 - precision: 0.8981 - recall: 0.7110
[1m 79/125[0m [32m━━━━━━━━━━━━[0m[37m━━━━━━━━[0m [1m10:46[0m 14s/step - accuracy: 0.7027 - dice_coeff: 0.7028 - iou_score: 0.6594 - loss: 0.9337 - precision: 0.8982 - recall: 0.7130
[1m 80/125[0m [32m━━━━━━━━━━━━[0m[37m━━━━━━━━[0m [1m10:32[0m 14s/step - accuracy: 0.7041 - dice_coeff: 0.7038 - iou_score: 0.6611 - loss: 0.9309 - precision: 0.8982 - recall: 0.7149
[1m 81/125[0m [32m━━━━━━━━━━━━[0m[37m━━━━━━━━[0m [1m10:17[0m 14s/step - accuracy: 0.7055 - dice_coeff: 0.7047 - iou_score: 0.6628 - loss: 0.9282 - precision: 0.8983 - recall: 0.7168
[1m 82/125[0m [32m━━━━━━━━━━━━━[0m[37m━━━━━━━[0m [1m10:03[0m 14s/step - accuracy: 0.7069 - dice_coeff: 0.7057 - iou_score: 0.6644 - loss: 0.9255 - precision: 0.8984 - recall: 0.7187
[1m 83/125[0m [32m━━━━━━━━━━━━━[0m[37m━━━━━━━[0m [1m9:49[0m 14s/step - accuracy: 0.7082 - dice_coeff: 0.7067 - iou_score: 0.6660 - loss: 0.9228 - precision: 0.8984 - recall: 0.7206 
[1m 84/125[0m [32m━━━━━━━━━━━━━[0m[37m━━━━━━━[0m [1m9:35[0m 14s/step - accuracy: 0.7096 - dice_coeff: 0.7076 - iou_score: 0.6676 - loss: 0.9202 - precision: 0.8985 - recall: 0.7224
[1m 85/125[0m [32m━━━━━━━━━━━━━[0m[37m━━━━━━━[0m [1m9:21[0m 14s/step - accuracy: 0.7109 - dice_coeff: 0.7086 - iou_score: 0.6691 - loss: 0.9176 - precision: 0.8986 - recall: 0.7242
[1m 86/125[0m [32m━━━━━━━━━━━━━[0m[37m━━━━━━━[0m [1m9:07[0m 14s/step - accuracy: 0.7122 - dice_coeff: 0.7095 - iou_score: 0.6706 - loss: 0.9150 - precision: 0.8986 - recall: 0.7259
[1m 87/125[0m [32m━━━━━━━━━━━━━[0m[37m━━━━━━━[0m [1m8:53[0m 14s/step - accuracy: 0.7135 - dice_coeff: 0.7104 - iou_score: 0.6721 - loss: 0.9125 - precision: 0.8987 - recall: 0.7276
[1m 88/125[0m [32m━━━━━━━━━━━━━━[0m[37m━━━━━━[0m [1m8:39[0m 14s/step - accuracy: 0.7147 - dice_coeff: 0.7113 - iou_score: 0.6736 - loss: 0.9100 - precision: 0.8987 - recall: 0.7293
[1m 89/125[0m [32m━━━━━━━━━━━━━━[0m[37m━━━━━━[0m [1m8:25[0m 14s/step - accuracy: 0.7160 - dice_coeff: 0.7122 - iou_score: 0.6750 - loss: 0.9075 - precision: 0.8988 - recall: 0.7310
[1m 90/125[0m [32m━━━━━━━━━━━━━━[0m[37m━━━━━━[0m [1m8:10[0m 14s/step - accuracy: 0.7172 - dice_coeff: 0.7131 - iou_score: 0.6764 - loss: 0.9050 - precision: 0.8989 - recall: 0.7327
[1m 91/125[0m [32m━━━━━━━━━━━━━━[0m[37m━━━━━━[0m [1m7:56[0m 14s/step - accuracy: 0.7184 - dice_coeff: 0.7139 - iou_score: 0.6779 - loss: 0.9026 - precision: 0.8989 - recall: 0.7343
[1m 92/125[0m [32m━━━━━━━━━━━━━━[0m[37m━━━━━━[0m [1m7:42[0m 14s/step - accuracy: 0.7196 - dice_coeff: 0.7148 - iou_score: 0.6792 - loss: 0.9002 - precision: 0.8990 - recall: 0.7359
[1m 93/125[0m [32m━━━━━━━━━━━━━━[0m[37m━━━━━━[0m [1m7:28[0m 14s/step - accuracy: 0.7207 - dice_coeff: 0.7156 - iou_score: 0.6806 - loss: 0.8978 - precision: 0.8990 - recall: 0.7375
[1m 94/125[0m [32m━━━━━━━━━━━━━━━[0m[37m━━━━━[0m [1m7:14[0m 14s/step - accuracy: 0.7219 - dice_coeff: 0.7165 - iou_score: 0.6819 - loss: 0.8954 - precision: 0.8991 - recall: 0.7390
[1m 95/125[0m [32m━━━━━━━━━━━━━━━[0m[37m━━━━━[0m [1m7:00[0m 14s/step - accuracy: 0.7230 - dice_coeff: 0.7173 - iou_score: 0.6833 - loss: 0.8931 - precision: 0.8991 - recall: 0.7405
[1m 96/125[0m [32m━━━━━━━━━━━━━━━[0m[37m━━━━━[0m [1m6:46[0m 14s/step - accuracy: 0.7241 - dice_coeff: 0.7181 - iou_score: 0.6846 - loss: 0.8908 - precision: 0.8992 - recall: 0.7420
[1m 97/125[0m [32m━━━━━━━━━━━━━━━[0m[37m━━━━━[0m [1m6:32[0m 14s/step - accuracy: 0.7252 - dice_coeff: 0.7190 - iou_score: 0.6858 - loss: 0.8885 - precision: 0.8992 - recall: 0.7435
[1m 98/125[0m [32m━━━━━━━━━━━━━━━[0m[37m━━━━━[0m [1m6:18[0m 14s/step - accuracy: 0.7263 - dice_coeff: 0.7198 - iou_score: 0.6871 - loss: 0.8863 - precision: 0.8993 - recall: 0.7450
[1m 99/125[0m [32m━━━━━━━━━━━━━━━[0m[37m━━━━━[0m [1m6:04[0m 14s/step - accuracy: 0.7273 - dice_coeff: 0.7206 - iou_score: 0.6883 - loss: 0.8840 - precision: 0.8993 - recall: 0.7464
[1m100/125[0m [32m━━━━━━━━━━━━━━━━[0m[37m━━━━[0m [1m5:50[0m 14s/step - accuracy: 0.7284 - dice_coeff: 0.7214 - iou_score: 0.6896 - loss: 0.8818 - precision: 0.8994 - recall: 0.7479
[1m101/125[0m [32m━━━━━━━━━━━━━━━━[0m[37m━━━━[0m [1m5:36[0m 14s/step - accuracy: 0.7294 - dice_coeff: 0.7221 - iou_score: 0.6908 - loss: 0.8797 - precision: 0.8994 - recall: 0.7493
[1m102/125[0m [32m━━━━━━━━━━━━━━━━[0m[37m━━━━[0m [1m5:22[0m 14s/step - accuracy: 0.7305 - dice_coeff: 0.7229 - iou_score: 0.6920 - loss: 0.8775 - precision: 0.8995 - recall: 0.7506
[1m103/125[0m [32m━━━━━━━━━━━━━━━━[0m[37m━━━━[0m [1m5:08[0m 14s/step - accuracy: 0.7315 - dice_coeff: 0.7237 - iou_score: 0.6932 - loss: 0.8753 - precision: 0.8995 - recall: 0.7520
[1m104/125[0m [32m━━━━━━━━━━━━━━━━[0m[37m━━━━[0m [1m4:54[0m 14s/step - accuracy: 0.7325 - dice_coeff: 0.7244 - iou_score: 0.6943 - loss: 0.8732 - precision: 0.8996 - recall: 0.7534
[1m105/125[0m [32m━━━━━━━━━━━━━━━━[0m[37m━━━━[0m [1m4:40[0m 14s/step - accuracy: 0.7334 - dice_coeff: 0.7252 - iou_score: 0.6955 - loss: 0.8711 - precision: 0.8996 - recall: 0.7547
[1m106/125[0m [32m━━━━━━━━━━━━━━━━[0m[37m━━━━[0m [1m4:26[0m 14s/step - accuracy: 0.7344 - dice_coeff: 0.7259 - iou_score: 0.6966 - loss: 0.8690 - precision: 0.8997 - recall: 0.7560
[1m107/125[0m [32m━━━━━━━━━━━━━━━━━[0m[37m━━━[0m [1m4:12[0m 14s/step - accuracy: 0.7353 - dice_coeff: 0.7266 - iou_score: 0.6977 - loss: 0.8670 - precision: 0.8997 - recall: 0.7573
[1m108/125[0m [32m━━━━━━━━━━━━━━━━━[0m[37m━━━[0m [1m3:58[0m 14s/step - accuracy: 0.7363 - dice_coeff: 0.7274 - iou_score: 0.6988 - loss: 0.8649 - precision: 0.8997 - recall: 0.7586
[1m109/125[0m [32m━━━━━━━━━━━━━━━━━[0m[37m━━━[0m [1m3:44[0m 14s/step - accuracy: 0.7372 - dice_coeff: 0.7281 - iou_score: 0.6999 - loss: 0.8629 - precision: 0.8998 - recall: 0.7598
[1m110/125[0m [32m━━━━━━━━━━━━━━━━━[0m[37m━━━[0m [1m3:30[0m 14s/step - accuracy: 0.7381 - dice_coeff: 0.7288 - iou_score: 0.7010 - loss: 0.8609 - precision: 0.8998 - recall: 0.7611
[1m111/125[0m [32m━━━━━━━━━━━━━━━━━[0m[37m━━━[0m [1m3:16[0m 14s/step - accuracy: 0.7390 - dice_coeff: 0.7295 - iou_score: 0.7020 - loss: 0.8589 - precision: 0.8999 - recall: 0.7623
[1m112/125[0m [32m━━━━━━━━━━━━━━━━━[0m[37m━━━[0m [1m3:02[0m 14s/step - accuracy: 0.7399 - dice_coeff: 0.7302 - iou_score: 0.7031 - loss: 0.8570 - precision: 0.8999 - recall: 0.7635
[1m113/125[0m [32m━━━━━━━━━━━━━━━━━━[0m[37m━━[0m [1m2:48[0m 14s/step - accuracy: 0.7408 - dice_coeff: 0.7309 - iou_score: 0.7041 - loss: 0.8550 - precision: 0.8999 - recall: 0.7647
[1m114/125[0m [32m━━━━━━━━━━━━━━━━━━[0m[37m━━[0m [1m2:34[0m 14s/step - accuracy: 0.7417 - dice_coeff: 0.7316 - iou_score: 0.7051 - loss: 0.8531 - precision: 0.9000 - recall: 0.7659
[1m115/125[0m [32m━━━━━━━━━━━━━━━━━━[0m[37m━━[0m [1m2:20[0m 14s/step - accuracy: 0.7426 - dice_coeff: 0.7323 - iou_score: 0.7061 - loss: 0.8512 - precision: 0.9000 - recall: 0.7670
[1m116/125[0m [32m━━━━━━━━━━━━━━━━━━[0m[37m━━[0m [1m2:06[0m 14s/step - accuracy: 0.7434 - dice_coeff: 0.7329 - iou_score: 0.7071 - loss: 0.8493 - precision: 0.9001 - recall: 0.7682
[1m117/125[0m [32m━━━━━━━━━━━━━━━━━━[0m[37m━━[0m [1m1:52[0m 14s/step - accuracy: 0.7442 - dice_coeff: 0.7336 - iou_score: 0.7081 - loss: 0.8474 - precision: 0.9001 - recall: 0.7693
[1m118/125[0m [32m━━━━━━━━━━━━━━━━━━[0m[37m━━[0m [1m1:38[0m 14s/step - accuracy: 0.7451 - dice_coeff: 0.7343 - iou_score: 0.7091 - loss: 0.8455 - precision: 0.9001 - recall: 0.7705
[1m119/125[0m [32m━━━━━━━━━━━━━━━━━━━[0m[37m━[0m [1m1:24[0m 14s/step - accuracy: 0.7459 - dice_coeff: 0.7349 - iou_score: 0.7100 - loss: 0.8437 - precision: 0.9002 - recall: 0.7716
[1m120/125[0m [32m━━━━━━━━━━━━━━━━━━━[0m[37m━[0m [1m1:10[0m 14s/step - accuracy: 0.7467 - dice_coeff: 0.7356 - iou_score: 0.7110 - loss: 0.8418 - precision: 0.9002 - recall: 0.7727
[1m121/125[0m [32m━━━━━━━━━━━━━━━━━━━[0m[37m━[0m [1m56s[0m 14s/step - accuracy: 0.7475 - dice_coeff: 0.7362 - iou_score: 0.7119 - loss: 0.8400 - precision: 0.9003 - recall: 0.7737 
[1m122/125[0m [32m━━━━━━━━━━━━━━━━━━━[0m[37m━[0m [1m42s[0m 14s/step - accuracy: 0.7483 - dice_coeff: 0.7368 - iou_score: 0.7129 - loss: 0.8382 - precision: 0.9003 - recall: 0.7748
[1m123/125[0m [32m━━━━━━━━━━━━━━━━━━━[0m[37m━[0m [1m28s[0m 14s/step - accuracy: 0.7491 - dice_coeff: 0.7375 - iou_score: 0.7138 - loss: 0.8364 - precision: 0.9003 - recall: 0.7759
[1m124/125[0m [32m━━━━━━━━━━━━━━━━━━━[0m[37m━[0m [1m14s[0m 14s/step - accuracy: 0.7499 - dice_coeff: 0.7381 - iou_score: 0.7147 - loss: 0.8347 - precision: 0.9004 - recall: 0.7769
[1m125/125[0m [32m━━━━━━━━━━━━━━━━━━━━[0m[37m[0m [1m0s[0m 14s/step - accuracy: 0.7506 - dice_coeff: 0.7387 - iou_score: 0.7156 - loss: 0.8329 - precision: 0.9004 - recall: 0.7779 
Epoch 1: val_dice_coeff improved from None to 0.79177, saving model to D:\labdatanew@aniket\unet++\models\best_model.keras

Epoch 1: finished saving model to D:\labdatanew@aniket\unet++\models\best_model.keras

[1m125/125[0m [32m━━━━━━━━━━━━━━━━━━━━[0m[37m[0m [1m2174s[0m 15s/step - accuracy: 0.8458 - dice_coeff: 0.8156 - iou_score: 0.8268 - loss: 0.6149 - precision: 0.9053 - recall: 0.9059 - val_accuracy: 0.7963 - val_dice_coeff: 0.7918 - val_iou_score: 0.7958 - val_loss: 0.7149 - val_precision: 0.7958 - val_recall: 1.0000 - learning_rate: 5.0000e-05
Epoch 2/100

[1m  1/125[0m [37m━━━━━━━━━━━━━━━━━━━━[0m [1m30:03[0m 15s/step - accuracy: 0.8939 - dice_coeff: 0.8843 - iou_score: 0.8833 - loss: 0.4202 - precision: 0.9006 - recall: 0.9788
[1m  2/125[0m [37m━━━━━━━━━━━━━━━━━━━━[0m [1m28:09[0m 14s/step - accuracy: 0.8942 - dice_coeff: 0.8837 - iou_score: 0.8839 - loss: 0.4211 - precision: 0.9020 - recall: 0.9778
[1m  3/125[0m [37m━━━━━━━━━━━━━━━━━━━━[0m [1m27:52[0m 14s/step - accuracy: 0.8956 - dice_coeff: 0.8841 - iou_score: 0.8853 - loss: 0.4188 - precision: 0.9041 - recall: 0.9771
[1m  4/125[0m [37m━━━━━━━━━━━━━━━━━━━━[0m [1m27:49[0m 14s/step - accuracy: 0.8954 - dice_coeff: 0.8838 - iou_score: 0.8851 - loss: 0.4194 - precision: 0.9043 - recall: 0.9766
[1m  5/125[0m [37m━━━━━━━━━━━━━━━━━━━━[0m [1m27:35[0m 14s/step - accuracy: 0.8953 - dice_coeff: 0.8835 - iou_score: 0.8849 - loss: 0.4198 - precision: 0.9043 - recall: 0.9763
[1m  6/125[0m [37m━━━━━━━━━━━━━━━━━━━━[0m [1m27:23[0m 14s/step - accuracy: 0.8952 - dice_coeff: 0.8834 - iou_score: 0.8847 - loss: 0.4200 - precision: 0.9042 - recall: 0.9762
[1m  7/125[0m [32m━[0m[37m━━━━━━━━━━━━━━━━━━━[0m [1m27:11[0m 14s/step - accuracy: 0.8952 - dice_coeff: 0.8833 - iou_score: 0.8846 - loss: 0.4201 - precision: 0.9044 - recall: 0.9758
[1m  8/125[0m [32m━[0m[37m━━━━━━━━━━━━━━━━━━━[0m [1m26:58[0m 14s/step - accuracy: 0.8952 - dice_coeff: 0.8833 - iou_score: 0.8846 - loss: 0.4201 - precision: 0.9047 - recall: 0.9756
[1m  9/125[0m [32m━[0m[37m━━━━━━━━━━━━━━━━━━━[0m [1m26:48[0m 14s/step - accuracy: 0.8953 - dice_coeff: 0.8833 - iou_score: 0.8846 - loss: 0.4200 - precision: 0.9048 - recall: 0.9754
[1m 10/125[0m [32m━[0m[37m━━━━━━━━━━━━━━━━━━━[0m [1m26:35[0m 14s/step - accuracy: 0.8955 - dice_coeff: 0.8833 - iou_score: 0.8848 - loss: 0.4197 - precision: 0.9050 - recall: 0.9754
[1m 11/125[0m [32m━[0m[37m━━━━━━━━━━━━━━━━━━━[0m [1m26:17[0m 14s/step - accuracy: 0.8956 - dice_coeff: 0.8833 - iou_score: 0.8848 - loss: 0.4194 - precision: 0.9051 - recall: 0.9753
[1m 12/125[0m [32m━[0m[37m━━━━━━━━━━━━━━━━━━━[0m [1m26:06[0m 14s/step - accuracy: 0.8957 - dice_coeff: 0.8833 - iou_score: 0.8849 - loss: 0.4191 - precision: 0.9052 - recall: 0.9753
[1m 13/125[0m [32m━━[0m[37m━━━━━━━━━━━━━━━━━━[0m [1m25:54[0m 14s/step - accuracy: 0.8959 - dice_coeff: 0.8834 - iou_score: 0.8850 - loss: 0.4186 - precision: 0.9054 - recall: 0.9752
[1m 14/125[0m [32m━━[0m[37m━━━━━━━━━━━━━━━━━━[0m [1m25:43[0m 14s/step - accuracy: 0.8961 - dice_coeff: 0.8834 - iou_score: 0.8852 - loss: 0.4181 - precision: 0.9056 - recall: 0.9752
[1m 15/125[0m [32m━━[0m[37m━━━━━━━━━━━━━━━━━━[0m [1m25:29[0m 14s/step - accuracy: 0.8963 - dice_coeff: 0.8835 - iou_score: 0.8854 - loss: 0.4176 - precision: 0.9058 - recall: 0.9752
[1m 16/125[0m [32m━━[0m[37m━━━━━━━━━━━━━━━━━━[0m [1m25:17[0m 14s/step - accuracy: 0.8964 - dice_coeff: 0.8836 - iou_score: 0.8855 - loss: 0.4172 - precision: 0.9060 - recall: 0.9752
[1m 17/125[0m [32m━━[0m[37m━━━━━━━━━━━━━━━━━━[0m [1m25:03[0m 14s/step - accuracy: 0.8966 - dice_coeff: 0.8837 - iou_score: 0.8857 - loss: 0.4167 - precision: 0.9061 - recall: 0.9752
[1m 18/125[0m [32m━━[0m[37m━━━━━━━━━━━━━━━━━━[0m [1m24:51[0m 14s/step - accuracy: 0.8968 - dice_coeff: 0.8838 - iou_score: 0.8859 - loss: 0.4161 - precision: 0.9062 - recall: 0.9753
[1m 19/125[0m [32m━━━[0m[37m━━━━━━━━━━━━━━━━━[0m [1m24:38[0m 14s/step - accuracy: 0.8969 - dice_coeff: 0.8839 - iou_score: 0.8860 - loss: 0.4157 - precision: 0.9064 - recall: 0.9753
[1m 20/125[0m [32m━━━[0m[37m━━━━━━━━━━━━━━━━━[0m [1m24:25[0m 14s/step - accuracy: 0.8971 - dice_coeff: 0.8840 - iou_score: 0.8861 - loss: 0.4152 - precision: 0.9065 - recall: 0.9753
[1m 21/125[0m [32m━━━[0m[37m━━━━━━━━━━━━━━━━━[0m [1m24:12[0m 14s/step - accuracy: 0.8972 - dice_coeff: 0.8842 - iou_score: 0.8862 - loss: 0.4148 - precision: 0.9066 - recall: 0.9753
[1m 22/125[0m [32m━━━[0m[37m━━━━━━━━━━━━━━━━━[0m [1m24:00[0m 14s/step - accuracy: 0.8973 - dice_coeff: 0.8843 - iou_score: 0.8863 - loss: 0.4144 - precision: 0.9067 - recall: 0.9753
[1m 23/125[0m [32m━━━[0m[37m━━━━━━━━━━━━━━━━━[0m [1m23:47[0m 14s/step - accuracy: 0.8974 - dice_coeff: 0.8844 - iou_score: 0.8864 - loss: 0.4140 - precision: 0.9068 - recall: 0.9753
[1m 24/125[0m [32m━━━[0m[37m━━━━━━━━━━━━━━━━━[0m [1m23:34[0m 14s/step - accuracy: 0.8976 - dice_coeff: 0.8845 - iou_score: 0.8865 - loss: 0.4136 - precision: 0.9069 - recall: 0.9753
[1m 25/125[0m [32m━━━━[0m[37m━━━━━━━━━━━━━━━━[0m [1m23:18[0m 14s/step - accuracy: 0.8976 - dice_coeff: 0.8845 - iou_score: 0.8866 - loss: 0.4134 - precision: 0.9070 - recall: 0.9753
[1m 26/125[0m [32m━━━━[0m[37m━━━━━━━━━━━━━━━━[0m [1m23:04[0m 14s/step - accuracy: 0.8977 - dice_coeff: 0.8846 - iou_score: 0.8867 - loss: 0.4131 - precision: 0.9071 - recall: 0.9753
[1m 27/125[0m [32m━━━━[0m[37m━━━━━━━━━━━━━━━━[0m [1m22:50[0m 14s/step - accuracy: 0.8978 - dice_coeff: 0.8847 - iou_score: 0.8867 - loss: 0.4129 - precision: 0.9071 - recall: 0.9753
[1m 28/125[0m [32m━━━━[0m[37m━━━━━━━━━━━━━━━━[0m [1m22:35[0m 14s/step - accuracy: 0.8979 - dice_coeff: 0.8848 - iou_score: 0.8868 - loss: 0.4125 - precision: 0.9073 - recall: 0.9753
[1m 29/125[0m [32m━━━━[0m[37m━━━━━━━━━━━━━━━━[0m [1m22:21[0m 14s/step - accuracy: 0.8980 - dice_coeff: 0.8849 - iou_score: 0.8869 - loss: 0.4122 - precision: 0.9074 - recall: 0.9753
[1m 30/125[0m [32m━━━━[0m[37m━━━━━━━━━━━━━━━━[0m [1m22:07[0m 14s/step - accuracy: 0.8981 - dice_coeff: 0.8850 - iou_score: 0.8870 - loss: 0.4118 - precision: 0.9074 - recall: 0.9753
[1m 31/125[0m [32m━━━━[0m[37m━━━━━━━━━━━━━━━━[0m [1m21:53[0m 14s/step - accuracy: 0.8982 - dice_coeff: 0.8851 - iou_score: 0.8871 - loss: 0.4115 - precision: 0.9075 - recall: 0.9753
[1m 32/125[0m [32m━━━━━[0m[37m━━━━━━━━━━━━━━━[0m [1m21:39[0m 14s/step - accuracy: 0.8983 - dice_coeff: 0.8852 - iou_score: 0.8872 - loss: 0.4112 - precision: 0.9076 - recall: 0.9753
[1m 33/125[0m [32m━━━━━[0m[37m━━━━━━━━━━━━━━━[0m [1m21:25[0m 14s/step - accuracy: 0.8984 - dice_coeff: 0.8852 - iou_score: 0.8873 - loss: 0.4109 - precision: 0.9077 - recall: 0.9753
[1m 34/125[0m [32m━━━━━[0m[37m━━━━━━━━━━━━━━━[0m [1m21:11[0m 14s/step - accuracy: 0.8984 - dice_coeff: 0.8853 - iou_score: 0.8873 - loss: 0.4106 - precision: 0.9077 - recall: 0.9753
[1m 35/125[0m [32m━━━━━[0m[37m━━━━━━━━━━━━━━━[0m [1m20:57[0m 14s/step - accuracy: 0.8985 - dice_coeff: 0.8854 - iou_score: 0.8874 - loss: 0.4103 - precision: 0.9078 - recall: 0.9753
[1m 36/125[0m [32m━━━━━[0m[37m━━━━━━━━━━━━━━━[0m [1m20:43[0m 14s/step - accuracy: 0.8986 - dice_coeff: 0.8855 - iou_score: 0.8875 - loss: 0.4100 - precision: 0.9079 - recall: 0.9754
[1m 37/125[0m [32m━━━━━[0m[37m━━━━━━━━━━━━━━━[0m [1m20:29[0m 14s/step - accuracy: 0.8987 - dice_coeff: 0.8856 - iou_score: 0.8876 - loss: 0.4097 - precision: 0.9079 - recall: 0.9754
[1m 38/125[0m [32m━━━━━━[0m[37m━━━━━━━━━━━━━━[0m [1m20:14[0m 14s/step - accuracy: 0.8987 - dice_coeff: 0.8857 - iou_score: 0.8876 - loss: 0.4095 - precision: 0.9080 - recall: 0.9754
[1m 39/125[0m [32m━━━━━━[0m[37m━━━━━━━━━━━━━━[0m [1m20:01[0m 14s/step - accuracy: 0.8988 - dice_coeff: 0.8857 - iou_score: 0.8877 - loss: 0.4092 - precision: 0.9080 - recall: 0.9754
[1m 40/125[0m [32m━━━━━━[0m[37m━━━━━━━━━━━━━━[0m [1m19:46[0m 14s/step - accuracy: 0.8989 - dice_coeff: 0.8858 - iou_score: 0.8878 - loss: 0.4090 - precision: 0.9081 - recall: 0.9754
[1m 41/125[0m [32m━━━━━━[0m[37m━━━━━━━━━━━━━━[0m [1m19:33[0m 14s/step - accuracy: 0.8989 - dice_coeff: 0.8859 - iou_score: 0.8878 - loss: 0.4087 - precision: 0.9082 - recall: 0.9754
[1m 42/125[0m [32m━━━━━━[0m[37m━━━━━━━━━━━━━━[0m [1m19:19[0m 14s/step - accuracy: 0.8990 - dice_coeff: 0.8860 - iou_score: 0.8879 - loss: 0.4084 - precision: 0.9082 - recall: 0.9755
[1m 43/125[0m [32m━━━━━━[0m[37m━━━━━━━━━━━━━━[0m [1m19:04[0m 14s/step - accuracy: 0.8991 - dice_coeff: 0.8861 - iou_score: 0.8880 - loss: 0.4081 - precision: 0.9083 - recall: 0.9755
[1m 44/125[0m [32m━━━━━━━[0m[37m━━━━━━━━━━━━━[0m [1m18:51[0m 14s/step - accuracy: 0.8992 - dice_coeff: 0.8862 - iou_score: 0.8881 - loss: 0.4079 - precision: 0.9084 - recall: 0.9755
[1m 45/125[0m [32m━━━━━━━[0m[37m━━━━━━━━━━━━━[0m [1m18:37[0m 14s/step - accuracy: 0.8992 - dice_coeff: 0.8863 - iou_score: 0.8882 - loss: 0.4076 - precision: 0.9084 - recall: 0.9755
[1m 46/125[0m [32m━━━━━━━[0m[37m━━━━━━━━━━━━━[0m [1m18:23[0m 14s/step - accuracy: 0.8993 - dice_coeff: 0.8863 - iou_score: 0.8882 - loss: 0.4074 - precision: 0.9085 - recall: 0.9755
[1m 47/125[0m [32m━━━━━━━[0m[37m━━━━━━━━━━━━━[0m [1m18:08[0m 14s/step - accuracy: 0.8993 - dice_coeff: 0.8864 - iou_score: 0.8883 - loss: 0.4071 - precision: 0.9086 - recall: 0.9755
[1m 48/125[0m [32m━━━━━━━[0m[37m━━━━━━━━━━━━━[0m [1m17:54[0m 14s/step - accuracy: 0.8994 - dice_coeff: 0.8865 - iou_score: 0.8883 - loss: 0.4069 - precision: 0.9086 - recall: 0.9755
[1m 49/125[0m [32m━━━━━━━[0m[37m━━━━━━━━━━━━━[0m [1m17:40[0m 14s/step - accuracy: 0.8994 - dice_coeff: 0.8866 - iou_score: 0.8884 - loss: 0.4067 - precision: 0.9087 - recall: 0.9755
[1m 50/125[0m [32m━━━━━━━━[0m[37m━━━━━━━━━━━━[0m [1m17:26[0m 14s/step - accuracy: 0.8995 - dice_coeff: 0.8866 - iou_score: 0.8884 - loss: 0.4065 - precision: 0.9087 - recall: 0.9755
[1m 51/125[0m [32m━━━━━━━━[0m[37m━━━━━━━━━━━━[0m [1m17:13[0m 14s/step - accuracy: 0.8995 - dice_coeff: 0.8867 - iou_score: 0.8885 - loss: 0.4063 - precision: 0.9087 - recall: 0.9755
[1m 52/125[0m [32m━━━━━━━━[0m[37m━━━━━━━━━━━━[0m [1m16:59[0m 14s/step - accuracy: 0.8996 - dice_coeff: 0.8868 - iou_score: 0.8885 - loss: 0.4061 - precision: 0.9088 - recall: 0.9755
[1m 53/125[0m [32m━━━━━━━━[0m[37m━━━━━━━━━━━━[0m [1m16:45[0m 14s/step - accuracy: 0.8996 - dice_coeff: 0.8868 - iou_score: 0.8886 - loss: 0.4059 - precision: 0.9088 - recall: 0.9755
[1m 54/125[0m [32m━━━━━━━━[0m[37m━━━━━━━━━━━━[0m [1m16:31[0m 14s/step - accuracy: 0.8997 - dice_coeff: 0.8869 - iou_score: 0.8886 - loss: 0.4058 - precision: 0.9089 - recall: 0.9756
[1m 55/125[0m [32m━━━━━━━━[0m[37m━━━━━━━━━━━━[0m [1m16:17[0m 14s/step - accuracy: 0.8997 - dice_coeff: 0.8869 - iou_score: 0.8886 - loss: 0.4056 - precision: 0.9089 - recall: 0.9756
[1m 56/125[0m [32m━━━━━━━━[0m[37m━━━━━━━━━━━━[0m [1m16:03[0m 14s/step - accuracy: 0.8997 - dice_coeff: 0.8870 - iou_score: 0.8887 - loss: 0.4054 - precision: 0.9089 - recall: 0.9756
[1m 57/125[0m [32m━━━━━━━━━[0m[37m━━━━━━━━━━━[0m [1m15:49[0m 14s/step - accuracy: 0.8997 - dice_coeff: 0.8871 - iou_score: 0.8887 - loss: 0.4053 - precision: 0.9090 - recall: 0.9756
[1m 58/125[0m [32m━━━━━━━━━[0m[37m━━━━━━━━━━━[0m [1m15:35[0m 14s/step - accuracy: 0.8998 - dice_coeff: 0.8871 - iou_score: 0.8887 - loss: 0.4051 - precision: 0.9090 - recall: 0.9756
[1m 59/125[0m [32m━━━━━━━━━[0m[37m━━━━━━━━━━━[0m [1m15:21[0m 14s/step - accuracy: 0.8998 - dice_coeff: 0.8872 - iou_score: 0.8888 - loss: 0.4049 - precision: 0.9090 - recall: 0.9756
[1m 60/125[0m [32m━━━━━━━━━[0m[37m━━━━━━━━━━━[0m [1m15:07[0m 14s/step - accuracy: 0.8998 - dice_coeff: 0.8872 - iou_score: 0.8888 - loss: 0.4048 - precision: 0.9090 - recall: 0.9756
[1m 61/125[0m [32m━━━━━━━━━[0m[37m━━━━━━━━━━━[0m [1m14:53[0m 14s/step - accuracy: 0.8999 - dice_coeff: 0.8873 - iou_score: 0.8888 - loss: 0.4046 - precision: 0.9091 - recall: 0.9756
[1m 62/125[0m [32m━━━━━━━━━[0m[37m━━━━━━━━━━━[0m [1m14:39[0m 14s/step - accuracy: 0.8999 - dice_coeff: 0.8873 - iou_score: 0.8889 - loss: 0.4045 - precision: 0.9091 - recall: 0.9756
[1m 63/125[0m [32m━━━━━━━━━━[0m[37m━━━━━━━━━━[0m [1m14:25[0m 14s/step - accuracy: 0.8999 - dice_coeff: 0.8874 - iou_score: 0.8889 - loss: 0.4043 - precision: 0.9091 - recall: 0.9756
[1m 64/125[0m [32m━━━━━━━━━━[0m[37m━━━━━━━━━━[0m [1m14:11[0m 14s/step - accuracy: 0.8999 - dice_coeff: 0.8874 - iou_score: 0.8889 - loss: 0.4042 - precision: 0.9091 - recall: 0.9756
[1m 65/125[0m [32m━━━━━━━━━━[0m[37m━━━━━━━━━━[0m [1m13:57[0m 14s/step - accuracy: 0.9000 - dice_coeff: 0.8875 - iou_score: 0.8890 - loss: 0.4040 - precision: 0.9091 - recall: 0.9756
[1m 66/125[0m [32m━━━━━━━━━━[0m[37m━━━━━━━━━━[0m [1m13:43[0m 14s/step - accuracy: 0.9000 - dice_coeff: 0.8875 - iou_score: 0.8890 - loss: 0.4038 - precision: 0.9092 - recall: 0.9757
[1m 67/125[0m [32m━━━━━━━━━━[0m[37m━━━━━━━━━━[0m [1m13:29[0m 14s/step - accuracy: 0.9000 - dice_coeff: 0.8876 - iou_score: 0.8890 - loss: 0.4037 - precision: 0.9092 - recall: 0.9757
[1m 68/125[0m [32m━━━━━━━━━━[0m[37m━━━━━━━━━━[0m [1m13:15[0m 14s/step - accuracy: 0.9001 - dice_coeff: 0.8876 - iou_score: 0.8891 - loss: 0.4035 - precision: 0.9092 - recall: 0.9757
[1m 69/125[0m [32m━━━━━━━━━━━[0m[37m━━━━━━━━━[0m [1m13:02[0m 14s/step - accuracy: 0.9001 - dice_coeff: 0.8877 - iou_score: 0.8891 - loss: 0.4033 - precision: 0.9092 - recall: 0.9757
[1m 70/125[0m [32m━━━━━━━━━━━[0m[37m━━━━━━━━━[0m [1m12:48[0m 14s/step - accuracy: 0.9001 - dice_coeff: 0.8878 - iou_score: 0.8891 - loss: 0.4032 - precision: 0.9093 - recall: 0.9757
[1m 71/125[0m [32m━━━━━━━━━━━[0m[37m━━━━━━━━━[0m [1m12:35[0m 14s/step - accuracy: 0.9002 - dice_coeff: 0.8878 - iou_score: 0.8891 - loss: 0.4030 - precision: 0.9093 - recall: 0.9757
[1m 72/125[0m [32m━━━━━━━━━━━[0m[37m━━━━━━━━━[0m [1m12:21[0m 14s/step - accuracy: 0.9002 - dice_coeff: 0.8879 - iou_score: 0.8892 - loss: 0.4028 - precision: 0.9093 - recall: 0.9757
[1m 73/125[0m [32m━━━━━━━━━━━[0m[37m━━━━━━━━━[0m [1m12:08[0m 14s/step - accuracy: 0.9002 - dice_coeff: 0.8879 - iou_score: 0.8892 - loss: 0.4027 - precision: 0.9093 - recall: 0.9757
[1m 74/125[0m [32m━━━━━━━━━━━[0m[37m━━━━━━━━━[0m [1m11:54[0m 14s/step - accuracy: 0.9002 - dice_coeff: 0.8880 - iou_score: 0.8892 - loss: 0.4025 - precision: 0.9094 - recall: 0.9757
[1m 75/125[0m [32m━━━━━━━━━━━━[0m[37m━━━━━━━━[0m [1m11:41[0m 14s/step - accuracy: 0.9003 - dice_coeff: 0.8880 - iou_score: 0.8892 - loss: 0.4024 - precision: 0.9094 - recall: 0.9757
[1m 76/125[0m [32m━━━━━━━━━━━━[0m[37m━━━━━━━━[0m [1m11:25[0m 14s/step - accuracy: 0.9003 - dice_coeff: 0.8881 - iou_score: 0.8893 - loss: 0.4022 - precision: 0.9094 - recall: 0.9757
[1m 77/125[0m [32m━━━━━━━━━━━━[0m[37m━━━━━━━━[0m [1m11:08[0m 14s/step - accuracy: 0.9003 - dice_coeff: 0.8881 - iou_score: 0.8893 - loss: 0.4021 - precision: 0.9094 - recall: 0.9757
[1m 78/125[0m [32m━━━━━━━━━━━━[0m[37m━━━━━━━━[0m [1m10:51[0m 14s/step - accuracy: 0.9003 - dice_coeff: 0.8882 - iou_score: 0.8893 - loss: 0.4019 - precision: 0.9094 - recall: 0.9757
[1m 79/125[0m [32m━━━━━━━━━━━━[0m[37m━━━━━━━━[0m [1m10:37[0m 14s/step - accuracy: 0.9004 - dice_coeff: 0.8882 - iou_score: 0.8893 - loss: 0.4018 - precision: 0.9095 - recall: 0.9758
[1m 80/125[0m [32m━━━━━━━━━━━━[0m[37m━━━━━━━━[0m [1m10:23[0m 14s/step - accuracy: 0.9004 - dice_coeff: 0.8883 - iou_score: 0.8894 - loss: 0.4016 - precision: 0.9095 - recall: 0.9758
[1m 81/125[0m [32m━━━━━━━━━━━━[0m[37m━━━━━━━━[0m [1m10:09[0m 14s/step - accuracy: 0.9004 - dice_coeff: 0.8883 - iou_score: 0.8894 - loss: 0.4015 - precision: 0.9095 - recall: 0.9758
[1m 82/125[0m [32m━━━━━━━━━━━━━[0m[37m━━━━━━━[0m [1m9:55[0m 14s/step - accuracy: 0.9004 - dice_coeff: 0.8884 - iou_score: 0.8894 - loss: 0.4014 - precision: 0.9095 - recall: 0.9758 
[1m 83/125[0m [32m━━━━━━━━━━━━━[0m[37m━━━━━━━[0m [1m9:41[0m 14s/step - accuracy: 0.9004 - dice_coeff: 0.8884 - iou_score: 0.8894 - loss: 0.4012 - precision: 0.9095 - recall: 0.9758
[1m 84/125[0m [32m━━━━━━━━━━━━━[0m[37m━━━━━━━[0m [1m9:28[0m 14s/step - accuracy: 0.9005 - dice_coeff: 0.8885 - iou_score: 0.8895 - loss: 0.4011 - precision: 0.9095 - recall: 0.9758
[1m 85/125[0m [32m━━━━━━━━━━━━━[0m[37m━━━━━━━[0m [1m9:14[0m 14s/step - accuracy: 0.9005 - dice_coeff: 0.8885 - iou_score: 0.8895 - loss: 0.4009 - precision: 0.9095 - recall: 0.9758
[1m 86/125[0m [32m━━━━━━━━━━━━━[0m[37m━━━━━━━[0m [1m9:00[0m 14s/step - accuracy: 0.9005 - dice_coeff: 0.8885 - iou_score: 0.8895 - loss: 0.4008 - precision: 0.9096 - recall: 0.9758
[1m 87/125[0m [32m━━━━━━━━━━━━━[0m[37m━━━━━━━[0m [1m8:46[0m 14s/step - accuracy: 0.9005 - dice_coeff: 0.8886 - iou_score: 0.8895 - loss: 0.4007 - precision: 0.9096 - recall: 0.9758
[1m 88/125[0m [32m━━━━━━━━━━━━━━[0m[37m━━━━━━[0m [1m8:32[0m 14s/step - accuracy: 0.9005 - dice_coeff: 0.8886 - iou_score: 0.8895 - loss: 0.4005 - precision: 0.9096 - recall: 0.9758
[1m 89/125[0m [32m━━━━━━━━━━━━━━[0m[37m━━━━━━[0m [1m8:18[0m 14s/step - accuracy: 0.9006 - dice_coeff: 0.8887 - iou_score: 0.8896 - loss: 0.4004 - precision: 0.9096 - recall: 0.9759
[1m 90/125[0m [32m━━━━━━━━━━━━━━[0m[37m━━━━━━[0m [1m8:04[0m 14s/step - accuracy: 0.9006 - dice_coeff: 0.8887 - iou_score: 0.8896 - loss: 0.4003 - precision: 0.9096 - recall: 0.9759
[1m 91/125[0m [32m━━━━━━━━━━━━━━[0m[37m━━━━━━[0m [1m7:50[0m 14s/step - accuracy: 0.9006 - dice_coeff: 0.8888 - iou_score: 0.8896 - loss: 0.4001 - precision: 0.9096 - recall: 0.9759
[1m 92/125[0m [32m━━━━━━━━━━━━━━[0m[37m━━━━━━[0m [1m7:36[0m 14s/step - accuracy: 0.9006 - dice_coeff: 0.8888 - iou_score: 0.8896 - loss: 0.4000 - precision: 0.9096 - recall: 0.9759
[1m 93/125[0m [32m━━━━━━━━━━━━━━[0m[37m━━━━━━[0m [1m7:23[0m 14s/step - accuracy: 0.9006 - dice_coeff: 0.8889 - iou_score: 0.8896 - loss: 0.3999 - precision: 0.9096 - recall: 0.9759
[1m 94/125[0m [32m━━━━━━━━━━━━━━━[0m[37m━━━━━[0m [1m7:09[0m 14s/step - accuracy: 0.9007 - dice_coeff: 0.8889 - iou_score: 0.8897 - loss: 0.3997 - precision: 0.9096 - recall: 0.9759
[1m 95/125[0m [32m━━━━━━━━━━━━━━━[0m[37m━━━━━[0m [1m6:55[0m 14s/step - accuracy: 0.9007 - dice_coeff: 0.8889 - iou_score: 0.8897 - loss: 0.3996 - precision: 0.9097 - recall: 0.9759
[1m 96/125[0m [32m━━━━━━━━━━━━━━━[0m[37m━━━━━[0m [1m6:41[0m 14s/step - accuracy: 0.9007 - dice_coeff: 0.8890 - iou_score: 0.8897 - loss: 0.3995 - precision: 0.9097 - recall: 0.9759
[1m 97/125[0m [32m━━━━━━━━━━━━━━━[0m[37m━━━━━[0m [1m6:27[0m 14s/step - accuracy: 0.9007 - dice_coeff: 0.8890 - iou_score: 0.8897 - loss: 0.3993 - precision: 0.9097 - recall: 0.9759
[1m 98/125[0m [32m━━━━━━━━━━━━━━━[0m[37m━━━━━[0m [1m6:13[0m 14s/step - accuracy: 0.9007 - dice_coeff: 0.8891 - iou_score: 0.8897 - loss: 0.3992 - precision: 0.9097 - recall: 0.9759
[1m 99/125[0m [32m━━━━━━━━━━━━━━━[0m[37m━━━━━[0m [1m5:59[0m 14s/step - accuracy: 0.9007 - dice_coeff: 0.8891 - iou_score: 0.8897 - loss: 0.3991 - precision: 0.9097 - recall: 0.9759
[1m100/125[0m [32m━━━━━━━━━━━━━━━━[0m[37m━━━━[0m [1m5:46[0m 14s/step - accuracy: 0.9008 - dice_coeff: 0.8892 - iou_score: 0.8898 - loss: 0.3989 - precision: 0.9097 - recall: 0.9759
[1m101/125[0m [32m━━━━━━━━━━━━━━━━[0m[37m━━━━[0m [1m5:32[0m 14s/step - accuracy: 0.9008 - dice_coeff: 0.8892 - iou_score: 0.8898 - loss: 0.3988 - precision: 0.9097 - recall: 0.9760
[1m102/125[0m [32m━━━━━━━━━━━━━━━━[0m[37m━━━━[0m [1m5:18[0m 14s/step - accuracy: 0.9008 - dice_coeff: 0.8893 - iou_score: 0.8898 - loss: 0.3987 - precision: 0.9098 - recall: 0.9760
[1m103/125[0m [32m━━━━━━━━━━━━━━━━[0m[37m━━━━[0m [1m5:04[0m 14s/step - accuracy: 0.9008 - dice_coeff: 0.8893 - iou_score: 0.8898 - loss: 0.3985 - precision: 0.9098 - recall: 0.9760
[1m104/125[0m [32m━━━━━━━━━━━━━━━━[0m[37m━━━━[0m [1m4:50[0m 14s/step - accuracy: 0.9008 - dice_coeff: 0.8894 - iou_score: 0.8898 - loss: 0.3984 - precision: 0.9098 - recall: 0.9760
[1m105/125[0m [32m━━━━━━━━━━━━━━━━[0m[37m━━━━[0m [1m4:36[0m 14s/step - accuracy: 0.9009 - dice_coeff: 0.8894 - iou_score: 0.8899 - loss: 0.3983 - precision: 0.9098 - recall: 0.9760
[1m106/125[0m [32m━━━━━━━━━━━━━━━━[0m[37m━━━━[0m [1m4:23[0m 14s/step - accuracy: 0.9009 - dice_coeff: 0.8894 - iou_score: 0.8899 - loss: 0.3981 - precision: 0.9098 - recall: 0.9760
[1m107/125[0m [32m━━━━━━━━━━━━━━━━━[0m[37m━━━[0m [1m4:09[0m 14s/step - accuracy: 0.9009 - dice_coeff: 0.8895 - iou_score: 0.8899 - loss: 0.3980 - precision: 0.9098 - recall: 0.9760
[1m108/125[0m [32m━━━━━━━━━━━━━━━━━[0m[37m━━━[0m [1m3:55[0m 14s/step - accuracy: 0.9009 - dice_coeff: 0.8895 - iou_score: 0.8899 - loss: 0.3979 - precision: 0.9098 - recall: 0.9760
[1m109/125[0m [32m━━━━━━━━━━━━━━━━━[0m[37m━━━[0m [1m3:41[0m 14s/step - accuracy: 0.9009 - dice_coeff: 0.8896 - iou_score: 0.8899 - loss: 0.3977 - precision: 0.9099 - recall: 0.9760
[1m110/125[0m [32m━━━━━━━━━━━━━━━━━[0m[37m━━━[0m [1m3:27[0m 14s/step - accuracy: 0.9010 - dice_coeff: 0.8896 - iou_score: 0.8900 - loss: 0.3976 - precision: 0.9099 - recall: 0.9760
[1m111/125[0m [32m━━━━━━━━━━━━━━━━━[0m[37m━━━[0m [1m3:13[0m 14s/step - accuracy: 0.9010 - dice_coeff: 0.8897 - iou_score: 0.8900 - loss: 0.3975 - precision: 0.9099 - recall: 0.9760
[1m112/125[0m [32m━━━━━━━━━━━━━━━━━[0m[37m━━━[0m [1m2:59[0m 14s/step - accuracy: 0.9010 - dice_coeff: 0.8897 - iou_score: 0.8900 - loss: 0.3973 - precision: 0.9099 - recall: 0.9760
[1m113/125[0m [32m━━━━━━━━━━━━━━━━━━[0m[37m━━[0m [1m2:46[0m 14s/step - accuracy: 0.9010 - dice_coeff: 0.8897 - iou_score: 0.8900 - loss: 0.3972 - precision: 0.9099 - recall: 0.9760
[1m114/125[0m [32m━━━━━━━━━━━━━━━━━━[0m[37m━━[0m [1m2:32[0m 14s/step - accuracy: 0.9010 - dice_coeff: 0.8898 - iou_score: 0.8900 - loss: 0.3971 - precision: 0.9099 - recall: 0.9760
[1m115/125[0m [32m━━━━━━━━━━━━━━━━━━[0m[37m━━[0m [1m2:18[0m 14s/step - accuracy: 0.9011 - dice_coeff: 0.8898 - iou_score: 0.8901 - loss: 0.3969 - precision: 0.9100 - recall: 0.9760
[1m116/125[0m [32m━━━━━━━━━━━━━━━━━━[0m[37m━━[0m [1m2:04[0m 14s/step - accuracy: 0.9011 - dice_coeff: 0.8899 - iou_score: 0.8901 - loss: 0.3968 - precision: 0.9100 - recall: 0.9761
[1m117/125[0m [32m━━━━━━━━━━━━━━━━━━[0m[37m━━[0m [1m1:50[0m 14s/step - accuracy: 0.9011 - dice_coeff: 0.8899 - iou_score: 0.8901 - loss: 0.3967 - precision: 0.9100 - recall: 0.9761
[1m118/125[0m [32m━━━━━━━━━━━━━━━━━━[0m[37m━━[0m [1m1:36[0m 14s/step - accuracy: 0.9011 - dice_coeff: 0.8900 - iou_score: 0.8901 - loss: 0.3965 - precision: 0.9100 - recall: 0.9761
[1m119/125[0m [32m━━━━━━━━━━━━━━━━━━━[0m[37m━[0m [1m1:23[0m 14s/step - accuracy: 0.9011 - dice_coeff: 0.8900 - iou_score: 0.8901 - loss: 0.3964 - precision: 0.9100 - recall: 0.9761
[1m120/125[0m [32m━━━━━━━━━━━━━━━━━━━[0m[37m━[0m [1m1:09[0m 14s/step - accuracy: 0.9012 - dice_coeff: 0.8901 - iou_score: 0.8902 - loss: 0.3963 - precision: 0.9100 - recall: 0.9761
[1m121/125[0m [32m━━━━━━━━━━━━━━━━━━━[0m[37m━[0m [1m55s[0m 14s/step - accuracy: 0.9012 - dice_coeff: 0.8901 - iou_score: 0.8902 - loss: 0.3962 - precision: 0.9101 - recall: 0.9761 
[1m122/125[0m [32m━━━━━━━━━━━━━━━━━━━[0m[37m━[0m [1m41s[0m 14s/step - accuracy: 0.9012 - dice_coeff: 0.8901 - iou_score: 0.8902 - loss: 0.3960 - precision: 0.9101 - recall: 0.9761
[1m123/125[0m [32m━━━━━━━━━━━━━━━━━━━[0m[37m━[0m [1m27s[0m 14s/step - accuracy: 0.9012 - dice_coeff: 0.8902 - iou_score: 0.8902 - loss: 0.3959 - precision: 0.9101 - recall: 0.9761
[1m124/125[0m [32m━━━━━━━━━━━━━━━━━━━[0m[37m━[0m [1m13s[0m 14s/step - accuracy: 0.9012 - dice_coeff: 0.8902 - iou_score: 0.8902 - loss: 0.3958 - precision: 0.9101 - recall: 0.9761
[1m125/125[0m [32m━━━━━━━━━━━━━━━━━━━━[0m[37m[0m [1m0s[0m 14s/step - accuracy: 0.9013 - dice_coeff: 0.8903 - iou_score: 0.8903 - loss: 0.3957 - precision: 0.9101 - recall: 0.9761 
Epoch 2: val_dice_coeff improved from 0.79177 to 0.87462, saving model to D:\labdatanew@aniket\unet++\models\best_model.keras

Epoch 2: finished saving model to D:\labdatanew@aniket\unet++\models\best_model.keras

[1m125/125[0m [32m━━━━━━━━━━━━━━━━━━━━[0m[37m[0m [1m1866s[0m 15s/step - accuracy: 0.9037 - dice_coeff: 0.8954 - iou_score: 0.8927 - loss: 0.3801 - precision: 0.9122 - recall: 0.9767 - val_accuracy: 0.7963 - val_dice_coeff: 0.8746 - val_iou_score: 0.7958 - val_loss: 0.8853 - val_precision: 0.7958 - val_recall: 1.0000 - learning_rate: 5.0000e-05
Epoch 3/100

[1m  1/125[0m [37m━━━━━━━━━━━━━━━━━━━━[0m [1m30:14[0m 15s/step - accuracy: 0.9168 - dice_coeff: 0.9076 - iou_score: 0.9061 - loss: 0.3332 - precision: 0.9226 - recall: 0.9806
[1m  2/125[0m [37m━━━━━━━━━━━━━━━━━━━━[0m [1m28:33[0m 14s/step - accuracy: 0.9173 - dice_coeff: 0.9079 - iou_score: 0.9064 - loss: 0.3315 - precision: 0.9241 - recall: 0.9793
[1m  3/125[0m [37m━━━━━━━━━━━━━━━━━━━━[0m [1m28:17[0m 14s/step - accuracy: 0.9165 - dice_coeff: 0.9077 - iou_score: 0.9056 - loss: 0.3329 - precision: 0.9230 - recall: 0.9796
[1m  4/125[0m [37m━━━━━━━━━━━━━━━━━━━━[0m [1m27:53[0m 14s/step - accuracy: 0.9160 - dice_coeff: 0.9077 - iou_score: 0.9050 - loss: 0.3335 - precision: 0.9223 - recall: 0.9798
[1m  5/125[0m [37m━━━━━━━━━━━━━━━━━━━━[0m [1m27:42[0m 14s/step - accuracy: 0.9152 - dice_coeff: 0.9076 - iou_score: 0.9042 - loss: 0.3349 - precision: 0.9214 - recall: 0.9799
[1m  6/125[0m [37m━━━━━━━━━━━━━━━━━━━━[0m [1m27:24[0m 14s/step - accuracy: 0.9147 - dice_coeff: 0.9075 - iou_score: 0.9038 - loss: 0.3356 - precision: 0.9210 - recall: 0.9798
[1m  7/125[0m [32m━[0m[37m━━━━━━━━━━━━━━━━━━━[0m [1m27:05[0m 14s/step - accuracy: 0.9142 - dice_coeff: 0.9073 - iou_score: 0.9034 - loss: 0.3367 - precision: 0.9211 - recall: 0.9792
[1m  8/125[0m [32m━[0m[37m━━━━━━━━━━━━━━━━━━━[0m [1m26:48[0m 14s/step - accuracy: 0.9141 - dice_coeff: 0.9073 - iou_score: 0.9033 - loss: 0.3368 - precision: 0.9215 - recall: 0.9787
[1m  9/125[0m [32m━[0m[37m━━━━━━━━━━━━━━━━━━━[0m [1m26:40[0m 14s/step - accuracy: 0.9140 - dice_coeff: 0.9074 - iou_score: 0.9033 - loss: 0.3367 - precision: 0.9218 - recall: 0.9784
[1m 10/125[0m [32m━[0m[37m━━━━━━━━━━━━━━━━━━━[0m [1m26:24[0m 14s/step - accuracy: 0.9140 - dice_coeff: 0.9075 - iou_score: 0.9033 - loss: 0.3367 - precision: 0.9220 - recall: 0.9781
[1m 11/125[0m [32m━[0m[37m━━━━━━━━━━━━━━━━━━━[0m [1m26:12[0m 14s/step - accuracy: 0.9138 - dice_coeff: 0.9075 - iou_score: 0.9031 - loss: 0.3370 - precision: 0.9220 - recall: 0.9780
[1m 12/125[0m [32m━[0m[37m━━━━━━━━━━━━━━━━━━━[0m [1m26:01[0m 14s/step - accuracy: 0.9137 - dice_coeff: 0.9075 - iou_score: 0.9031 - loss: 0.3370 - precision: 0.9220 - recall: 0.9778
[1m 13/125[0m [32m━━[0m[37m━━━━━━━━━━━━━━━━━━[0m [1m25:46[0m 14s/step - accuracy: 0.9136 - dice_coeff: 0.9075 - iou_score: 0.9030 - loss: 0.3373 - precision: 0.9220 - recall: 0.9777
[1m 14/125[0m [32m━━[0m[37m━━━━━━━━━━━━━━━━━━[0m [1m25:36[0m 14s/step - accuracy: 0.9135 - dice_coeff: 0.9075 - iou_score: 0.9029 - loss: 0.3376 - precision: 0.9219 - recall: 0.9777
[1m 15/125[0m [32m━━[0m[37m━━━━━━━━━━━━━━━━━━[0m [1m25:23[0m 14s/step - accuracy: 0.9134 - dice_coeff: 0.9076 - iou_score: 0.9028 - loss: 0.3377 - precision: 0.9219 - recall: 0.9777
[1m 16/125[0m [32m━━[0m[37m━━━━━━━━━━━━━━━━━━[0m [1m25:10[0m 14s/step - accuracy: 0.9133 - dice_coeff: 0.9076 - iou_score: 0.9028 - loss: 0.3378 - precision: 0.9219 - recall: 0.9777
[1m 17/125[0m [32m━━[0m[37m━━━━━━━━━━━━━━━━━━[0m [1m24:58[0m 14s/step - accuracy: 0.9132 - dice_coeff: 0.9076 - iou_score: 0.9027 - loss: 0.3380 - precision: 0.9218 - recall: 0.9777
[1m 18/125[0m [32m━━[0m[37m━━━━━━━━━━━━━━━━━━[0m [1m53:55[0m 30s/step - accuracy: 0.9132 - dice_coeff: 0.9076 - iou_score: 0.9026 - loss: 0.3381 - precision: 0.9217 - recall: 0.9777
[1m 19/125[0m [32m━━━[0m[37m━━━━━━━━━━━━━━━━━[0m [1m51:47[0m 29s/step - accuracy: 0.9131 - dice_coeff: 0.9075 - iou_score: 0.9025 - loss: 0.3384 - precision: 0.9216 - recall: 0.9777
[1m 20/125[0m [32m━━━[0m[37m━━━━━━━━━━━━━━━━━[0m [1m49:50[0m 28s/step - accuracy: 0.9129 - dice_coeff: 0.9075 - iou_score: 0.9024 - loss: 0.3386 - precision: 0.9215 - recall: 0.9777
[1m 21/125[0m [32m━━━[0m[37m━━━━━━━━━━━━━━━━━[0m [1m48:25[0m 28s/step - accuracy: 0.9128 - dice_coeff: 0.9074 - iou_score: 0.9023 - loss: 0.3389 - precision: 0.9214 - recall: 0.9777
[1m 22/125[0m [32m━━━[0m[37m━━━━━━━━━━━━━━━━━[0m [1m47:01[0m 27s/step - accuracy: 0.9127 - dice_coeff: 0.9074 - iou_score: 0.9022 - loss: 0.3391 - precision: 0.9213 - recall: 0.9777
[1m 23/125[0m [32m━━━[0m[37m━━━━━━━━━━━━━━━━━[0m [1m45:41[0m 27s/step - accuracy: 0.9127 - dice_coeff: 0.9074 - iou_score: 0.9021 - loss: 0.3393 - precision: 0.9212 - recall: 0.9776
[1m 24/125[0m [32m━━━[0m[37m━━━━━━━━━━━━━━━━━[0m [1m44:27[0m 26s/step - accuracy: 0.9126 - dice_coeff: 0.9073 - iou_score: 0.9021 - loss: 0.3394 - precision: 0.9212 - recall: 0.9776
[1m 25/125[0m [32m━━━━[0m[37m━━━━━━━━━━━━━━━━[0m [1m43:16[0m 26s/step - accuracy: 0.9125 - dice_coeff: 0.9073 - iou_score: 0.9020 - loss: 0.3395 - precision: 0.9212 - recall: 0.9776
[1m 26/125[0m [32m━━━━[0m[37m━━━━━━━━━━━━━━━━[0m [1m42:12[0m 26s/step - accuracy: 0.9125 - dice_coeff: 0.9073 - iou_score: 0.9020 - loss: 0.3397 - precision: 0.9211 - recall: 0.9776
[1m 27/125[0m [32m━━━━[0m[37m━━━━━━━━━━━━━━━━[0m [1m41:09[0m 25s/step - accuracy: 0.9125 - dice_coeff: 0.9073 - iou_score: 0.9020 - loss: 0.3397 - precision: 0.9211 - recall: 0.9776
[1m 28/125[0m [32m━━━━[0m[37m━━━━━━━━━━━━━━━━[0m [1m40:11[0m 25s/step - accuracy: 0.9125 - dice_coeff: 0.9073 - iou_score: 0.9020 - loss: 0.3397 - precision: 0.9211 - recall: 0.9776
[1m 29/125[0m [32m━━━━[0m[37m━━━━━━━━━━━━━━━━[0m [1m39:18[0m 25s/step - accuracy: 0.9124 - dice_coeff: 0.9073 - iou_score: 0.9019 - loss: 0.3398 - precision: 0.9211 - recall: 0.9776
[1m 30/125[0m [32m━━━━[0m[37m━━━━━━━━━━━━━━━━[0m [1m38:29[0m 24s/step - accuracy: 0.9124 - dice_coeff: 0.9073 - iou_score: 0.9019 - loss: 0.3399 - precision: 0.9210 - recall: 0.9776
[1m 31/125[0m [32m━━━━[0m[37m━━━━━━━━━━━━━━━━[0m [1m37:41[0m 24s/step - accuracy: 0.9124 - dice_coeff: 0.9073 - iou_score: 0.9019 - loss: 0.3399 - precision: 0.9210 - recall: 0.9776
[1m 32/125[0m [32m━━━━━[0m[37m━━━━━━━━━━━━━━━[0m [1m36:56[0m 24s/step - accuracy: 0.9123 - dice_coeff: 0.9073 - iou_score: 0.9018 - loss: 0.3400 - precision: 0.9209 - recall: 0.9776
[1m 33/125[0m [32m━━━━━[0m[37m━━━━━━━━━━━━━━━[0m [1m36:19[0m 24s/step - accuracy: 0.9123 - dice_coeff: 0.9073 - iou_score: 0.9018 - loss: 0.3401 - precision: 0.9209 - recall: 0.9776
[1m 34/125[0m [32m━━━━━[0m[37m━━━━━━━━━━━━━━━[0m [1m36:11[0m 24s/step - accuracy: 0.9122 - dice_coeff: 0.9073 - iou_score: 0.9017 - loss: 0.3402 - precision: 0.9209 - recall: 0.9775
[1m 35/125[0m [32m━━━━━[0m[37m━━━━━━━━━━━━━━━[0m [1m36:02[0m 24s/step - accuracy: 0.9122 - dice_coeff: 0.9073 - iou_score: 0.9017 - loss: 0.3403 - precision: 0.9208 - recall: 0.9775
[1m 36/125[0m [32m━━━━━[0m[37m━━━━━━━━━━━━━━━[0m [1m35:53[0m 24s/step - accuracy: 0.9121 - dice_coeff: 0.9072 - iou_score: 0.9016 - loss: 0.3404 - precision: 0.9208 - recall: 0.9775
[1m 37/125[0m [32m━━━━━[0m[37m━━━━━━━━━━━━━━━[0m [1m35:42[0m 24s/step - accuracy: 0.9121 - dice_coeff: 0.9072 - iou_score: 0.9016 - loss: 0.3405 - precision: 0.9207 - recall: 0.9775
[1m 38/125[0m [32m━━━━━━[0m[37m━━━━━━━━━━━━━━[0m [1m35:32[0m 25s/step - accuracy: 0.9120 - dice_coeff: 0.9072 - iou_score: 0.9015 - loss: 0.3407 - precision: 0.9207 - recall: 0.9775
[1m 39/125[0m [32m━━━━━━[0m[37m━━━━━━━━━━━━━━[0m [1m35:19[0m 25s/step - accuracy: 0.9120 - dice_coeff: 0.9072 - iou_score: 0.9014 - loss: 0.3408 - precision: 0.9206 - recall: 0.9775
[1m 40/125[0m [32m━━━━━━[0m[37m━━━━━━━━━━━━━━[0m [1m35:05[0m 25s/step - accuracy: 0.9119 - dice_coeff: 0.9071 - iou_score: 0.9014 - loss: 0.3409 - precision: 0.9206 - recall: 0.9775
[1m 41/125[0m [32m━━━━━━[0m[37m━━━━━━━━━━━━━━[0m [1m34:50[0m 25s/step - accuracy: 0.9119 - dice_coeff: 0.9071 - iou_score: 0.9013 - loss: 0.3410 - precision: 0.9205 - recall: 0.9775
[1m 42/125[0m [32m━━━━━━[0m[37m━━━━━━━━━━━━━━[0m [1m34:33[0m 25s/step - accuracy: 0.9118 - dice_coeff: 0.9071 - iou_score: 0.9013 - loss: 0.3411 - precision: 0.9205 - recall: 0.9775
[1m 43/125[0m [32m━━━━━━[0m[37m━━━━━━━━━━━━━━[0m [1m34:17[0m 25s/step - accuracy: 0.9118 - dice_coeff: 0.9071 - iou_score: 0.9012 - loss: 0.3412 - precision: 0.9204 - recall: 0.9775
[1m 44/125[0m [32m━━━━━━━[0m[37m━━━━━━━━━━━━━[0m [1m34:01[0m 25s/step - accuracy: 0.9117 - dice_coeff: 0.9071 - iou_score: 0.9012 - loss: 0.3413 - precision: 0.9204 - recall: 0.9774
[1m 45/125[0m [32m━━━━━━━[0m[37m━━━━━━━━━━━━━[0m [1m33:44[0m 25s/step - accuracy: 0.9117 - dice_coeff: 0.9071 - iou_score: 0.9012 - loss: 0.3414 - precision: 0.9204 - recall: 0.9774
[1m 46/125[0m [32m━━━━━━━[0m[37m━━━━━━━━━━━━━[0m [1m33:27[0m 25s/step - accuracy: 0.9117 - dice_coeff: 0.9070 - iou_score: 0.9011 - loss: 0.3415 - precision: 0.9203 - recall: 0.9774
[1m 47/125[0m [32m━━━━━━━[0m[37m━━━━━━━━━━━━━[0m [1m33:08[0m 25s/step - accuracy: 0.9116 - dice_coeff: 0.9070 - iou_score: 0.9011 - loss: 0.3416 - precision: 0.9203 - recall: 0.9774
[1m 48/125[0m [32m━━━━━━━[0m[37m━━━━━━━━━━━━━[0m [1m32:49[0m 26s/step - accuracy: 0.9116 - dice_coeff: 0.9070 - iou_score: 0.9010 - loss: 0.3417 - precision: 0.9203 - recall: 0.9774
[1m 49/125[0m [32m━━━━━━━[0m[37m━━━━━━━━━━━━━[0m [1m32:31[0m 26s/step - accuracy: 0.9116 - dice_coeff: 0.9070 - iou_score: 0.9010 - loss: 0.3418 - precision: 0.9202 - recall: 0.9774
[1m 50/125[0m [32m━━━━━━━━[0m[37m━━━━━━━━━━━━[0m [1m32:11[0m 26s/step - accuracy: 0.9115 - dice_coeff: 0.9070 - iou_score: 0.9010 - loss: 0.3418 - precision: 0.9202 - recall: 0.9774
[1m 51/125[0m [32m━━━━━━━━[0m[37m━━━━━━━━━━━━[0m [1m31:51[0m 26s/step - accuracy: 0.9115 - dice_coeff: 0.9070 - iou_score: 0.9009 - loss: 0.3419 - precision: 0.9202 - recall: 0.9774
[1m 52/125[0m [32m━━━━━━━━[0m[37m━━━━━━━━━━━━[0m [1m31:31[0m 26s/step - accuracy: 0.9115 - dice_coeff: 0.9070 - iou_score: 0.9009 - loss: 0.3420 - precision: 0.9201 - recall: 0.9774
[1m 53/125[0m [32m━━━━━━━━[0m[37m━━━━━━━━━━━━[0m [1m31:11[0m 26s/step - accuracy: 0.9114 - dice_coeff: 0.9069 - iou_score: 0.9008 - loss: 0.3421 - precision: 0.9201 - recall: 0.9773
[1m 54/125[0m [32m━━━━━━━━[0m[37m━━━━━━━━━━━━[0m [1m30:50[0m 26s/step - accuracy: 0.9114 - dice_coeff: 0.9069 - iou_score: 0.9008 - loss: 0.3421 - precision: 0.9201 - recall: 0.9773
[1m 55/125[0m [32m━━━━━━━━[0m[37m━━━━━━━━━━━━[0m [1m30:28[0m 26s/step - accuracy: 0.9114 - dice_coeff: 0.9069 - iou_score: 0.9008 - loss: 0.3422 - precision: 0.9201 - recall: 0.9773
[1m 56/125[0m [32m━━━━━━━━[0m[37m━━━━━━━━━━━━[0m [1m30:07[0m 26s/step - accuracy: 0.9113 - dice_coeff: 0.9069 - iou_score: 0.9007 - loss: 0.3423 - precision: 0.9200 - recall: 0.9773
[1m 57/125[0m [32m━━━━━━━━━[0m[37m━━━━━━━━━━━[0m [1m29:45[0m 26s/step - accuracy: 0.9113 - dice_coeff: 0.9069 - iou_score: 0.9007 - loss: 0.3423 - precision: 0.9200 - recall: 0.9773
[1m 58/125[0m [32m━━━━━━━━━[0m[37m━━━━━━━━━━━[0m [1m29:22[0m 26s/step - accuracy: 0.9113 - dice_coeff: 0.9069 - iou_score: 0.9007 - loss: 0.3424 - precision: 0.9200 - recall: 0.9773
[1m 59/125[0m [32m━━━━━━━━━[0m[37m━━━━━━━━━━━[0m [1m28:59[0m 26s/step - accuracy: 0.9112 - dice_coeff: 0.9069 - iou_score: 0.9006 - loss: 0.3425 - precision: 0.9199 - recall: 0.9773
[1m 60/125[0m [32m━━━━━━━━━[0m[37m━━━━━━━━━━━[0m [1m28:37[0m 26s/step - accuracy: 0.9112 - dice_coeff: 0.9069 - iou_score: 0.9006 - loss: 0.3425 - precision: 0.9199 - recall: 0.9773
[1m 61/125[0m [32m━━━━━━━━━[0m[37m━━━━━━━━━━━[0m [1m28:14[0m 26s/step - accuracy: 0.9112 - dice_coeff: 0.9069 - iou_score: 0.9006 - loss: 0.3426 - precision: 0.9199 - recall: 0.9773
[1m 62/125[0m [32m━━━━━━━━━[0m[37m━━━━━━━━━━━[0m [1m27:51[0m 27s/step - accuracy: 0.9112 - dice_coeff: 0.9069 - iou_score: 0.9006 - loss: 0.3426 - precision: 0.9198 - recall: 0.9773
[1m 63/125[0m [32m━━━━━━━━━━[0m[37m━━━━━━━━━━[0m [1m27:28[0m 27s/step - accuracy: 0.9111 - dice_coeff: 0.9069 - iou_score: 0.9005 - loss: 0.3427 - precision: 0.9198 - recall: 0.9773
[1m 64/125[0m [32m━━━━━━━━━━[0m[37m━━━━━━━━━━[0m [1m27:05[0m 27s/step - accuracy: 0.9111 - dice_coeff: 0.9069 - iou_score: 0.9005 - loss: 0.3427 - precision: 0.9198 - recall: 0.9773
[1m 65/125[0m [32m━━━━━━━━━━[0m[37m━━━━━━━━━━[0m [1m26:41[0m 27s/step - accuracy: 0.9111 - dice_coeff: 0.9068 - iou_score: 0.9005 - loss: 0.3427 - precision: 0.9198 - recall: 0.9773
[1m 66/125[0m [32m━━━━━━━━━━[0m[37m━━━━━━━━━━[0m [1m26:17[0m 27s/step - accuracy: 0.9111 - dice_coeff: 0.9068 - iou_score: 0.9005 - loss: 0.3428 - precision: 0.9198 - recall: 0.9773
[1m 67/125[0m [32m━━━━━━━━━━[0m[37m━━━━━━━━━━[0m [1m25:54[0m 27s/step - accuracy: 0.9111 - dice_coeff: 0.9068 - iou_score: 0.9004 - loss: 0.3428 - precision: 0.9197 - recall: 0.9773
[1m 68/125[0m [32m━━━━━━━━━━[0m[37m━━━━━━━━━━[0m [1m25:29[0m 27s/step - accuracy: 0.9110 - dice_coeff: 0.9068 - iou_score: 0.9004 - loss: 0.3428 - precision: 0.9197 - recall: 0.9773
[1m 69/125[0m [32m━━━━━━━━━━━[0m[37m━━━━━━━━━[0m [1m25:06[0m 27s/step - accuracy: 0.9110 - dice_coeff: 0.9068 - iou_score: 0.9004 - loss: 0.3429 - precision: 0.9197 - recall: 0.9773
[1m 70/125[0m [32m━━━━━━━━━━━[0m[37m━━━━━━━━━[0m [1m24:43[0m 27s/step - accuracy: 0.9110 - dice_coeff: 0.9068 - iou_score: 0.9004 - loss: 0.3429 - precision: 0.9197 - recall: 0.9773
[1m 71/125[0m [32m━━━━━━━━━━━[0m[37m━━━━━━━━━[0m [1m24:19[0m 27s/step - accuracy: 0.9110 - dice_coeff: 0.9068 - iou_score: 0.9004 - loss: 0.3429 - precision: 0.9197 - recall: 0.9773
[1m 72/125[0m [32m━━━━━━━━━━━[0m[37m━━━━━━━━━[0m [1m23:55[0m 27s/step - accuracy: 0.9110 - dice_coeff: 0.9068 - iou_score: 0.9004 - loss: 0.3429 - precision: 0.9196 - recall: 0.9773
[1m 73/125[0m [32m━━━━━━━━━━━[0m[37m━━━━━━━━━[0m [1m23:31[0m 27s/step - accuracy: 0.9110 - dice_coeff: 0.9068 - iou_score: 0.9003 - loss: 0.3429 - precision: 0.9196 - recall: 0.9773
[1m 74/125[0m [32m━━━━━━━━━━━[0m[37m━━━━━━━━━[0m [1m23:07[0m 27s/step - accuracy: 0.9109 - dice_coeff: 0.9068 - iou_score: 0.9003 - loss: 0.3429 - precision: 0.9196 - recall: 0.9773
[1m 75/125[0m [32m━━━━━━━━━━━━[0m[37m━━━━━━━━[0m [1m22:43[0m 27s/step - accuracy: 0.9109 - dice_coeff: 0.9068 - iou_score: 0.9003 - loss: 0.3430 - precision: 0.9196 - recall: 0.9773
[1m 76/125[0m [32m━━━━━━━━━━━━[0m[37m━━━━━━━━[0m [1m22:18[0m 27s/step - accuracy: 0.9109 - dice_coeff: 0.9068 - iou_score: 0.9003 - loss: 0.3430 - precision: 0.9196 - recall: 0.9773
[1m 77/125[0m [32m━━━━━━━━━━━━[0m[37m━━━━━━━━[0m [1m21:51[0m 27s/step - accuracy: 0.9109 - dice_coeff: 0.9068 - iou_score: 0.9003 - loss: 0.3430 - precision: 0.9196 - recall: 0.9773
[1m 78/125[0m [32m━━━━━━━━━━━━[0m[37m━━━━━━━━[0m [1m21:17[0m 27s/step - accuracy: 0.9109 - dice_coeff: 0.9068 - iou_score: 0.9003 - loss: 0.3430 - precision: 0.9195 - recall: 0.9773
[1m 79/125[0m [32m━━━━━━━━━━━━[0m[37m━━━━━━━━[0m [1m20:50[0m 27s/step - accuracy: 0.9109 - dice_coeff: 0.9068 - iou_score: 0.9002 - loss: 0.3430 - precision: 0.9195 - recall: 0.9773
[1m 80/125[0m [32m━━━━━━━━━━━━[0m[37m━━━━━━━━[0m [1m20:25[0m 27s/step - accuracy: 0.9109 - dice_coeff: 0.9068 - iou_score: 0.9002 - loss: 0.3430 - precision: 0.9195 - recall: 0.9773
[1m 81/125[0m [32m━━━━━━━━━━━━[0m[37m━━━━━━━━[0m [1m19:59[0m 27s/step - accuracy: 0.9108 - dice_coeff: 0.9068 - iou_score: 0.9002 - loss: 0.3431 - precision: 0.9195 - recall: 0.9773
[1m 82/125[0m [32m━━━━━━━━━━━━━[0m[37m━━━━━━━[0m [1m19:33[0m 27s/step - accuracy: 0.9108 - dice_coeff: 0.9068 - iou_score: 0.9002 - loss: 0.3431 - precision: 0.9195 - recall: 0.9773
[1m 83/125[0m [32m━━━━━━━━━━━━━[0m[37m━━━━━━━[0m [1m19:07[0m 27s/step - accuracy: 0.9108 - dice_coeff: 0.9068 - iou_score: 0.9002 - loss: 0.3431 - precision: 0.9194 - recall: 0.9773
[1m 84/125[0m [32m━━━━━━━━━━━━━[0m[37m━━━━━━━[0m [1m18:40[0m 27s/step - accuracy: 0.9108 - dice_coeff: 0.9068 - iou_score: 0.9001 - loss: 0.3431 - precision: 0.9194 - recall: 0.9773
[1m 85/125[0m [32m━━━━━━━━━━━━━[0m[37m━━━━━━━[0m [1m18:14[0m 27s/step - accuracy: 0.9108 - dice_coeff: 0.9068 - iou_score: 0.9001 - loss: 0.3432 - precision: 0.9194 - recall: 0.9773
[1m 86/125[0m [32m━━━━━━━━━━━━━[0m[37m━━━━━━━[0m [1m17:48[0m 27s/step - accuracy: 0.9107 - dice_coeff: 0.9068 - iou_score: 0.9001 - loss: 0.3432 - precision: 0.9194 - recall: 0.9773
[1m 87/125[0m [32m━━━━━━━━━━━━━[0m[37m━━━━━━━[0m [1m17:22[0m 27s/step - accuracy: 0.9107 - dice_coeff: 0.9068 - iou_score: 0.9001 - loss: 0.3432 - precision: 0.9194 - recall: 0.9773
[1m 88/125[0m [32m━━━━━━━━━━━━━━[0m[37m━━━━━━[0m [1m16:55[0m 27s/step - accuracy: 0.9107 - dice_coeff: 0.9068 - iou_score: 0.9001 - loss: 0.3432 - precision: 0.9193 - recall: 0.9773
[1m 89/125[0m [32m━━━━━━━━━━━━━━[0m[37m━━━━━━[0m [1m16:29[0m 27s/step - accuracy: 0.9107 - dice_coeff: 0.9068 - iou_score: 0.9000 - loss: 0.3432 - precision: 0.9193 - recall: 0.9773
[1m 90/125[0m [32m━━━━━━━━━━━━━━[0m[37m━━━━━━[0m [1m16:02[0m 28s/step - accuracy: 0.9107 - dice_coeff: 0.9068 - iou_score: 0.9000 - loss: 0.3432 - precision: 0.9193 - recall: 0.9773
[1m 91/125[0m [32m━━━━━━━━━━━━━━[0m[37m━━━━━━[0m [1m15:35[0m 28s/step - accuracy: 0.9107 - dice_coeff: 0.9068 - iou_score: 0.9000 - loss: 0.3432 - precision: 0.9193 - recall: 0.9773
[1m 92/125[0m [32m━━━━━━━━━━━━━━[0m[37m━━━━━━[0m [1m15:09[0m 28s/step - accuracy: 0.9107 - dice_coeff: 0.9068 - iou_score: 0.9000 - loss: 0.3433 - precision: 0.9193 - recall: 0.9773
[1m 93/125[0m [32m━━━━━━━━━━━━━━[0m[37m━━━━━━[0m [1m14:42[0m 28s/step - accuracy: 0.9106 - dice_coeff: 0.9068 - iou_score: 0.9000 - loss: 0.3433 - precision: 0.9192 - recall: 0.9773
[1m 94/125[0m [32m━━━━━━━━━━━━━━━[0m[37m━━━━━[0m [1m14:15[0m 28s/step - accuracy: 0.9106 - dice_coeff: 0.9068 - iou_score: 0.9000 - loss: 0.3433 - precision: 0.9192 - recall: 0.9773
[1m 95/125[0m [32m━━━━━━━━━━━━━━━[0m[37m━━━━━[0m [1m13:48[0m 28s/step - accuracy: 0.9106 - dice_coeff: 0.9068 - iou_score: 0.9000 - loss: 0.3433 - precision: 0.9192 - recall: 0.9773
[1m 96/125[0m [32m━━━━━━━━━━━━━━━[0m[37m━━━━━[0m [1m13:21[0m 28s/step - accuracy: 0.9106 - dice_coeff: 0.9068 - iou_score: 0.8999 - loss: 0.3433 - precision: 0.9192 - recall: 0.9773
[1m 97/125[0m [32m━━━━━━━━━━━━━━━[0m[37m━━━━━[0m [1m12:54[0m 28s/step - accuracy: 0.9106 - dice_coeff: 0.9068 - iou_score: 0.8999 - loss: 0.3433 - precision: 0.9192 - recall: 0.9773
[1m 98/125[0m [32m━━━━━━━━━━━━━━━[0m[37m━━━━━[0m [1m12:27[0m 28s/step - accuracy: 0.9106 - dice_coeff: 0.9068 - iou_score: 0.8999 - loss: 0.3433 - precision: 0.9192 - recall: 0.9773
[1m 99/125[0m [32m━━━━━━━━━━━━━━━[0m[37m━━━━━[0m [1m12:00[0m 28s/step - accuracy: 0.9106 - dice_coeff: 0.9068 - iou_score: 0.8999 - loss: 0.3433 - precision: 0.9192 - recall: 0.9773
[1m100/125[0m [32m━━━━━━━━━━━━━━━━[0m[37m━━━━[0m [1m11:32[0m 28s/step - accuracy: 0.9106 - dice_coeff: 0.9068 - iou_score: 0.8999 - loss: 0.3433 - precision: 0.9191 - recall: 0.9773
[1m101/125[0m [32m━━━━━━━━━━━━━━━━[0m[37m━━━━[0m [1m11:05[0m 28s/step - accuracy: 0.9105 - dice_coeff: 0.9068 - iou_score: 0.8999 - loss: 0.3433 - precision: 0.9191 - recall: 0.9773
[1m102/125[0m [32m━━━━━━━━━━━━━━━━[0m[37m━━━━[0m [1m10:38[0m 28s/step - accuracy: 0.9105 - dice_coeff: 0.9068 - iou_score: 0.8999 - loss: 0.3433 - precision: 0.9191 - recall: 0.9773
[1m103/125[0m [32m━━━━━━━━━━━━━━━━[0m[37m━━━━[0m [1m10:10[0m 28s/step - accuracy: 0.9105 - dice_coeff: 0.9068 - iou_score: 0.8998 - loss: 0.3433 - precision: 0.9191 - recall: 0.9773
[1m104/125[0m [32m━━━━━━━━━━━━━━━━[0m[37m━━━━[0m [1m9:40[0m 28s/step - accuracy: 0.9105 - dice_coeff: 0.9068 - iou_score: 0.8998 - loss: 0.3433 - precision: 0.9191 - recall: 0.9773 
[1m105/125[0m [32m━━━━━━━━━━━━━━━━[0m[37m━━━━[0m [1m9:09[0m 27s/step - accuracy: 0.9105 - dice_coeff: 0.9068 - iou_score: 0.8998 - loss: 0.3433 - precision: 0.9191 - recall: 0.9773
[1m106/125[0m [32m━━━━━━━━━━━━━━━━[0m[37m━━━━[0m [1m8:39[0m 27s/step - accuracy: 0.9105 - dice_coeff: 0.9068 - iou_score: 0.8998 - loss: 0.3433 - precision: 0.9191 - recall: 0.9773
[1m107/125[0m [32m━━━━━━━━━━━━━━━━━[0m[37m━━━[0m [1m8:09[0m 27s/step - accuracy: 0.9105 - dice_coeff: 0.9068 - iou_score: 0.8998 - loss: 0.3433 - precision: 0.9190 - recall: 0.9773
[1m108/125[0m [32m━━━━━━━━━━━━━━━━━[0m[37m━━━[0m [1m7:40[0m 27s/step - accuracy: 0.9105 - dice_coeff: 0.9068 - iou_score: 0.8998 - loss: 0.3433 - precision: 0.9190 - recall: 0.9773
[1m109/125[0m [32m━━━━━━━━━━━━━━━━━[0m[37m━━━[0m [1m7:11[0m 27s/step - accuracy: 0.9105 - dice_coeff: 0.9068 - iou_score: 0.8998 - loss: 0.3433 - precision: 0.9190 - recall: 0.9773
[1m110/125[0m [32m━━━━━━━━━━━━━━━━━[0m[37m━━━[0m [1m6:42[0m 27s/step - accuracy: 0.9104 - dice_coeff: 0.9068 - iou_score: 0.8998 - loss: 0.3433 - precision: 0.9190 - recall: 0.9773
[1m111/125[0m [32m━━━━━━━━━━━━━━━━━[0m[37m━━━[0m [1m6:13[0m 27s/step - accuracy: 0.9104 - dice_coeff: 0.9068 - iou_score: 0.8997 - loss: 0.3433 - precision: 0.9190 - recall: 0.9773
[1m112/125[0m [32m━━━━━━━━━━━━━━━━━[0m[37m━━━[0m [1m5:45[0m 27s/step - accuracy: 0.9104 - dice_coeff: 0.9068 - iou_score: 0.8997 - loss: 0.3433 - precision: 0.9190 - recall: 0.9773
[1m113/125[0m [32m━━━━━━━━━━━━━━━━━━[0m[37m━━[0m [1m5:17[0m 26s/step - accuracy: 0.9104 - dice_coeff: 0.9068 - iou_score: 0.8997 - loss: 0.3433 - precision: 0.9190 - recall: 0.9773
[1m114/125[0m [32m━━━━━━━━━━━━━━━━━━[0m[37m━━[0m [1m4:49[0m 26s/step - accuracy: 0.9104 - dice_coeff: 0.9068 - iou_score: 0.8997 - loss: 0.3433 - precision: 0.9190 - recall: 0.9773
[1m115/125[0m [32m━━━━━━━━━━━━━━━━━━[0m[37m━━[0m [1m4:22[0m 26s/step - accuracy: 0.9104 - dice_coeff: 0.9068 - iou_score: 0.8997 - loss: 0.3433 - precision: 0.9189 - recall: 0.9773
[1m116/125[0m [32m━━━━━━━━━━━━━━━━━━[0m[37m━━[0m [1m3:55[0m 26s/step - accuracy: 0.9104 - dice_coeff: 0.9068 - iou_score: 0.8997 - loss: 0.3433 - precision: 0.9189 - recall: 0.9773
[1m117/125[0m [32m━━━━━━━━━━━━━━━━━━[0m[37m━━[0m [1m3:28[0m 26s/step - accuracy: 0.9104 - dice_coeff: 0.9068 - iou_score: 0.8997 - loss: 0.3433 - precision: 0.9189 - recall: 0.9773
[1m118/125[0m [32m━━━━━━━━━━━━━━━━━━[0m[37m━━[0m [1m3:01[0m 26s/step - accuracy: 0.9104 - dice_coeff: 0.9068 - iou_score: 0.8997 - loss: 0.3433 - precision: 0.9189 - recall: 0.9773
[1m119/125[0m [32m━━━━━━━━━━━━━━━━━━━[0m[37m━[0m [1m2:35[0m 26s/step - accuracy: 0.9104 - dice_coeff: 0.9069 - iou_score: 0.8997 - loss: 0.3433 - precision: 0.9189 - recall: 0.9773
[1m120/125[0m [32m━━━━━━━━━━━━━━━━━━━[0m[37m━[0m [1m2:08[0m 26s/step - accuracy: 0.9104 - dice_coeff: 0.9069 - iou_score: 0.8996 - loss: 0.3433 - precision: 0.9189 - recall: 0.9773
[1m121/125[0m [32m━━━━━━━━━━━━━━━━━━━[0m[37m━[0m [1m1:42[0m 26s/step - accuracy: 0.9103 - dice_coeff: 0.9069 - iou_score: 0.8996 - loss: 0.3433 - precision: 0.9189 - recall: 0.9773
[1m122/125[0m [32m━━━━━━━━━━━━━━━━━━━[0m[37m━[0m [1m1:16[0m 26s/step - accuracy: 0.9103 - dice_coeff: 0.9069 - iou_score: 0.8996 - loss: 0.3433 - precision: 0.9189 - recall: 0.9773
[1m123/125[0m [32m━━━━━━━━━━━━━━━━━━━[0m[37m━[0m [1m50s[0m 25s/step - accuracy: 0.9103 - dice_coeff: 0.9069 - iou_score: 0.8996 - loss: 0.3433 - precision: 0.9189 - recall: 0.9773 
[1m124/125[0m [32m━━━━━━━━━━━━━━━━━━━[0m[37m━[0m [1m25s[0m 25s/step - accuracy: 0.9103 - dice_coeff: 0.9069 - iou_score: 0.8996 - loss: 0.3433 - precision: 0.9188 - recall: 0.9773
[1m125/125[0m [32m━━━━━━━━━━━━━━━━━━━━[0m[37m[0m [1m0s[0m 25s/step - accuracy: 0.9103 - dice_coeff: 0.9069 - iou_score: 0.8996 - loss: 0.3433 - precision: 0.9188 - recall: 0.9773 
Epoch 3: val_dice_coeff improved from 0.87462 to 0.88103, saving model to D:\labdatanew@aniket\unet++\models\best_model.keras

Epoch 3: finished saving model to D:\labdatanew@aniket\unet++\models\best_model.keras

[1m125/125[0m [32m━━━━━━━━━━━━━━━━━━━━[0m[37m[0m [1m3289s[0m 26s/step - accuracy: 0.9093 - dice_coeff: 0.9073 - iou_score: 0.8984 - loss: 0.3430 - precision: 0.9175 - recall: 0.9774 - val_accuracy: 0.7963 - val_dice_coeff: 0.8810 - val_iou_score: 0.7958 - val_loss: 1.0387 - val_precision: 0.7958 - val_recall: 1.0000 - learning_rate: 5.0000e-05
Epoch 4/100

[1m  1/125[0m [37m━━━━━━━━━━━━━━━━━━━━[0m [1m31:17[0m 15s/step - accuracy: 0.9002 - dice_coeff: 0.9038 - iou_score: 0.8891 - loss: 0.3637 - precision: 0.9061 - recall: 0.9794
[1m  2/125[0m [37m━━━━━━━━━━━━━━━━━━━━[0m [1m29:39[0m 14s/step - accuracy: 0.8985 - dice_coeff: 0.9027 - iou_score: 0.8872 - loss: 0.3675 - precision: 0.9046 - recall: 0.9787
[1m  3/125[0m [37m━━━━━━━━━━━━━━━━━━━━[0m [1m28:58[0m 14s/step - accuracy: 0.8993 - dice_coeff: 0.9028 - iou_score: 0.8881 - loss: 0.3652 - precision: 0.9058 - recall: 0.9785
[1m  4/125[0m [37m━━━━━━━━━━━━━━━━━━━━[0m [1m28:24[0m 14s/step - accuracy: 0.9005 - dice_coeff: 0.9034 - iou_score: 0.8893 - loss: 0.3620 - precision: 0.9069 - recall: 0.9785
[1m  5/125[0m [37m━━━━━━━━━━━━━━━━━━━━[0m [1m28:06[0m 14s/step - accuracy: 0.9015 - dice_coeff: 0.9041 - iou_score: 0.8903 - loss: 0.3589 - precision: 0.9077 - recall: 0.9788
[1m  6/125[0m [37m━━━━━━━━━━━━━━━━━━━━[0m [1m27:45[0m 14s/step - accuracy: 0.9026 - dice_coeff: 0.9048 - iou_score: 0.8913 - loss: 0.3556 - precision: 0.9086 - recall: 0.9790
[1m  7/125[0m [32m━[0m[37m━━━━━━━━━━━━━━━━━━━[0m [1m27:32[0m 14s/step - accuracy: 0.9035 - dice_coeff: 0.9054 - iou_score: 0.8923 - loss: 0.3527 - precision: 0.9095 - recall: 0.9792
[1m  8/125[0m [32m━[0m[37m━━━━━━━━━━━━━━━━━━━[0m [1m27:18[0m 14s/step - accuracy: 0.9043 - dice_coeff: 0.9059 - iou_score: 0.8931 - loss: 0.3505 - precision: 0.9103 - recall: 0.9793
[1m  9/125[0m [32m━[0m[37m━━━━━━━━━━━━━━━━━━━[0m [1m27:02[0m 14s/step - accuracy: 0.9050 - dice_coeff: 0.9063 - iou_score: 0.8938 - loss: 0.3484 - precision: 0.9112 - recall: 0.9791
[1m 10/125[0m [32m━[0m[37m━━━━━━━━━━━━━━━━━━━[0m [1m26:50[0m 14s/step - accuracy: 0.9054 - dice_coeff: 0.9065 - iou_score: 0.8942 - loss: 0.3474 - precision: 0.9117 - recall: 0.9790
[1m 11/125[0m [32m━[0m[37m━━━━━━━━━━━━━━━━━━━[0m [1m26:36[0m 14s/step - accuracy: 0.9058 - dice_coeff: 0.9068 - iou_score: 0.8946 - loss: 0.3462 - precision: 0.9122 - recall: 0.9788
[1m 12/125[0m [32m━[0m[37m━━━━━━━━━━━━━━━━━━━[0m [1m26:20[0m 14s/step - accuracy: 0.9062 - dice_coeff: 0.9071 - iou_score: 0.8950 - loss: 0.3451 - precision: 0.9127 - recall: 0.9788
[1m 13/125[0m [32m━━[0m[37m━━━━━━━━━━━━━━━━━━[0m [1m26:05[0m 14s/step - accuracy: 0.9065 - dice_coeff: 0.9073 - iou_score: 0.8954 - loss: 0.3441 - precision: 0.9133 - recall: 0.9786
[1m 14/125[0m [32m━━[0m[37m━━━━━━━━━━━━━━━━━━[0m [1m25:52[0m 14s/step - accuracy: 0.9068 - dice_coeff: 0.9075 - iou_score: 0.8957 - loss: 0.3433 - precision: 0.9137 - recall: 0.9785
[1m 15/125[0m [32m━━[0m[37m━━━━━━━━━━━━━━━━━━[0m [1m25:39[0m 14s/step - accuracy: 0.9071 - dice_coeff: 0.9077 - iou_score: 0.8959 - loss: 0.3427 - precision: 0.9141 - recall: 0.9784
[1m 16/125[0m [32m━━[0m[37m━━━━━━━━━━━━━━━━━━[0m [1m25:26[0m 14s/step - accuracy: 0.9072 - dice_coeff: 0.9078 - iou_score: 0.8961 - loss: 0.3424 - precision: 0.9143 - recall: 0.9782
[1m 17/125[0m [32m━━[0m[37m━━━━━━━━━━━━━━━━━━[0m [1m25:09[0m 14s/step - accuracy: 0.9073 - dice_coeff: 0.9079 - iou_score: 0.8962 - loss: 0.3421 - precision: 0.9145 - recall: 0.9781
[1m 18/125[0m [32m━━[0m[37m━━━━━━━━━━━━━━━━━━[0m [1m24:57[0m 14s/step - accuracy: 0.9074 - dice_coeff: 0.9079 - iou_score: 0.8963 - loss: 0.3418 - precision: 0.9147 - recall: 0.9781
[1m 19/125[0m [32m━━━[0m[37m━━━━━━━━━━━━━━━━━[0m [1m24:43[0m 14s/step - accuracy: 0.9076 - dice_coeff: 0.9080 - iou_score: 0.8965 - loss: 0.3415 - precision: 0.9149 - recall: 0.9780
[1m 20/125[0m [32m━━━[0m[37m━━━━━━━━━━━━━━━━━[0m [1m24:30[0m 14s/step - accuracy: 0.9077 - dice_coeff: 0.9081 - iou_score: 0.8966 - loss: 0.3411 - precision: 0.9151 - recall: 0.9780
[1m 21/125[0m [32m━━━[0m[37m━━━━━━━━━━━━━━━━━[0m [1m24:16[0m 14s/step - accuracy: 0.9078 - dice_coeff: 0.9082 - iou_score: 0.8968 - loss: 0.3407 - precision: 0.9153 - recall: 0.9780
[1m 22/125[0m [32m━━━[0m[37m━━━━━━━━━━━━━━━━━[0m [1m24:00[0m 14s/step - accuracy: 0.9080 - dice_coeff: 0.9083 - iou_score: 0.8970 - loss: 0.3403 - precision: 0.9155 - recall: 0.9779
[1m 23/125[0m [32m━━━[0m[37m━━━━━━━━━━━━━━━━━[0m [1m23:46[0m 14s/step - accuracy: 0.9081 - dice_coeff: 0.9084 - iou_score: 0.8971 - loss: 0.3400 - precision: 0.9157 - recall: 0.9779
[1m 24/125[0m [32m━━━[0m[37m━━━━━━━━━━━━━━━━━[0m [1m23:33[0m 14s/step - accuracy: 0.9083 - dice_coeff: 0.9085 - iou_score: 0.8973 - loss: 0.3396 - precision: 0.9159 - recall: 0.9779
[1m 25/125[0m [32m━━━━[0m[37m━━━━━━━━━━━━━━━━[0m [1m23:20[0m 14s/step - accuracy: 0.9084 - dice_coeff: 0.9086 - iou_score: 0.8974 - loss: 0.3392 - precision: 0.9160 - recall: 0.9779
[1m 26/125[0m [32m━━━━[0m[37m━━━━━━━━━━━━━━━━[0m [1m23:06[0m 14s/step - accuracy: 0.9086 - dice_coeff: 0.9087 - iou_score: 0.8976 - loss: 0.3388 - precision: 0.9162 - recall: 0.9779
[1m 27/125[0m [32m━━━━[0m[37m━━━━━━━━━━━━━━━━[0m [1m22:51[0m 14s/step - accuracy: 0.9087 - dice_coeff: 0.9089 - iou_score: 0.8978 - loss: 0.3384 - precision: 0.9163 - recall: 0.9780
[1m 28/125[0m [32m━━━━[0m[37m━━━━━━━━━━━━━━━━[0m [1m22:37[0m 14s/step - accuracy: 0.9088 - dice_coeff: 0.9089 - iou_score: 0.8979 - loss: 0.3381 - precision: 0.9165 - recall: 0.9780
[1m 29/125[0m [32m━━━━[0m[37m━━━━━━━━━━━━━━━━[0m [1m22:23[0m 14s/step - accuracy: 0.9089 - dice_coeff: 0.9090 - iou_score: 0.8980 - loss: 0.3378 - precision: 0.9165 - recall: 0.9780
[1m 30/125[0m [32m━━━━[0m[37m━━━━━━━━━━━━━━━━[0m [1m22:09[0m 14s/step - accuracy: 0.9090 - dice_coeff: 0.9091 - iou_score: 0.8981 - loss: 0.3375 - precision: 0.9166 - recall: 0.9780
[1m 31/125[0m [32m━━━━[0m[37m━━━━━━━━━━━━━━━━[0m [1m21:55[0m 14s/step - accuracy: 0.9091 - dice_coeff: 0.9092 - iou_score: 0.8982 - loss: 0.3373 - precision: 0.9167 - recall: 0.9780
[1m 32/125[0m [32m━━━━━[0m[37m━━━━━━━━━━━━━━━[0m [1m21:40[0m 14s/step - accuracy: 0.9092 - dice_coeff: 0.9092 - iou_score: 0.8983 - loss: 0.3371 - precision: 0.9168 - recall: 0.9780
[1m 33/125[0m [32m━━━━━[0m[37m━━━━━━━━━━━━━━━[0m [1m21:26[0m 14s/step - accuracy: 0.9093 - dice_coeff: 0.9093 - iou_score: 0.8984 - loss: 0.3368 - precision: 0.9169 - recall: 0.9780
[1m 34/125[0m [32m━━━━━[0m[37m━━━━━━━━━━━━━━━[0m [1m21:12[0m 14s/step - accuracy: 0.9093 - dice_coeff: 0.9094 - iou_score: 0.8984 - loss: 0.3366 - precision: 0.9170 - recall: 0.9780
[1m 35/125[0m [32m━━━━━[0m[37m━━━━━━━━━━━━━━━[0m [1m20:59[0m 14s/step - accuracy: 0.9094 - dice_coeff: 0.9094 - iou_score: 0.8985 - loss: 0.3364 - precision: 0.9171 - recall: 0.9780
[1m 36/125[0m [32m━━━━━[0m[37m━━━━━━━━━━━━━━━[0m [1m20:46[0m 14s/step - accuracy: 0.9095 - dice_coeff: 0.9095 - iou_score: 0.8986 - loss: 0.3362 - precision: 0.9171 - recall: 0.9780
[1m 37/125[0m [32m━━━━━[0m[37m━━━━━━━━━━━━━━━[0m [1m20:33[0m 14s/step - accuracy: 0.9095 - dice_coeff: 0.9095 - iou_score: 0.8986 - loss: 0.3361 - precision: 0.9172 - recall: 0.9780
[1m 38/125[0m [32m━━━━━━[0m[37m━━━━━━━━━━━━━━[0m [1m20:19[0m 14s/step - accuracy: 0.9096 - dice_coeff: 0.9096 - iou_score: 0.8987 - loss: 0.3359 - precision: 0.9173 - recall: 0.9780
[1m 39/125[0m [32m━━━━━━[0m[37m━━━━━━━━━━━━━━[0m [1m20:05[0m 14s/step - accuracy: 0.9096 - dice_coeff: 0.9096 - iou_score: 0.8987 - loss: 0.3357 - precision: 0.9173 - recall: 0.9780
[1m 40/125[0m [32m━━━━━━[0m[37m━━━━━━━━━━━━━━[0m [1m19:51[0m 14s/step - accuracy: 0.9097 - dice_coeff: 0.9097 - iou_score: 0.8988 - loss: 0.3355 - precision: 0.9174 - recall: 0.9780
[1m 41/125[0m [32m━━━━━━[0m[37m━━━━━━━━━━━━━━[0m [1m19:36[0m 14s/step - accuracy: 0.9097 - dice_coeff: 0.9097 - iou_score: 0.8988 - loss: 0.3354 - precision: 0.9174 - recall: 0.9780
[1m 42/125[0m [32m━━━━━━[0m[37m━━━━━━━━━━━━━━[0m [1m19:22[0m 14s/step - accuracy: 0.9098 - dice_coeff: 0.9097 - iou_score: 0.8989 - loss: 0.3352 - precision: 0.9175 - recall: 0.9780
[1m 43/125[0m [32m━━━━━━[0m[37m━━━━━━━━━━━━━━[0m [1m19:08[0m 14s/step - accuracy: 0.9098 - dice_coeff: 0.9098 - iou_score: 0.8989 - loss: 0.3351 - precision: 0.9175 - recall: 0.9780
[1m 44/125[0m [32m━━━━━━━[0m[37m━━━━━━━━━━━━━[0m [1m18:53[0m 14s/step - accuracy: 0.9099 - dice_coeff: 0.9098 - iou_score: 0.8990 - loss: 0.3350 - precision: 0.9176 - recall: 0.9780
[1m 45/125[0m [32m━━━━━━━[0m[37m━━━━━━━━━━━━━[0m [1m18:39[0m 14s/step - accuracy: 0.9099 - dice_coeff: 0.9098 - iou_score: 0.8990 - loss: 0.3349 - precision: 0.9176 - recall: 0.9780
[1m 46/125[0m [32m━━━━━━━[0m[37m━━━━━━━━━━━━━[0m [1m18:25[0m 14s/step - accuracy: 0.9099 - dice_coeff: 0.9099 - iou_score: 0.8990 - loss: 0.3348 - precision: 0.9176 - recall: 0.9780
[1m 47/125[0m [32m━━━━━━━[0m[37m━━━━━━━━━━━━━[0m [1m18:10[0m 14s/step - accuracy: 0.9100 - dice_coeff: 0.9099 - iou_score: 0.8991 - loss: 0.3346 - precision: 0.9177 - recall: 0.9780
[1m 48/125[0m [32m━━━━━━━[0m[37m━━━━━━━━━━━━━[0m [1m17:56[0m 14s/step - accuracy: 0.9100 - dice_coeff: 0.9099 - iou_score: 0.8991 - loss: 0.3345 - precision: 0.9177 - recall: 0.9780
[1m 49/125[0m [32m━━━━━━━[0m[37m━━━━━━━━━━━━━[0m [1m17:42[0m 14s/step - accuracy: 0.9100 - dice_coeff: 0.9099 - iou_score: 0.8991 - loss: 0.3344 - precision: 0.9178 - recall: 0.9780
[1m 50/125[0m [32m━━━━━━━━[0m[37m━━━━━━━━━━━━[0m [1m17:28[0m 14s/step - accuracy: 0.9100 - dice_coeff: 0.9100 - iou_score: 0.8992 - loss: 0.3343 - precision: 0.9178 - recall: 0.9780
[1m 51/125[0m [32m━━━━━━━━[0m[37m━━━━━━━━━━━━[0m [1m17:14[0m 14s/step - accuracy: 0.9101 - dice_coeff: 0.9100 - iou_score: 0.8992 - loss: 0.3342 - precision: 0.9178 - recall: 0.9780
[1m 52/125[0m [32m━━━━━━━━[0m[37m━━━━━━━━━━━━[0m [1m17:00[0m 14s/step - accuracy: 0.9101 - dice_coeff: 0.9100 - iou_score: 0.8992 - loss: 0.3342 - precision: 0.9179 - recall: 0.9779
[1m 53/125[0m [32m━━━━━━━━[0m[37m━━━━━━━━━━━━[0m [1m16:46[0m 14s/step - accuracy: 0.9101 - dice_coeff: 0.9100 - iou_score: 0.8992 - loss: 0.3341 - precision: 0.9179 - recall: 0.9779
[1m 54/125[0m [32m━━━━━━━━[0m[37m━━━━━━━━━━━━[0m [1m16:31[0m 14s/step - accuracy: 0.9101 - dice_coeff: 0.9101 - iou_score: 0.8993 - loss: 0.3340 - precision: 0.9179 - recall: 0.9779
[1m 55/125[0m [32m━━━━━━━━[0m[37m━━━━━━━━━━━━[0m [1m16:17[0m 14s/step - accuracy: 0.9102 - dice_coeff: 0.9101 - iou_score: 0.8993 - loss: 0.3339 - precision: 0.9180 - recall: 0.9779
[1m 56/125[0m [32m━━━━━━━━[0m[37m━━━━━━━━━━━━[0m [1m16:03[0m 14s/step - accuracy: 0.9102 - dice_coeff: 0.9101 - iou_score: 0.8993 - loss: 0.3338 - precision: 0.9180 - recall: 0.9779
[1m 57/125[0m [32m━━━━━━━━━[0m[37m━━━━━━━━━━━[0m [1m15:49[0m 14s/step - accuracy: 0.9102 - dice_coeff: 0.9101 - iou_score: 0.8993 - loss: 0.3338 - precision: 0.9180 - recall: 0.9779
[1m 58/125[0m [32m━━━━━━━━━[0m[37m━━━━━━━━━━━[0m [1m15:34[0m 14s/step - accuracy: 0.9102 - dice_coeff: 0.9102 - iou_score: 0.8994 - loss: 0.3337 - precision: 0.9180 - recall: 0.9779
[1m 59/125[0m [32m━━━━━━━━━[0m[37m━━━━━━━━━━━[0m [1m15:20[0m 14s/step - accuracy: 0.9103 - dice_coeff: 0.9102 - iou_score: 0.8994 - loss: 0.3336 - precision: 0.9181 - recall: 0.9779
[1m 60/125[0m [32m━━━━━━━━━[0m[37m━━━━━━━━━━━[0m [1m15:06[0m 14s/step - accuracy: 0.9103 - dice_coeff: 0.9102 - iou_score: 0.8994 - loss: 0.3335 - precision: 0.9181 - recall: 0.9779
[1m 61/125[0m [32m━━━━━━━━━[0m[37m━━━━━━━━━━━[0m [1m14:52[0m 14s/step - accuracy: 0.9103 - dice_coeff: 0.9102 - iou_score: 0.8995 - loss: 0.3334 - precision: 0.9181 - recall: 0.9779
[1m 62/125[0m [32m━━━━━━━━━[0m[37m━━━━━━━━━━━[0m [1m48:40[0m 46s/step - accuracy: 0.9103 - dice_coeff: 0.9103 - iou_score: 0.8995 - loss: 0.3333 - precision: 0.9182 - recall: 0.9779
[1m 63/125[0m [32m━━━━━━━━━━[0m[37m━━━━━━━━━━[0m [1m47:22[0m 46s/step - accuracy: 0.9104 - dice_coeff: 0.9103 - iou_score: 0.8995 - loss: 0.3332 - precision: 0.9182 - recall: 0.9779
[1m 64/125[0m [32m━━━━━━━━━━[0m[37m━━━━━━━━━━[0m [1m46:05[0m 45s/step - accuracy: 0.9104 - dice_coeff: 0.9103 - iou_score: 0.8995 - loss: 0.3331 - precision: 0.9182 - recall: 0.9779
[1m 65/125[0m [32m━━━━━━━━━━[0m[37m━━━━━━━━━━[0m [1m44:52[0m 45s/step - accuracy: 0.9104 - dice_coeff: 0.9104 - iou_score: 0.8996 - loss: 0.3330 - precision: 0.9183 - recall: 0.9779
[1m 66/125[0m [32m━━━━━━━━━━[0m[37m━━━━━━━━━━[0m [1m43:42[0m 44s/step - accuracy: 0.9105 - dice_coeff: 0.9104 - iou_score: 0.8996 - loss: 0.3329 - precision: 0.9183 - recall: 0.9779
[1m 67/125[0m [32m━━━━━━━━━━[0m[37m━━━━━━━━━━[0m [1m42:32[0m 44s/step - accuracy: 0.9105 - dice_coeff: 0.9104 - iou_score: 0.8996 - loss: 0.3328 - precision: 0.9183 - recall: 0.9779
[1m 68/125[0m [32m━━━━━━━━━━[0m[37m━━━━━━━━━━[0m [1m41:26[0m 44s/step - accuracy: 0.9105 - dice_coeff: 0.9104 - iou_score: 0.8997 - loss: 0.3327 - precision: 0.9183 - recall: 0.9779
[1m 69/125[0m [32m━━━━━━━━━━━[0m[37m━━━━━━━━━[0m [1m40:21[0m 43s/step - accuracy: 0.9105 - dice_coeff: 0.9105 - iou_score: 0.8997 - loss: 0.3326 - precision: 0.9184 - recall: 0.9779
[1m 70/125[0m [32m━━━━━━━━━━━[0m[37m━━━━━━━━━[0m [1m39:17[0m 43s/step - accuracy: 0.9106 - dice_coeff: 0.9105 - iou_score: 0.8997 - loss: 0.3325 - precision: 0.9184 - recall: 0.9779
[1m 71/125[0m [32m━━━━━━━━━━━[0m[37m━━━━━━━━━[0m [1m38:14[0m 42s/step - accuracy: 0.9106 - dice_coeff: 0.9105 - iou_score: 0.8998 - loss: 0.3324 - precision: 0.9184 - recall: 0.9779
[1m 72/125[0m [32m━━━━━━━━━━━[0m[37m━━━━━━━━━[0m [1m37:13[0m 42s/step - accuracy: 0.9106 - dice_coeff: 0.9106 - iou_score: 0.8998 - loss: 0.3322 - precision: 0.9185 - recall: 0.9779
[1m 73/125[0m [32m━━━━━━━━━━━[0m[37m━━━━━━━━━[0m [1m36:13[0m 42s/step - accuracy: 0.9107 - dice_coeff: 0.9106 - iou_score: 0.8998 - loss: 0.3321 - precision: 0.9185 - recall: 0.9779
[1m 74/125[0m [32m━━━━━━━━━━━[0m[37m━━━━━━━━━[0m [1m35:14[0m 41s/step - accuracy: 0.9107 - dice_coeff: 0.9106 - iou_score: 0.8999 - loss: 0.3320 - precision: 0.9185 - recall: 0.9779
[1m 75/125[0m [32m━━━━━━━━━━━━[0m[37m━━━━━━━━[0m [1m34:16[0m 41s/step - accuracy: 0.9107 - dice_coeff: 0.9107 - iou_score: 0.8999 - loss: 0.3319 - precision: 0.9186 - recall: 0.9779
[1m 76/125[0m [32m━━━━━━━━━━━━[0m[37m━━━━━━━━[0m [1m33:17[0m 41s/step - accuracy: 0.9108 - dice_coeff: 0.9107 - iou_score: 0.8999 - loss: 0.3318 - precision: 0.9186 - recall: 0.9779
[1m 77/125[0m [32m━━━━━━━━━━━━[0m[37m━━━━━━━━[0m [1m32:17[0m 40s/step - accuracy: 0.9108 - dice_coeff: 0.9107 - iou_score: 0.9000 - loss: 0.3317 - precision: 0.9186 - recall: 0.9779
[1m 78/125[0m [32m━━━━━━━━━━━━[0m[37m━━━━━━━━[0m [1m31:27[0m 40s/step - accuracy: 0.9108 - dice_coeff: 0.9107 - iou_score: 0.9000 - loss: 0.3316 - precision: 0.9187 - recall: 0.9779
[1m 79/125[0m [32m━━━━━━━━━━━━[0m[37m━━━━━━━━[0m [1m30:40[0m 40s/step - accuracy: 0.9109 - dice_coeff: 0.9108 - iou_score: 0.9000 - loss: 0.3315 - precision: 0.9187 - recall: 0.9779
[1m 80/125[0m [32m━━━━━━━━━━━━[0m[37m━━━━━━━━[0m [1m29:54[0m 40s/step - accuracy: 0.9109 - dice_coeff: 0.9108 - iou_score: 0.9000 - loss: 0.3314 - precision: 0.9187 - recall: 0.9779
[1m 81/125[0m [32m━━━━━━━━━━━━[0m[37m━━━━━━━━[0m [1m29:00[0m 40s/step - accuracy: 0.9109 - dice_coeff: 0.9108 - iou_score: 0.9001 - loss: 0.3313 - precision: 0.9188 - recall: 0.9779
[1m 82/125[0m [32m━━━━━━━━━━━━━[0m[37m━━━━━━━[0m [1m28:06[0m 39s/step - accuracy: 0.9109 - dice_coeff: 0.9109 - iou_score: 0.9001 - loss: 0.3312 - precision: 0.9188 - recall: 0.9779
[1m 83/125[0m [32m━━━━━━━━━━━━━[0m[37m━━━━━━━[0m [1m27:14[0m 39s/step - accuracy: 0.9110 - dice_coeff: 0.9109 - iou_score: 0.9001 - loss: 0.3311 - precision: 0.9188 - recall: 0.9779
[1m 84/125[0m [32m━━━━━━━━━━━━━[0m[37m━━━━━━━[0m [1m26:23[0m 39s/step - accuracy: 0.9110 - dice_coeff: 0.9109 - iou_score: 0.9002 - loss: 0.3310 - precision: 0.9188 - recall: 0.9779
[1m 85/125[0m [32m━━━━━━━━━━━━━[0m[37m━━━━━━━[0m [1m25:32[0m 38s/step - accuracy: 0.9110 - dice_coeff: 0.9109 - iou_score: 0.9002 - loss: 0.3309 - precision: 0.9189 - recall: 0.9779
[1m 86/125[0m [32m━━━━━━━━━━━━━[0m[37m━━━━━━━[0m [1m24:43[0m 38s/step - accuracy: 0.9110 - dice_coeff: 0.9110 - iou_score: 0.9002 - loss: 0.3308 - precision: 0.9189 - recall: 0.9779
[1m 87/125[0m [32m━━━━━━━━━━━━━[0m[37m━━━━━━━[0m [1m23:54[0m 38s/step - accuracy: 0.9111 - dice_coeff: 0.9110 - iou_score: 0.9002 - loss: 0.3307 - precision: 0.9189 - recall: 0.9779
[1m 88/125[0m [32m━━━━━━━━━━━━━━[0m[37m━━━━━━[0m [1m23:06[0m 37s/step - accuracy: 0.9111 - dice_coeff: 0.9110 - iou_score: 0.9003 - loss: 0.3306 - precision: 0.9189 - recall: 0.9779
[1m 89/125[0m [32m━━━━━━━━━━━━━━[0m[37m━━━━━━[0m [1m22:19[0m 37s/step - accuracy: 0.9111 - dice_coeff: 0.9110 - iou_score: 0.9003 - loss: 0.3305 - precision: 0.9190 - recall: 0.9779
[1m 90/125[0m [32m━━━━━━━━━━━━━━[0m[37m━━━━━━[0m [1m21:32[0m 37s/step - accuracy: 0.9111 - dice_coeff: 0.9111 - iou_score: 0.9003 - loss: 0.3304 - precision: 0.9190 - recall: 0.9779
[1m 91/125[0m [32m━━━━━━━━━━━━━━[0m[37m━━━━━━[0m [1m20:47[0m 37s/step - accuracy: 0.9111 - dice_coeff: 0.9111 - iou_score: 0.9003 - loss: 0.3304 - precision: 0.9190 - recall: 0.9779
[1m 92/125[0m [32m━━━━━━━━━━━━━━[0m[37m━━━━━━[0m [1m20:02[0m 36s/step - accuracy: 0.9112 - dice_coeff: 0.9111 - iou_score: 0.9003 - loss: 0.3303 - precision: 0.9190 - recall: 0.9779
[1m 93/125[0m [32m━━━━━━━━━━━━━━[0m[37m━━━━━━[0m [1m19:18[0m 36s/step - accuracy: 0.9112 - dice_coeff: 0.9111 - iou_score: 0.9004 - loss: 0.3302 - precision: 0.9191 - recall: 0.9779
[1m 94/125[0m [32m━━━━━━━━━━━━━━━[0m[37m━━━━━[0m [1m18:35[0m 36s/step - accuracy: 0.9112 - dice_coeff: 0.9112 - iou_score: 0.9004 - loss: 0.3301 - precision: 0.9191 - recall: 0.9779
[1m 95/125[0m [32m━━━━━━━━━━━━━━━[0m[37m━━━━━[0m [1m17:52[0m 36s/step - accuracy: 0.9112 - dice_coeff: 0.9112 - iou_score: 0.9004 - loss: 0.3300 - precision: 0.9191 - recall: 0.9779
[1m 96/125[0m [32m━━━━━━━━━━━━━━━[0m[37m━━━━━[0m [1m17:09[0m 36s/step - accuracy: 0.9113 - dice_coeff: 0.9112 - iou_score: 0.9004 - loss: 0.3300 - precision: 0.9191 - recall: 0.9779
[1m 97/125[0m [32m━━━━━━━━━━━━━━━[0m[37m━━━━━[0m [1m16:28[0m 35s/step - accuracy: 0.9113 - dice_coeff: 0.9112 - iou_score: 0.9004 - loss: 0.3299 - precision: 0.9191 - recall: 0.9779
[1m 98/125[0m [32m━━━━━━━━━━━━━━━[0m[37m━━━━━[0m [1m15:46[0m 35s/step - accuracy: 0.9113 - dice_coeff: 0.9113 - iou_score: 0.9005 - loss: 0.3298 - precision: 0.9192 - recall: 0.9779
[1m 99/125[0m [32m━━━━━━━━━━━━━━━[0m[37m━━━━━[0m [1m15:06[0m 35s/step - accuracy: 0.9113 - dice_coeff: 0.9113 - iou_score: 0.9005 - loss: 0.3297 - precision: 0.9192 - recall: 0.9779
[1m100/125[0m [32m━━━━━━━━━━━━━━━━[0m[37m━━━━[0m [1m14:26[0m 35s/step - accuracy: 0.9113 - dice_coeff: 0.9113 - iou_score: 0.9005 - loss: 0.3297 - precision: 0.9192 - recall: 0.9779
[1m101/125[0m [32m━━━━━━━━━━━━━━━━[0m[37m━━━━[0m [1m13:46[0m 34s/step - accuracy: 0.9113 - dice_coeff: 0.9113 - iou_score: 0.9005 - loss: 0.3296 - precision: 0.9192 - recall: 0.9779
[1m102/125[0m [32m━━━━━━━━━━━━━━━━[0m[37m━━━━[0m [1m13:07[0m 34s/step - accuracy: 0.9113 - dice_coeff: 0.9113 - iou_score: 0.9005 - loss: 0.3296 - precision: 0.9192 - recall: 0.9779
[1m103/125[0m [32m━━━━━━━━━━━━━━━━[0m[37m━━━━[0m [1m12:28[0m 34s/step - accuracy: 0.9114 - dice_coeff: 0.9113 - iou_score: 0.9005 - loss: 0.3295 - precision: 0.9193 - recall: 0.9779
[1m104/125[0m [32m━━━━━━━━━━━━━━━━[0m[37m━━━━[0m [1m11:50[0m 34s/step - accuracy: 0.9114 - dice_coeff: 0.9114 - iou_score: 0.9005 - loss: 0.3295 - precision: 0.9193 - recall: 0.9779
[1m105/125[0m [32m━━━━━━━━━━━━━━━━[0m[37m━━━━[0m [1m11:12[0m 34s/step - accuracy: 0.9114 - dice_coeff: 0.9114 - iou_score: 0.9006 - loss: 0.3294 - precision: 0.9193 - recall: 0.9779
[1m106/125[0m [32m━━━━━━━━━━━━━━━━[0m[37m━━━━[0m [1m10:35[0m 33s/step - accuracy: 0.9114 - dice_coeff: 0.9114 - iou_score: 0.9006 - loss: 0.3294 - precision: 0.9193 - recall: 0.9779
[1m107/125[0m [32m━━━━━━━━━━━━━━━━━[0m[37m━━━[0m [1m9:58[0m 33s/step - accuracy: 0.9114 - dice_coeff: 0.9114 - iou_score: 0.9006 - loss: 0.3293 - precision: 0.9193 - recall: 0.9779 
[1m108/125[0m [32m━━━━━━━━━━━━━━━━━[0m[37m━━━[0m [1m9:22[0m 33s/step - accuracy: 0.9114 - dice_coeff: 0.9114 - iou_score: 0.9006 - loss: 0.3293 - precision: 0.9193 - recall: 0.9779
[1m109/125[0m [32m━━━━━━━━━━━━━━━━━[0m[37m━━━[0m [1m8:46[0m 33s/step - accuracy: 0.9114 - dice_coeff: 0.9114 - iou_score: 0.9006 - loss: 0.3292 - precision: 0.9193 - recall: 0.9779
[1m110/125[0m [32m━━━━━━━━━━━━━━━━━[0m[37m━━━[0m [1m8:10[0m 33s/step - accuracy: 0.9114 - dice_coeff: 0.9114 - iou_score: 0.9006 - loss: 0.3292 - precision: 0.9193 - recall: 0.9779
[1m111/125[0m [32m━━━━━━━━━━━━━━━━━[0m[37m━━━[0m [1m7:35[0m 33s/step - accuracy: 0.9114 - dice_coeff: 0.9115 - iou_score: 0.9006 - loss: 0.3291 - precision: 0.9194 - recall: 0.9779
[1m112/125[0m [32m━━━━━━━━━━━━━━━━━[0m[37m━━━[0m [1m7:00[0m 32s/step - accuracy: 0.9114 - dice_coeff: 0.9115 - iou_score: 0.9006 - loss: 0.3291 - precision: 0.9194 - recall: 0.9779
[1m113/125[0m [32m━━━━━━━━━━━━━━━━━━[0m[37m━━[0m [1m6:26[0m 32s/step - accuracy: 0.9115 - dice_coeff: 0.9115 - iou_score: 0.9006 - loss: 0.3290 - precision: 0.9194 - recall: 0.9779
[1m114/125[0m [32m━━━━━━━━━━━━━━━━━━[0m[37m━━[0m [1m5:52[0m 32s/step - accuracy: 0.9115 - dice_coeff: 0.9115 - iou_score: 0.9006 - loss: 0.3290 - precision: 0.9194 - recall: 0.9779
[1m115/125[0m [32m━━━━━━━━━━━━━━━━━━[0m[37m━━[0m [1m5:18[0m 32s/step - accuracy: 0.9115 - dice_coeff: 0.9115 - iou_score: 0.9006 - loss: 0.3290 - precision: 0.9194 - recall: 0.9779
[1m116/125[0m [32m━━━━━━━━━━━━━━━━━━[0m[37m━━[0m [1m4:45[0m 32s/step - accuracy: 0.9115 - dice_coeff: 0.9115 - iou_score: 0.9007 - loss: 0.3289 - precision: 0.9194 - recall: 0.9779
[1m117/125[0m [32m━━━━━━━━━━━━━━━━━━[0m[37m━━[0m [1m4:12[0m 32s/step - accuracy: 0.9115 - dice_coeff: 0.9115 - iou_score: 0.9007 - loss: 0.3289 - precision: 0.9194 - recall: 0.9779
[1m118/125[0m [32m━━━━━━━━━━━━━━━━━━[0m[37m━━[0m [1m3:39[0m 31s/step - accuracy: 0.9115 - dice_coeff: 0.9116 - iou_score: 0.9007 - loss: 0.3288 - precision: 0.9194 - recall: 0.9779
[1m119/125[0m [32m━━━━━━━━━━━━━━━━━━━[0m[37m━[0m [1m3:07[0m 31s/step - accuracy: 0.9115 - dice_coeff: 0.9116 - iou_score: 0.9007 - loss: 0.3288 - precision: 0.9194 - recall: 0.9779
[1m120/125[0m [32m━━━━━━━━━━━━━━━━━━━[0m[37m━[0m [1m2:35[0m 31s/step - accuracy: 0.9115 - dice_coeff: 0.9116 - iou_score: 0.9007 - loss: 0.3288 - precision: 0.9194 - recall: 0.9779
[1m121/125[0m [32m━━━━━━━━━━━━━━━━━━━[0m[37m━[0m [1m2:03[0m 31s/step - accuracy: 0.9115 - dice_coeff: 0.9116 - iou_score: 0.9007 - loss: 0.3287 - precision: 0.9194 - recall: 0.9779
[1m122/125[0m [32m━━━━━━━━━━━━━━━━━━━[0m[37m━[0m [1m1:32[0m 31s/step - accuracy: 0.9115 - dice_coeff: 0.9116 - iou_score: 0.9007 - loss: 0.3287 - precision: 0.9195 - recall: 0.9779
[1m123/125[0m [32m━━━━━━━━━━━━━━━━━━━[0m[37m━[0m [1m1:01[0m 31s/step - accuracy: 0.9115 - dice_coeff: 0.9116 - iou_score: 0.9007 - loss: 0.3286 - precision: 0.9195 - recall: 0.9779
[1m124/125[0m [32m━━━━━━━━━━━━━━━━━━━[0m[37m━[0m [1m30s[0m 30s/step - accuracy: 0.9115 - dice_coeff: 0.9116 - iou_score: 0.9007 - loss: 0.3286 - precision: 0.9195 - recall: 0.9779 
[1m125/125[0m [32m━━━━━━━━━━━━━━━━━━━━[0m[37m[0m [1m0s[0m 30s/step - accuracy: 0.9115 - dice_coeff: 0.9116 - iou_score: 0.9007 - loss: 0.3286 - precision: 0.9195 - recall: 0.9779 
Epoch 4: val_dice_coeff improved from 0.88103 to 0.88210, saving model to D:\labdatanew@aniket\unet++\models\best_model.keras

Epoch 4: finished saving model to D:\labdatanew@aniket\unet++\models\best_model.keras

[1m125/125[0m [32m━━━━━━━━━━━━━━━━━━━━[0m[37m[0m [1m3905s[0m 31s/step - accuracy: 0.9124 - dice_coeff: 0.9130 - iou_score: 0.9015 - loss: 0.3240 - precision: 0.9205 - recall: 0.9777 - val_accuracy: 0.7963 - val_dice_coeff: 0.8821 - val_iou_score: 0.7958 - val_loss: 1.0478 - val_precision: 0.7958 - val_recall: 1.0000 - learning_rate: 5.0000e-05
Epoch 5/100

[1m  1/125[0m [37m━━━━━━━━━━━━━━━━━━━━[0m [1m27:51[0m 13s/step - accuracy: 0.9119 - dice_coeff: 0.9132 - iou_score: 0.9003 - loss: 0.3216 - precision: 0.9216 - recall: 0.9750
[1m  2/125[0m [37m━━━━━━━━━━━━━━━━━━━━[0m [1m27:14[0m 13s/step - accuracy: 0.9155 - dice_coeff: 0.9151 - iou_score: 0.9044 - loss: 0.3135 - precision: 0.9260 - recall: 0.9749
[1m  3/125[0m [37m━━━━━━━━━━━━━━━━━━━━[0m [1m26:51[0m 13s/step - accuracy: 0.9161 - dice_coeff: 0.9155 - iou_score: 0.9051 - loss: 0.3120 - precision: 0.9261 - recall: 0.9755
[1m  4/125[0m [37m━━━━━━━━━━━━━━━━━━━━[0m [1m26:32[0m 13s/step - accuracy: 0.9143 - dice_coeff: 0.9145 - iou_score: 0.9031 - loss: 0.3166 - precision: 0.9236 - recall: 0.9760
[1m  5/125[0m [37m━━━━━━━━━━━━━━━━━━━━[0m [1m26:18[0m 13s/step - accuracy: 0.9132 - dice_coeff: 0.9139 - iou_score: 0.9018 - loss: 0.3193 - precision: 0.9220 - recall: 0.9764
[1m  6/125[0m [37m━━━━━━━━━━━━━━━━━━━━[0m [1m26:02[0m 13s/step - accuracy: 0.9126 - dice_coeff: 0.9136 - iou_score: 0.9012 - loss: 0.3208 - precision: 0.9211 - recall: 0.9766
[1m  7/125[0m [32m━[0m[37m━━━━━━━━━━━━━━━━━━━[0m [1m26:02[0m 13s/step - accuracy: 0.9122 - dice_coeff: 0.9134 - iou_score: 0.9007 - loss: 0.3218 - precision: 0.9205 - recall: 0.9767
[1m  8/125[0m [32m━[0m[37m━━━━━━━━━━━━━━━━━━━[0m [1m25:46[0m 13s/step - accuracy: 0.9122 - dice_coeff: 0.9134 - iou_score: 0.9007 - loss: 0.3217 - precision: 0.9204 - recall: 0.9769
[1m  9/125[0m [32m━[0m[37m━━━━━━━━━━━━━━━━━━━[0m [1m25:31[0m 13s/step - accuracy: 0.9120 - dice_coeff: 0.9133 - iou_score: 0.9005 - loss: 0.3220 - precision: 0.9202 - recall: 0.9769
[1m 10/125[0m [32m━[0m[37m━━━━━━━━━━━━━━━━━━━[0m [1m25:18[0m 13s/step - accuracy: 0.9120 - dice_coeff: 0.9133 - iou_score: 0.9005 - loss: 0.3222 - precision: 0.9202 - recall: 0.9768
[1m 11/125[0m [32m━[0m[37m━━━━━━━━━━━━━━━━━━━[0m [1m25:03[0m 13s/step - accuracy: 0.9120 - dice_coeff: 0.9133 - iou_score: 0.9005 - loss: 0.3220 - precision: 0.9203 - recall: 0.9768
[1m 12/125[0m [32m━[0m[37m━━━━━━━━━━━━━━━━━━━[0m [1m24:49[0m 13s/step - accuracy: 0.9120 - dice_coeff: 0.9133 - iou_score: 0.9006 - loss: 0.3220 - precision: 0.9203 - recall: 0.9768
[1m 13/125[0m [32m━━[0m[37m━━━━━━━━━━━━━━━━━━[0m [1m24:34[0m 13s/step - accuracy: 0.9120 - dice_coeff: 0.9133 - iou_score: 0.9006 - loss: 0.3219 - precision: 0.9203 - recall: 0.9768
[1m 14/125[0m [32m━━[0m[37m━━━━━━━━━━━━━━━━━━[0m [1m24:20[0m 13s/step - accuracy: 0.9121 - dice_coeff: 0.9133 - iou_score: 0.9007 - loss: 0.3217 - precision: 0.9205 - recall: 0.9767
[1m 15/125[0m [32m━━[0m[37m━━━━━━━━━━━━━━━━━━[0m [1m24:06[0m 13s/step - accuracy: 0.9121 - dice_coeff: 0.9134 - iou_score: 0.9008 - loss: 0.3215 - precision: 0.9206 - recall: 0.9767
[1m 16/125[0m [32m━━[0m[37m━━━━━━━━━━━━━━━━━━[0m [1m23:54[0m 13s/step - accuracy: 0.9123 - dice_coeff: 0.9134 - iou_score: 0.9009 - loss: 0.3212 - precision: 0.9208 - recall: 0.9766
[1m 17/125[0m [32m━━[0m[37m━━━━━━━━━━━━━━━━━━[0m [1m23:40[0m 13s/step - accuracy: 0.9124 - dice_coeff: 0.9135 - iou_score: 0.9011 - loss: 0.3208 - precision: 0.9209 - recall: 0.9767
[1m 18/125[0m [32m━━[0m[37m━━━━━━━━━━━━━━━━━━[0m [1m23:26[0m 13s/step - accuracy: 0.9125 - dice_coeff: 0.9136 - iou_score: 0.9012 - loss: 0.3204 - precision: 0.9211 - recall: 0.9767
[1m 19/125[0m [32m━━━[0m[37m━━━━━━━━━━━━━━━━━[0m [1m23:12[0m 13s/step - accuracy: 0.9127 - dice_coeff: 0.9138 - iou_score: 0.9014 - loss: 0.3199 - precision: 0.9213 - recall: 0.9767
[1m 20/125[0m [32m━━━[0m[37m━━━━━━━━━━━━━━━━━[0m [1m22:58[0m 13s/step - accuracy: 0.9128 - dice_coeff: 0.9139 - iou_score: 0.9016 - loss: 0.3195 - precision: 0.9214 - recall: 0.9768
[1m 21/125[0m [32m━━━[0m[37m━━━━━━━━━━━━━━━━━[0m [1m22:45[0m 13s/step - accuracy: 0.9130 - dice_coeff: 0.9140 - iou_score: 0.9017 - loss: 0.3192 - precision: 0.9215 - recall: 0.9768
[1m 22/125[0m [32m━━━[0m[37m━━━━━━━━━━━━━━━━━[0m [1m22:30[0m 13s/step - accuracy: 0.9131 - dice_coeff: 0.9141 - iou_score: 0.9019 - loss: 0.3188 - precision: 0.9216 - recall: 0.9768
[1m 23/125[0m [32m━━━[0m[37m━━━━━━━━━━━━━━━━━[0m [1m22:17[0m 13s/step - accuracy: 0.9132 - dice_coeff: 0.9142 - iou_score: 0.9020 - loss: 0.3185 - precision: 0.9217 - recall: 0.9769
[1m 24/125[0m [32m━━━[0m[37m━━━━━━━━━━━━━━━━━[0m [1m22:03[0m 13s/step - accuracy: 0.9133 - dice_coeff: 0.9143 - iou_score: 0.9021 - loss: 0.3182 - precision: 0.9218 - recall: 0.9770
[1m 25/125[0m [32m━━━━[0m[37m━━━━━━━━━━━━━━━━[0m [1m21:49[0m 13s/step - accuracy: 0.9134 - dice_coeff: 0.9143 - iou_score: 0.9022 - loss: 0.3180 - precision: 0.9218 - recall: 0.9770
[1m 26/125[0m [32m━━━━[0m[37m━━━━━━━━━━━━━━━━[0m [1m21:37[0m 13s/step - accuracy: 0.9134 - dice_coeff: 0.9144 - iou_score: 0.9023 - loss: 0.3177 - precision: 0.9219 - recall: 0.9770
[1m 27/125[0m [32m━━━━[0m[37m━━━━━━━━━━━━━━━━[0m [1m21:22[0m 13s/step - accuracy: 0.9135 - dice_coeff: 0.9145 - iou_score: 0.9024 - loss: 0.3175 - precision: 0.9220 - recall: 0.9771
[1m 28/125[0m [32m━━━━[0m[37m━━━━━━━━━━━━━━━━[0m [1m21:08[0m 13s/step - accuracy: 0.9136 - dice_coeff: 0.9145 - iou_score: 0.9025 - loss: 0.3174 - precision: 0.9220 - recall: 0.9771
[1m 29/125[0m [32m━━━━[0m[37m━━━━━━━━━━━━━━━━[0m [1m20:56[0m 13s/step - accuracy: 0.9136 - dice_coeff: 0.9146 - iou_score: 0.9025 - loss: 0.3172 - precision: 0.9220 - recall: 0.9771
[1m 30/125[0m [32m━━━━[0m[37m━━━━━━━━━━━━━━━━[0m [1m20:43[0m 13s/step - accuracy: 0.9136 - dice_coeff: 0.9146 - iou_score: 0.9026 - loss: 0.3171 - precision: 0.9221 - recall: 0.9772
[1m 31/125[0m [32m━━━━[0m[37m━━━━━━━━━━━━━━━━[0m [1m20:29[0m 13s/step - accuracy: 0.9137 - dice_coeff: 0.9147 - iou_score: 0.9026 - loss: 0.3170 - precision: 0.9221 - recall: 0.9772
[1m 32/125[0m [32m━━━━━[0m[37m━━━━━━━━━━━━━━━[0m [1m20:15[0m 13s/step - accuracy: 0.9137 - dice_coeff: 0.9147 - iou_score: 0.9027 - loss: 0.3169 - precision: 0.9221 - recall: 0.9772
[1m 33/125[0m [32m━━━━━[0m[37m━━━━━━━━━━━━━━━[0m [1m20:03[0m 13s/step - accuracy: 0.9138 - dice_coeff: 0.9148 - iou_score: 0.9027 - loss: 0.3167 - precision: 0.9222 - recall: 0.9772
[1m 34/125[0m [32m━━━━━[0m[37m━━━━━━━━━━━━━━━[0m [1m19:50[0m 13s/step - accuracy: 0.9138 - dice_coeff: 0.9148 - iou_score: 0.9028 - loss: 0.3166 - precision: 0.9222 - recall: 0.9772
[1m 35/125[0m [32m━━━━━[0m[37m━━━━━━━━━━━━━━━[0m [1m19:36[0m 13s/step - accuracy: 0.9138 - dice_coeff: 0.9148 - iou_score: 0.9028 - loss: 0.3165 - precision: 0.9223 - recall: 0.9772
[1m 36/125[0m [32m━━━━━[0m[37m━━━━━━━━━━━━━━━[0m [1m19:21[0m 13s/step - accuracy: 0.9139 - dice_coeff: 0.9149 - iou_score: 0.9029 - loss: 0.3164 - precision: 0.9223 - recall: 0.9772
[1m 37/125[0m [32m━━━━━[0m[37m━━━━━━━━━━━━━━━[0m [1m19:08[0m 13s/step - accuracy: 0.9139 - dice_coeff: 0.9149 - iou_score: 0.9029 - loss: 0.3163 - precision: 0.9223 - recall: 0.9772
[1m 38/125[0m [32m━━━━━━[0m[37m━━━━━━━━━━━━━━[0m [1m18:54[0m 13s/step - accuracy: 0.9139 - dice_coeff: 0.9149 - iou_score: 0.9029 - loss: 0.3162 - precision: 0.9223 - recall: 0.9773
[1m 39/125[0m [32m━━━━━━[0m[37m━━━━━━━━━━━━━━[0m [1m18:42[0m 13s/step - accuracy: 0.9139 - dice_coeff: 0.9150 - iou_score: 0.9030 - loss: 0.3161 - precision: 0.9224 - recall: 0.9773
[1m 40/125[0m [32m━━━━━━[0m[37m━━━━━━━━━━━━━━[0m [1m18:29[0m 13s/step - accuracy: 0.9140 - dice_coeff: 0.9150 - iou_score: 0.9030 - loss: 0.3160 - precision: 0.9224 - recall: 0.9773
[1m 41/125[0m [32m━━━━━━[0m[37m━━━━━━━━━━━━━━[0m [1m18:16[0m 13s/step - accuracy: 0.9140 - dice_coeff: 0.9150 - iou_score: 0.9030 - loss: 0.3160 - precision: 0.9224 - recall: 0.9773
[1m 42/125[0m [32m━━━━━━[0m[37m━━━━━━━━━━━━━━[0m [1m18:02[0m 13s/step - accuracy: 0.9140 - dice_coeff: 0.9151 - iou_score: 0.9030 - loss: 0.3159 - precision: 0.9224 - recall: 0.9773
[1m 43/125[0m [32m━━━━━━[0m[37m━━━━━━━━━━━━━━[0m [1m17:48[0m 13s/step - accuracy: 0.9140 - dice_coeff: 0.9151 - iou_score: 0.9031 - loss: 0.3158 - precision: 0.9224 - recall: 0.9773
[1m 44/125[0m [32m━━━━━━━[0m[37m━━━━━━━━━━━━━[0m [1m17:36[0m 13s/step - accuracy: 0.9140 - dice_coeff: 0.9151 - iou_score: 0.9031 - loss: 0.3158 - precision: 0.9224 - recall: 0.9774
[1m 45/125[0m [32m━━━━━━━[0m[37m━━━━━━━━━━━━━[0m [1m17:22[0m 13s/step - accuracy: 0.9140 - dice_coeff: 0.9151 - iou_score: 0.9031 - loss: 0.3158 - precision: 0.9224 - recall: 0.9774
[1m 46/125[0m [32m━━━━━━━[0m[37m━━━━━━━━━━━━━[0m [1m17:09[0m 13s/step - accuracy: 0.9140 - dice_coeff: 0.9151 - iou_score: 0.9031 - loss: 0.3158 - precision: 0.9224 - recall: 0.9774
[1m 47/125[0m [32m━━━━━━━[0m[37m━━━━━━━━━━━━━[0m [1m16:56[0m 13s/step - accuracy: 0.9140 - dice_coeff: 0.9151 - iou_score: 0.9031 - loss: 0.3158 - precision: 0.9223 - recall: 0.9774
[1m 48/125[0m [32m━━━━━━━[0m[37m━━━━━━━━━━━━━[0m [1m16:43[0m 13s/step - accuracy: 0.9140 - dice_coeff: 0.9151 - iou_score: 0.9031 - loss: 0.3158 - precision: 0.9223 - recall: 0.9774
[1m 49/125[0m [32m━━━━━━━[0m[37m━━━━━━━━━━━━━[0m [1m16:29[0m 13s/step - accuracy: 0.9140 - dice_coeff: 0.9152 - iou_score: 0.9031 - loss: 0.3158 - precision: 0.9223 - recall: 0.9774
[1m 50/125[0m [32m━━━━━━━━[0m[37m━━━━━━━━━━━━[0m [1m16:16[0m 13s/step - accuracy: 0.9140 - dice_coeff: 0.9152 - iou_score: 0.9031 - loss: 0.3158 - precision: 0.9223 - recall: 0.9774
[1m 51/125[0m [32m━━━━━━━━[0m[37m━━━━━━━━━━━━[0m [1m16:03[0m 13s/step - accuracy: 0.9140 - dice_coeff: 0.9152 - iou_score: 0.9031 - loss: 0.3158 - precision: 0.9223 - recall: 0.9775
[1m 52/125[0m [32m━━━━━━━━[0m[37m━━━━━━━━━━━━[0m [1m15:50[0m 13s/step - accuracy: 0.9140 - dice_coeff: 0.9152 - iou_score: 0.9031 - loss: 0.3158 - precision: 0.9223 - recall: 0.9775
[1m 53/125[0m [32m━━━━━━━━[0m[37m━━━━━━━━━━━━[0m [1m15:37[0m 13s/step - accuracy: 0.9140 - dice_coeff: 0.9152 - iou_score: 0.9031 - loss: 0.3158 - precision: 0.9223 - recall: 0.9775
[1m 54/125[0m [32m━━━━━━━━[0m[37m━━━━━━━━━━━━[0m [1m15:24[0m 13s/step - accuracy: 0.9140 - dice_coeff: 0.9152 - iou_score: 0.9031 - loss: 0.3158 - precision: 0.9223 - recall: 0.9775
[1m 55/125[0m [32m━━━━━━━━[0m[37m━━━━━━━━━━━━[0m [1m15:11[0m 13s/step - accuracy: 0.9140 - dice_coeff: 0.9152 - iou_score: 0.9031 - loss: 0.3158 - precision: 0.9223 - recall: 0.9775
[1m 56/125[0m [32m━━━━━━━━[0m[37m━━━━━━━━━━━━[0m [1m14:58[0m 13s/step - accuracy: 0.9140 - dice_coeff: 0.9152 - iou_score: 0.9031 - loss: 0.3157 - precision: 0.9223 - recall: 0.9775
[1m 57/125[0m [32m━━━━━━━━━[0m[37m━━━━━━━━━━━[0m [1m14:45[0m 13s/step - accuracy: 0.9140 - dice_coeff: 0.9152 - iou_score: 0.9031 - loss: 0.3157 - precision: 0.9223 - recall: 0.9775
[1m 58/125[0m [32m━━━━━━━━━[0m[37m━━━━━━━━━━━[0m [1m14:32[0m 13s/step - accuracy: 0.9140 - dice_coeff: 0.9152 - iou_score: 0.9031 - loss: 0.3156 - precision: 0.9223 - recall: 0.9775
[1m 59/125[0m [32m━━━━━━━━━[0m[37m━━━━━━━━━━━[0m [1m14:19[0m 13s/step - accuracy: 0.9140 - dice_coeff: 0.9152 - iou_score: 0.9031 - loss: 0.3156 - precision: 0.9223 - recall: 0.9775
[1m 60/125[0m [32m━━━━━━━━━[0m[37m━━━━━━━━━━━[0m [1m14:06[0m 13s/step - accuracy: 0.9140 - dice_coeff: 0.9153 - iou_score: 0.9031 - loss: 0.3156 - precision: 0.9223 - recall: 0.9775
[1m 61/125[0m [32m━━━━━━━━━[0m[37m━━━━━━━━━━━[0m [1m13:54[0m 13s/step - accuracy: 0.9140 - dice_coeff: 0.9153 - iou_score: 0.9031 - loss: 0.3155 - precision: 0.9223 - recall: 0.9775
[1m 62/125[0m [32m━━━━━━━━━[0m[37m━━━━━━━━━━━[0m [1m13:41[0m 13s/step - accuracy: 0.9140 - dice_coeff: 0.9153 - iou_score: 0.9031 - loss: 0.3155 - precision: 0.9223 - recall: 0.9775
[1m 63/125[0m [32m━━━━━━━━━━[0m[37m━━━━━━━━━━[0m [1m13:28[0m 13s/step - accuracy: 0.9141 - dice_coeff: 0.9153 - iou_score: 0.9032 - loss: 0.3154 - precision: 0.9223 - recall: 0.9776
[1m 64/125[0m [32m━━━━━━━━━━[0m[37m━━━━━━━━━━[0m [1m13:15[0m 13s/step - accuracy: 0.9141 - dice_coeff: 0.9153 - iou_score: 0.9032 - loss: 0.3154 - precision: 0.9223 - recall: 0.9776
[1m 65/125[0m [32m━━━━━━━━━━[0m[37m━━━━━━━━━━[0m [1m13:01[0m 13s/step - accuracy: 0.9141 - dice_coeff: 0.9153 - iou_score: 0.9032 - loss: 0.3153 - precision: 0.9223 - recall: 0.9776
[1m 66/125[0m [32m━━━━━━━━━━[0m[37m━━━━━━━━━━[0m [1m12:48[0m 13s/step - accuracy: 0.9141 - dice_coeff: 0.9154 - iou_score: 0.9032 - loss: 0.3153 - precision: 0.9223 - recall: 0.9776
[1m 67/125[0m [32m━━━━━━━━━━[0m[37m━━━━━━━━━━[0m [1m12:35[0m 13s/step - accuracy: 0.9141 - dice_coeff: 0.9154 - iou_score: 0.9032 - loss: 0.3153 - precision: 0.9223 - recall: 0.9776
[1m 68/125[0m [32m━━━━━━━━━━[0m[37m━━━━━━━━━━[0m [1m12:23[0m 13s/step - accuracy: 0.9141 - dice_coeff: 0.9154 - iou_score: 0.9032 - loss: 0.3153 - precision: 0.9223 - recall: 0.9776
[1m 69/125[0m [32m━━━━━━━━━━━[0m[37m━━━━━━━━━[0m [1m12:10[0m 13s/step - accuracy: 0.9141 - dice_coeff: 0.9154 - iou_score: 0.9032 - loss: 0.3152 - precision: 0.9223 - recall: 0.9776
[1m 70/125[0m [32m━━━━━━━━━━━[0m[37m━━━━━━━━━[0m [1m11:57[0m 13s/step - accuracy: 0.9141 - dice_coeff: 0.9154 - iou_score: 0.9032 - loss: 0.3152 - precision: 0.9223 - recall: 0.9776
[1m 71/125[0m [32m━━━━━━━━━━━[0m[37m━━━━━━━━━[0m [1m11:45[0m 13s/step - accuracy: 0.9141 - dice_coeff: 0.9154 - iou_score: 0.9032 - loss: 0.3152 - precision: 0.9223 - recall: 0.9776
[1m 72/125[0m [32m━━━━━━━━━━━[0m[37m━━━━━━━━━[0m [1m11:32[0m 13s/step - accuracy: 0.9141 - dice_coeff: 0.9154 - iou_score: 0.9032 - loss: 0.3152 - precision: 0.9223 - recall: 0.9776
[1m 73/125[0m [32m━━━━━━━━━━━[0m[37m━━━━━━━━━[0m [1m11:19[0m 13s/step - accuracy: 0.9141 - dice_coeff: 0.9154 - iou_score: 0.9032 - loss: 0.3152 - precision: 0.9223 - recall: 0.9776
[1m 74/125[0m [32m━━━━━━━━━━━[0m[37m━━━━━━━━━[0m [1m11:06[0m 13s/step - accuracy: 0.9141 - dice_coeff: 0.9154 - iou_score: 0.9032 - loss: 0.3151 - precision: 0.9223 - recall: 0.9776
[1m 75/125[0m [32m━━━━━━━━━━━━[0m[37m━━━━━━━━[0m [1m10:53[0m 13s/step - accuracy: 0.9141 - dice_coeff: 0.9154 - iou_score: 0.9032 - loss: 0.3151 - precision: 0.9223 - recall: 0.9776
[1m 76/125[0m [32m━━━━━━━━━━━━[0m[37m━━━━━━━━[0m [1m10:40[0m 13s/step - accuracy: 0.9141 - dice_coeff: 0.9155 - iou_score: 0.9032 - loss: 0.3151 - precision: 0.9223 - recall: 0.9776
[1m 77/125[0m [32m━━━━━━━━━━━━[0m[37m━━━━━━━━[0m [1m10:27[0m 13s/step - accuracy: 0.9141 - dice_coeff: 0.9155 - iou_score: 0.9033 - loss: 0.3151 - precision: 0.9224 - recall: 0.9776
[1m 78/125[0m [32m━━━━━━━━━━━━[0m[37m━━━━━━━━[0m [1m10:14[0m 13s/step - accuracy: 0.9141 - dice_coeff: 0.9155 - iou_score: 0.9033 - loss: 0.3150 - precision: 0.9224 - recall: 0.9776
[1m 79/125[0m [32m━━━━━━━━━━━━[0m[37m━━━━━━━━[0m [1m10:00[0m 13s/step - accuracy: 0.9141 - dice_coeff: 0.9155 - iou_score: 0.9033 - loss: 0.3150 - precision: 0.9224 - recall: 0.9776
[1m 80/125[0m [32m━━━━━━━━━━━━[0m[37m━━━━━━━━[0m [1m9:47[0m 13s/step - accuracy: 0.9141 - dice_coeff: 0.9155 - iou_score: 0.9033 - loss: 0.3150 - precision: 0.9224 - recall: 0.9776 
[1m 81/125[0m [32m━━━━━━━━━━━━[0m[37m━━━━━━━━[0m [1m9:34[0m 13s/step - accuracy: 0.9141 - dice_coeff: 0.9155 - iou_score: 0.9033 - loss: 0.3150 - precision: 0.9224 - recall: 0.9776
[1m 82/125[0m [32m━━━━━━━━━━━━━[0m[37m━━━━━━━[0m [1m9:21[0m 13s/step - accuracy: 0.9141 - dice_coeff: 0.9155 - iou_score: 0.9033 - loss: 0.3149 - precision: 0.9224 - recall: 0.9776
[1m 83/125[0m [32m━━━━━━━━━━━━━[0m[37m━━━━━━━[0m [1m9:08[0m 13s/step - accuracy: 0.9141 - dice_coeff: 0.9155 - iou_score: 0.9033 - loss: 0.3149 - precision: 0.9224 - recall: 0.9776
[1m 84/125[0m [32m━━━━━━━━━━━━━[0m[37m━━━━━━━[0m [1m8:55[0m 13s/step - accuracy: 0.9141 - dice_coeff: 0.9156 - iou_score: 0.9033 - loss: 0.3149 - precision: 0.9224 - recall: 0.9777
[1m 85/125[0m [32m━━━━━━━━━━━━━[0m[37m━━━━━━━[0m [1m8:41[0m 13s/step - accuracy: 0.9142 - dice_coeff: 0.9156 - iou_score: 0.9033 - loss: 0.3148 - precision: 0.9224 - recall: 0.9777
[1m 86/125[0m [32m━━━━━━━━━━━━━[0m[37m━━━━━━━[0m [1m8:28[0m 13s/step - accuracy: 0.9142 - dice_coeff: 0.9156 - iou_score: 0.9033 - loss: 0.3148 - precision: 0.9224 - recall: 0.9777
[1m 87/125[0m [32m━━━━━━━━━━━━━[0m[37m━━━━━━━[0m [1m8:15[0m 13s/step - accuracy: 0.9142 - dice_coeff: 0.9156 - iou_score: 0.9033 - loss: 0.3148 - precision: 0.9224 - recall: 0.9777
[1m 88/125[0m [32m━━━━━━━━━━━━━━[0m[37m━━━━━━[0m [1m8:02[0m 13s/step - accuracy: 0.9142 - dice_coeff: 0.9156 - iou_score: 0.9033 - loss: 0.3147 - precision: 0.9224 - recall: 0.9777
[1m 89/125[0m [32m━━━━━━━━━━━━━━[0m[37m━━━━━━[0m [1m7:49[0m 13s/step - accuracy: 0.9142 - dice_coeff: 0.9156 - iou_score: 0.9034 - loss: 0.3147 - precision: 0.9224 - recall: 0.9777
[1m 90/125[0m [32m━━━━━━━━━━━━━━[0m[37m━━━━━━[0m [1m7:36[0m 13s/step - accuracy: 0.9142 - dice_coeff: 0.9156 - iou_score: 0.9034 - loss: 0.3147 - precision: 0.9224 - recall: 0.9777
[1m 91/125[0m [32m━━━━━━━━━━━━━━[0m[37m━━━━━━[0m [1m7:22[0m 13s/step - accuracy: 0.9142 - dice_coeff: 0.9156 - iou_score: 0.9034 - loss: 0.3146 - precision: 0.9224 - recall: 0.9777
[1m 92/125[0m [32m━━━━━━━━━━━━━━[0m[37m━━━━━━[0m [1m7:09[0m 13s/step - accuracy: 0.9142 - dice_coeff: 0.9156 - iou_score: 0.9034 - loss: 0.3146 - precision: 0.9224 - recall: 0.9777
[1m 93/125[0m [32m━━━━━━━━━━━━━━[0m[37m━━━━━━[0m [1m6:56[0m 13s/step - accuracy: 0.9142 - dice_coeff: 0.9157 - iou_score: 0.9034 - loss: 0.3146 - precision: 0.9224 - recall: 0.9777
[1m 94/125[0m [32m━━━━━━━━━━━━━━━[0m[37m━━━━━[0m [1m6:43[0m 13s/step - accuracy: 0.9142 - dice_coeff: 0.9157 - iou_score: 0.9034 - loss: 0.3146 - precision: 0.9224 - recall: 0.9777
[1m 95/125[0m [32m━━━━━━━━━━━━━━━[0m[37m━━━━━[0m [1m6:30[0m 13s/step - accuracy: 0.9142 - dice_coeff: 0.9157 - iou_score: 0.9034 - loss: 0.3145 - precision: 0.9224 - recall: 0.9777
[1m 96/125[0m [32m━━━━━━━━━━━━━━━[0m[37m━━━━━[0m [1m6:17[0m 13s/step - accuracy: 0.9142 - dice_coeff: 0.9157 - iou_score: 0.9034 - loss: 0.3145 - precision: 0.9224 - recall: 0.9777
[1m 97/125[0m [32m━━━━━━━━━━━━━━━[0m[37m━━━━━[0m [1m6:04[0m 13s/step - accuracy: 0.9142 - dice_coeff: 0.9157 - iou_score: 0.9034 - loss: 0.3145 - precision: 0.9224 - recall: 0.9777
[1m 98/125[0m [32m━━━━━━━━━━━━━━━[0m[37m━━━━━[0m [1m5:51[0m 13s/step - accuracy: 0.9142 - dice_coeff: 0.9157 - iou_score: 0.9034 - loss: 0.3145 - precision: 0.9224 - recall: 0.9777
[1m 99/125[0m [32m━━━━━━━━━━━━━━━[0m[37m━━━━━[0m [1m5:38[0m 13s/step - accuracy: 0.9142 - dice_coeff: 0.9157 - iou_score: 0.9034 - loss: 0.3144 - precision: 0.9224 - recall: 0.9777
[1m100/125[0m [32m━━━━━━━━━━━━━━━━[0m[37m━━━━[0m [1m5:25[0m 13s/step - accuracy: 0.9142 - dice_coeff: 0.9157 - iou_score: 0.9034 - loss: 0.3144 - precision: 0.9224 - recall: 0.9777
[1m101/125[0m [32m━━━━━━━━━━━━━━━━[0m[37m━━━━[0m [1m5:12[0m 13s/step - accuracy: 0.9142 - dice_coeff: 0.9157 - iou_score: 0.9034 - loss: 0.3144 - precision: 0.9224 - recall: 0.9777
[1m102/125[0m [32m━━━━━━━━━━━━━━━━[0m[37m━━━━[0m [1m4:59[0m 13s/step - accuracy: 0.9142 - dice_coeff: 0.9157 - iou_score: 0.9034 - loss: 0.3144 - precision: 0.9224 - recall: 0.9777
[1m103/125[0m [32m━━━━━━━━━━━━━━━━[0m[37m━━━━[0m [1m4:46[0m 13s/step - accuracy: 0.9142 - dice_coeff: 0.9158 - iou_score: 0.9034 - loss: 0.3144 - precision: 0.9224 - recall: 0.9777
[1m104/125[0m [32m━━━━━━━━━━━━━━━━[0m[37m━━━━[0m [1m4:33[0m 13s/step - accuracy: 0.9142 - dice_coeff: 0.9158 - iou_score: 0.9034 - loss: 0.3143 - precision: 0.9224 - recall: 0.9777
[1m105/125[0m [32m━━━━━━━━━━━━━━━━[0m[37m━━━━[0m [1m4:20[0m 13s/step - accuracy: 0.9142 - dice_coeff: 0.9158 - iou_score: 0.9034 - loss: 0.3143 - precision: 0.9224 - recall: 0.9777
[1m106/125[0m [32m━━━━━━━━━━━━━━━━[0m[37m━━━━[0m [1m4:07[0m 13s/step - accuracy: 0.9143 - dice_coeff: 0.9158 - iou_score: 0.9034 - loss: 0.3143 - precision: 0.9225 - recall: 0.9777
[1m107/125[0m [32m━━━━━━━━━━━━━━━━━[0m[37m━━━[0m [1m3:54[0m 13s/step - accuracy: 0.9143 - dice_coeff: 0.9158 - iou_score: 0.9034 - loss: 0.3143 - precision: 0.9225 - recall: 0.9777
[1m108/125[0m [32m━━━━━━━━━━━━━━━━━[0m[37m━━━[0m [1m3:41[0m 13s/step - accuracy: 0.9143 - dice_coeff: 0.9158 - iou_score: 0.9035 - loss: 0.3142 - precision: 0.9225 - recall: 0.9777
[1m109/125[0m [32m━━━━━━━━━━━━━━━━━[0m[37m━━━[0m [1m3:28[0m 13s/step - accuracy: 0.9143 - dice_coeff: 0.9158 - iou_score: 0.9035 - loss: 0.3142 - precision: 0.9225 - recall: 0.9777
[1m110/125[0m [32m━━━━━━━━━━━━━━━━━[0m[37m━━━[0m [1m3:15[0m 13s/step - accuracy: 0.9143 - dice_coeff: 0.9158 - iou_score: 0.9035 - loss: 0.3142 - precision: 0.9225 - recall: 0.9777
[1m111/125[0m [32m━━━━━━━━━━━━━━━━━[0m[37m━━━[0m [1m3:02[0m 13s/step - accuracy: 0.9143 - dice_coeff: 0.9158 - iou_score: 0.9035 - loss: 0.3142 - precision: 0.9225 - recall: 0.9777
[1m112/125[0m [32m━━━━━━━━━━━━━━━━━[0m[37m━━━[0m [1m2:49[0m 13s/step - accuracy: 0.9143 - dice_coeff: 0.9158 - iou_score: 0.9035 - loss: 0.3142 - precision: 0.9225 - recall: 0.9777
[1m113/125[0m [32m━━━━━━━━━━━━━━━━━━[0m[37m━━[0m [1m2:36[0m 13s/step - accuracy: 0.9143 - dice_coeff: 0.9158 - iou_score: 0.9035 - loss: 0.3142 - precision: 0.9225 - recall: 0.9777
[1m114/125[0m [32m━━━━━━━━━━━━━━━━━━[0m[37m━━[0m [1m2:23[0m 13s/step - accuracy: 0.9143 - dice_coeff: 0.9158 - iou_score: 0.9035 - loss: 0.3142 - precision: 0.9225 - recall: 0.9777
[1m115/125[0m [32m━━━━━━━━━━━━━━━━━━[0m[37m━━[0m [1m2:10[0m 13s/step - accuracy: 0.9143 - dice_coeff: 0.9158 - iou_score: 0.9035 - loss: 0.3142 - precision: 0.9225 - recall: 0.9777
[1m116/125[0m [32m━━━━━━━━━━━━━━━━━━[0m[37m━━[0m [1m1:57[0m 13s/step - accuracy: 0.9143 - dice_coeff: 0.9158 - iou_score: 0.9035 - loss: 0.3141 - precision: 0.9225 - recall: 0.9777
[1m117/125[0m [32m━━━━━━━━━━━━━━━━━━[0m[37m━━[0m [1m1:44[0m 13s/step - accuracy: 0.9143 - dice_coeff: 0.9159 - iou_score: 0.9035 - loss: 0.3141 - precision: 0.9225 - recall: 0.9777
[1m118/125[0m [32m━━━━━━━━━━━━━━━━━━[0m[37m━━[0m [1m1:31[0m 13s/step - accuracy: 0.9143 - dice_coeff: 0.9159 - iou_score: 0.9035 - loss: 0.3141 - precision: 0.9225 - recall: 0.9777
[1m119/125[0m [32m━━━━━━━━━━━━━━━━━━━[0m[37m━[0m [1m1:18[0m 13s/step - accuracy: 0.9143 - dice_coeff: 0.9159 - iou_score: 0.9035 - loss: 0.3141 - precision: 0.9225 - recall: 0.9777
[1m120/125[0m [32m━━━━━━━━━━━━━━━━━━━[0m[37m━[0m [1m1:05[0m 13s/step - accuracy: 0.9143 - dice_coeff: 0.9159 - iou_score: 0.9035 - loss: 0.3141 - precision: 0.9225 - recall: 0.9777
[1m121/125[0m [32m━━━━━━━━━━━━━━━━━━━[0m[37m━[0m [1m52s[0m 13s/step - accuracy: 0.9143 - dice_coeff: 0.9159 - iou_score: 0.9035 - loss: 0.3141 - precision: 0.9225 - recall: 0.9777 
[1m122/125[0m [32m━━━━━━━━━━━━━━━━━━━[0m[37m━[0m [1m39s[0m 13s/step - accuracy: 0.9143 - dice_coeff: 0.9159 - iou_score: 0.9035 - loss: 0.3141 - precision: 0.9225 - recall: 0.9777
[1m123/125[0m [32m━━━━━━━━━━━━━━━━━━━[0m[37m━[0m [1m26s[0m 13s/step - accuracy: 0.9143 - dice_coeff: 0.9159 - iou_score: 0.9035 - loss: 0.3140 - precision: 0.9225 - recall: 0.9777
[1m124/125[0m [32m━━━━━━━━━━━━━━━━━━━[0m[37m━[0m [1m13s[0m 13s/step - accuracy: 0.9143 - dice_coeff: 0.9159 - iou_score: 0.9035 - loss: 0.3140 - precision: 0.9225 - recall: 0.9777
[1m125/125[0m [32m━━━━━━━━━━━━━━━━━━━━[0m[37m[0m [1m0s[0m 13s/step - accuracy: 0.9143 - dice_coeff: 0.9159 - iou_score: 0.9035 - loss: 0.3140 - precision: 0.9225 - recall: 0.9777 
Epoch 5: val_dice_coeff improved from 0.88210 to 0.88257, saving model to D:\labdatanew@aniket\unet++\models\best_model.keras

Epoch 5: finished saving model to D:\labdatanew@aniket\unet++\models\best_model.keras

[1m125/125[0m [32m━━━━━━━━━━━━━━━━━━━━[0m[37m[0m [1m1752s[0m 14s/step - accuracy: 0.9144 - dice_coeff: 0.9166 - iou_score: 0.9036 - loss: 0.3125 - precision: 0.9224 - recall: 0.9779 - val_accuracy: 0.7963 - val_dice_coeff: 0.8826 - val_iou_score: 0.7958 - val_loss: 1.0253 - val_precision: 0.7958 - val_recall: 1.0000 - learning_rate: 5.0000e-05
Epoch 6/100

[1m  1/125[0m [37m━━━━━━━━━━━━━━━━━━━━[0m [1m28:12[0m 14s/step - accuracy: 0.9069 - dice_coeff: 0.9132 - iou_score: 0.8966 - loss: 0.3301 - precision: 0.9171 - recall: 0.9757
[1m  2/125[0m [37m━━━━━━━━━━━━━━━━━━━━[0m [1m26:57[0m 13s/step - accuracy: 0.9069 - dice_coeff: 0.9137 - iou_score: 0.8963 - loss: 0.3313 - precision: 0.9153 - recall: 0.9774
[1m  3/125[0m [37m━━━━━━━━━━━━━━━━━━━━[0m [1m26:42[0m 13s/step - accuracy: 0.9085 - dice_coeff: 0.9144 - iou_score: 0.8979 - loss: 0.3279 - precision: 0.9172 - recall: 0.9772
[1m  4/125[0m [37m━━━━━━━━━━━━━━━━━━━━[0m [1m26:34[0m 13s/step - accuracy: 0.9095 - dice_coeff: 0.9151 - iou_score: 0.8989 - loss: 0.3251 - precision: 0.9178 - recall: 0.9776
[1m  5/125[0m [37m━━━━━━━━━━━━━━━━━━━━[0m [1m26:18[0m 13s/step - accuracy: 0.9101 - dice_coeff: 0.9155 - iou_score: 0.8994 - loss: 0.3233 - precision: 0.9180 - recall: 0.9780
[1m  6/125[0m [37m━━━━━━━━━━━━━━━━━━━━[0m [1m26:05[0m 13s/step - accuracy: 0.9104 - dice_coeff: 0.9156 - iou_score: 0.8996 - loss: 0.3226 - precision: 0.9182 - recall: 0.9780
[1m  7/125[0m [32m━[0m[37m━━━━━━━━━━━━━━━━━━━[0m [1m25:48[0m 13s/step - accuracy: 0.9107 - dice_coeff: 0.9158 - iou_score: 0.8999 - loss: 0.3215 - precision: 0.9188 - recall: 0.9778
[1m  8/125[0m [32m━[0m[37m━━━━━━━━━━━━━━━━━━━[0m [1m25:33[0m 13s/step - accuracy: 0.9111 - dice_coeff: 0.9160 - iou_score: 0.9003 - loss: 0.3204 - precision: 0.9192 - recall: 0.9777
[1m  9/125[0m [32m━[0m[37m━━━━━━━━━━━━━━━━━━━[0m [1m25:17[0m 13s/step - accuracy: 0.9114 - dice_coeff: 0.9161 - iou_score: 0.9005 - loss: 0.3197 - precision: 0.9196 - recall: 0.9775
[1m 10/125[0m [32m━[0m[37m━━━━━━━━━━━━━━━━━━━[0m [1m25:01[0m 13s/step - accuracy: 0.9115 - dice_coeff: 0.9161 - iou_score: 0.9006 - loss: 0.3195 - precision: 0.9198 - recall: 0.9774
[1m 11/125[0m [32m━[0m[37m━━━━━━━━━━━━━━━━━━━[0m [1m24:51[0m 13s/step - accuracy: 0.9115 - dice_coeff: 0.9160 - iou_score: 0.9006 - loss: 0.3196 - precision: 0.9199 - recall: 0.9773
[1m 12/125[0m [32m━[0m[37m━━━━━━━━━━━━━━━━━━━[0m [1m24:41[0m 13s/step - accuracy: 0.9116 - dice_coeff: 0.9161 - iou_score: 0.9007 - loss: 0.3194 - precision: 0.9200 - recall: 0.9773
[1m 13/125[0m [32m━━[0m[37m━━━━━━━━━━━━━━━━━━[0m [1m24:32[0m 13s/step - accuracy: 0.9117 - dice_coeff: 0.9161 - iou_score: 0.9008 - loss: 0.3190 - precision: 0.9202 - recall: 0.9773
[1m 14/125[0m [32m━━[0m[37m━━━━━━━━━━━━━━━━━━[0m [1m24:19[0m 13s/step - accuracy: 0.9119 - dice_coeff: 0.9162 - iou_score: 0.9010 - loss: 0.3186 - precision: 0.9203 - recall: 0.9773
[1m 15/125[0m [32m━━[0m[37m━━━━━━━━━━━━━━━━━━[0m [1m24:07[0m 13s/step - accuracy: 0.9120 - dice_coeff: 0.9162 - iou_score: 0.9011 - loss: 0.3183 - precision: 0.9205 - recall: 0.9773
[1m 16/125[0m [32m━━[0m[37m━━━━━━━━━━━━━━━━━━[0m [1m23:55[0m 13s/step - accuracy: 0.9121 - dice_coeff: 0.9163 - iou_score: 0.9012 - loss: 0.3180 - precision: 0.9205 - recall: 0.9773
[1m 17/125[0m [32m━━[0m[37m━━━━━━━━━━━━━━━━━━[0m [1m23:42[0m 13s/step - accuracy: 0.9122 - dice_coeff: 0.9163 - iou_score: 0.9013 - loss: 0.3177 - precision: 0.9206 - recall: 0.9774
[1m 18/125[0m [32m━━[0m[37m━━━━━━━━━━━━━━━━━━[0m [1m23:29[0m 13s/step - accuracy: 0.9123 - dice_coeff: 0.9164 - iou_score: 0.9014 - loss: 0.3175 - precision: 0.9207 - recall: 0.9774
[1m 19/125[0m [32m━━━[0m[37m━━━━━━━━━━━━━━━━━[0m [1m23:17[0m 13s/step - accuracy: 0.9124 - dice_coeff: 0.9164 - iou_score: 0.9015 - loss: 0.3173 - precision: 0.9207 - recall: 0.9774
[1m 20/125[0m [32m━━━[0m[37m━━━━━━━━━━━━━━━━━[0m [1m23:03[0m 13s/step - accuracy: 0.9124 - dice_coeff: 0.9164 - iou_score: 0.9015 - loss: 0.3171 - precision: 0.9207 - recall: 0.9775
[1m 21/125[0m [32m━━━[0m[37m━━━━━━━━━━━━━━━━━[0m [1m22:50[0m 13s/step - accuracy: 0.9125 - dice_coeff: 0.9165 - iou_score: 0.9016 - loss: 0.3169 - precision: 0.9208 - recall: 0.9775
[1m 22/125[0m [32m━━━[0m[37m━━━━━━━━━━━━━━━━━[0m [1m22:37[0m 13s/step - accuracy: 0.9126 - dice_coeff: 0.9165 - iou_score: 0.9017 - loss: 0.3167 - precision: 0.9208 - recall: 0.9775
[1m 23/125[0m [32m━━━[0m[37m━━━━━━━━━━━━━━━━━[0m [1m22:24[0m 13s/step - accuracy: 0.9127 - dice_coeff: 0.9166 - iou_score: 0.9018 - loss: 0.3165 - precision: 0.9209 - recall: 0.9775
[1m 24/125[0m [32m━━━[0m[37m━━━━━━━━━━━━━━━━━[0m [1m22:09[0m 13s/step - accuracy: 0.9128 - dice_coeff: 0.9166 - iou_score: 0.9019 - loss: 0.3162 - precision: 0.9210 - recall: 0.9775
[1m 25/125[0m [32m━━━━[0m[37m━━━━━━━━━━━━━━━━[0m [1m21:57[0m 13s/step - accuracy: 0.9129 - dice_coeff: 0.9167 - iou_score: 0.9020 - loss: 0.3159 - precision: 0.9211 - recall: 0.9776
[1m 26/125[0m [32m━━━━[0m[37m━━━━━━━━━━━━━━━━[0m [1m21:44[0m 13s/step - accuracy: 0.9129 - dice_coeff: 0.9167 - iou_score: 0.9021 - loss: 0.3157 - precision: 0.9212 - recall: 0.9776
[1m 27/125[0m [32m━━━━[0m[37m━━━━━━━━━━━━━━━━[0m [1m21:30[0m 13s/step - accuracy: 0.9130 - dice_coeff: 0.9168 - iou_score: 0.9022 - loss: 0.3155 - precision: 0.9213 - recall: 0.9776
[1m 28/125[0m [32m━━━━[0m[37m━━━━━━━━━━━━━━━━[0m [1m21:17[0m 13s/step - accuracy: 0.9131 - dice_coeff: 0.9168 - iou_score: 0.9023 - loss: 0.3153 - precision: 0.9214 - recall: 0.9776
[1m 29/125[0m [32m━━━━[0m[37m━━━━━━━━━━━━━━━━[0m [1m21:04[0m 13s/step - accuracy: 0.9132 - dice_coeff: 0.9169 - iou_score: 0.9024 - loss: 0.3150 - precision: 0.9214 - recall: 0.9776
[1m 30/125[0m [32m━━━━[0m[37m━━━━━━━━━━━━━━━━[0m [1m20:51[0m 13s/step - accuracy: 0.9133 - dice_coeff: 0.9169 - iou_score: 0.9025 - loss: 0.3148 - precision: 0.9215 - recall: 0.9776
[1m 31/125[0m [32m━━━━[0m[37m━━━━━━━━━━━━━━━━[0m [1m20:38[0m 13s/step - accuracy: 0.9134 - dice_coeff: 0.9170 - iou_score: 0.9026 - loss: 0.3145 - precision: 0.9216 - recall: 0.9777
[1m 32/125[0m [32m━━━━━[0m[37m━━━━━━━━━━━━━━━[0m [1m20:24[0m 13s/step - accuracy: 0.9135 - dice_coeff: 0.9171 - iou_score: 0.9027 - loss: 0.3142 - precision: 0.9217 - recall: 0.9777
[1m 33/125[0m [32m━━━━━[0m[37m━━━━━━━━━━━━━━━[0m [1m20:10[0m 13s/step - accuracy: 0.9136 - dice_coeff: 0.9171 - iou_score: 0.9028 - loss: 0.3139 - precision: 0.9218 - recall: 0.9777
[1m 34/125[0m [32m━━━━━[0m[37m━━━━━━━━━━━━━━━[0m [1m19:57[0m 13s/step - accuracy: 0.9136 - dice_coeff: 0.9172 - iou_score: 0.9029 - loss: 0.3137 - precision: 0.9219 - recall: 0.9777
[1m 35/125[0m [32m━━━━━[0m[37m━━━━━━━━━━━━━━━[0m [1m19:43[0m 13s/step - accuracy: 0.9137 - dice_coeff: 0.9172 - iou_score: 0.9030 - loss: 0.3135 - precision: 0.9220 - recall: 0.9778
[1m 36/125[0m [32m━━━━━[0m[37m━━━━━━━━━━━━━━━[0m [1m19:29[0m 13s/step - accuracy: 0.9138 - dice_coeff: 0.9173 - iou_score: 0.9030 - loss: 0.3133 - precision: 0.9220 - recall: 0.9778
[1m 37/125[0m [32m━━━━━[0m[37m━━━━━━━━━━━━━━━[0m [1m19:15[0m 13s/step - accuracy: 0.9138 - dice_coeff: 0.9173 - iou_score: 0.9031 - loss: 0.3131 - precision: 0.9221 - recall: 0.9778
[1m 38/125[0m [32m━━━━━━[0m[37m━━━━━━━━━━━━━━[0m [1m19:02[0m 13s/step - accuracy: 0.9139 - dice_coeff: 0.9174 - iou_score: 0.9032 - loss: 0.3130 - precision: 0.9221 - recall: 0.9778
[1m 39/125[0m [32m━━━━━━[0m[37m━━━━━━━━━━━━━━[0m [1m18:49[0m 13s/step - accuracy: 0.9139 - dice_coeff: 0.9174 - iou_score: 0.9032 - loss: 0.3128 - precision: 0.9221 - recall: 0.9779
[1m 40/125[0m [32m━━━━━━[0m[37m━━━━━━━━━━━━━━[0m [1m18:35[0m 13s/step - accuracy: 0.9140 - dice_coeff: 0.9175 - iou_score: 0.9033 - loss: 0.3127 - precision: 0.9222 - recall: 0.9779
[1m 41/125[0m [32m━━━━━━[0m[37m━━━━━━━━━━━━━━[0m [1m18:21[0m 13s/step - accuracy: 0.9140 - dice_coeff: 0.9175 - iou_score: 0.9033 - loss: 0.3126 - precision: 0.9222 - recall: 0.9779
[1m 42/125[0m [32m━━━━━━[0m[37m━━━━━━━━━━━━━━[0m [1m18:08[0m 13s/step - accuracy: 0.9140 - dice_coeff: 0.9175 - iou_score: 0.9034 - loss: 0.3125 - precision: 0.9222 - recall: 0.9779
[1m 43/125[0m [32m━━━━━━[0m[37m━━━━━━━━━━━━━━[0m [1m17:55[0m 13s/step - accuracy: 0.9141 - dice_coeff: 0.9175 - iou_score: 0.9034 - loss: 0.3123 - precision: 0.9222 - recall: 0.9780
[1m 44/125[0m [32m━━━━━━━[0m[37m━━━━━━━━━━━━━[0m [1m17:41[0m 13s/step - accuracy: 0.9141 - dice_coeff: 0.9176 - iou_score: 0.9034 - loss: 0.3122 - precision: 0.9223 - recall: 0.9780
[1m 45/125[0m [32m━━━━━━━[0m[37m━━━━━━━━━━━━━[0m [1m17:27[0m 13s/step - accuracy: 0.9141 - dice_coeff: 0.9176 - iou_score: 0.9035 - loss: 0.3121 - precision: 0.9223 - recall: 0.9780
[1m 46/125[0m [32m━━━━━━━[0m[37m━━━━━━━━━━━━━[0m [1m17:14[0m 13s/step - accuracy: 0.9142 - dice_coeff: 0.9176 - iou_score: 0.9035 - loss: 0.3120 - precision: 0.9223 - recall: 0.9780
[1m 47/125[0m [32m━━━━━━━[0m[37m━━━━━━━━━━━━━[0m [1m17:00[0m 13s/step - accuracy: 0.9142 - dice_coeff: 0.9176 - iou_score: 0.9036 - loss: 0.3119 - precision: 0.9224 - recall: 0.9780
[1m 48/125[0m [32m━━━━━━━[0m[37m━━━━━━━━━━━━━[0m [1m16:47[0m 13s/step - accuracy: 0.9142 - dice_coeff: 0.9177 - iou_score: 0.9036 - loss: 0.3118 - precision: 0.9224 - recall: 0.9780
[1m 49/125[0m [32m━━━━━━━[0m[37m━━━━━━━━━━━━━[0m [1m16:34[0m 13s/step - accuracy: 0.9143 - dice_coeff: 0.9177 - iou_score: 0.9036 - loss: 0.3117 - precision: 0.9224 - recall: 0.9780
[1m 50/125[0m [32m━━━━━━━━[0m[37m━━━━━━━━━━━━[0m [1m16:21[0m 13s/step - accuracy: 0.9143 - dice_coeff: 0.9177 - iou_score: 0.9037 - loss: 0.3116 - precision: 0.9224 - recall: 0.9780
[1m 51/125[0m [32m━━━━━━━━[0m[37m━━━━━━━━━━━━[0m [1m16:07[0m 13s/step - accuracy: 0.9143 - dice_coeff: 0.9177 - iou_score: 0.9037 - loss: 0.3115 - precision: 0.9224 - recall: 0.9780
[1m 52/125[0m [32m━━━━━━━━[0m[37m━━━━━━━━━━━━[0m [1m15:54[0m 13s/step - accuracy: 0.9143 - dice_coeff: 0.9177 - iou_score: 0.9037 - loss: 0.3115 - precision: 0.9225 - recall: 0.9781
[1m 53/125[0m [32m━━━━━━━━[0m[37m━━━━━━━━━━━━[0m [1m15:40[0m 13s/step - accuracy: 0.9143 - dice_coeff: 0.9178 - iou_score: 0.9037 - loss: 0.3114 - precision: 0.9225 - recall: 0.9781
[1m 54/125[0m [32m━━━━━━━━[0m[37m━━━━━━━━━━━━[0m [1m15:27[0m 13s/step - accuracy: 0.9144 - dice_coeff: 0.9178 - iou_score: 0.9038 - loss: 0.3113 - precision: 0.9225 - recall: 0.9781
[1m 55/125[0m [32m━━━━━━━━[0m[37m━━━━━━━━━━━━[0m [1m15:13[0m 13s/step - accuracy: 0.9144 - dice_coeff: 0.9178 - iou_score: 0.9038 - loss: 0.3112 - precision: 0.9225 - recall: 0.9781
[1m 56/125[0m [32m━━━━━━━━[0m[37m━━━━━━━━━━━━[0m [1m15:01[0m 13s/step - accuracy: 0.9144 - dice_coeff: 0.9178 - iou_score: 0.9038 - loss: 0.3112 - precision: 0.9225 - recall: 0.9781
[1m 57/125[0m [32m━━━━━━━━━[0m[37m━━━━━━━━━━━[0m [1m14:48[0m 13s/step - accuracy: 0.9144 - dice_coeff: 0.9178 - iou_score: 0.9038 - loss: 0.3111 - precision: 0.9226 - recall: 0.9781
[1m 58/125[0m [32m━━━━━━━━━[0m[37m━━━━━━━━━━━[0m [1m14:34[0m 13s/step - accuracy: 0.9144 - dice_coeff: 0.9178 - iou_score: 0.9038 - loss: 0.3110 - precision: 0.9226 - recall: 0.9781
[1m 59/125[0m [32m━━━━━━━━━[0m[37m━━━━━━━━━━━[0m [1m14:21[0m 13s/step - accuracy: 0.9145 - dice_coeff: 0.9178 - iou_score: 0.9039 - loss: 0.3110 - precision: 0.9226 - recall: 0.9781
[1m 60/125[0m [32m━━━━━━━━━[0m[37m━━━━━━━━━━━[0m [1m14:08[0m 13s/step - accuracy: 0.9145 - dice_coeff: 0.9179 - iou_score: 0.9039 - loss: 0.3109 - precision: 0.9226 - recall: 0.9781
[1m 61/125[0m [32m━━━━━━━━━[0m[37m━━━━━━━━━━━[0m [1m13:56[0m 13s/step - accuracy: 0.9145 - dice_coeff: 0.9179 - iou_score: 0.9039 - loss: 0.3108 - precision: 0.9226 - recall: 0.9781
[1m 62/125[0m [32m━━━━━━━━━[0m[37m━━━━━━━━━━━[0m [1m13:43[0m 13s/step - accuracy: 0.9145 - dice_coeff: 0.9179 - iou_score: 0.9039 - loss: 0.3108 - precision: 0.9226 - recall: 0.9781
[1m 63/125[0m [32m━━━━━━━━━━[0m[37m━━━━━━━━━━[0m [1m13:30[0m 13s/step - accuracy: 0.9145 - dice_coeff: 0.9179 - iou_score: 0.9039 - loss: 0.3107 - precision: 0.9226 - recall: 0.9781
[1m 64/125[0m [32m━━━━━━━━━━[0m[37m━━━━━━━━━━[0m [1m13:17[0m 13s/step - accuracy: 0.9145 - dice_coeff: 0.9179 - iou_score: 0.9039 - loss: 0.3107 - precision: 0.9226 - recall: 0.9781
[1m 65/125[0m [32m━━━━━━━━━━[0m[37m━━━━━━━━━━[0m [1m13:04[0m 13s/step - accuracy: 0.9145 - dice_coeff: 0.9179 - iou_score: 0.9039 - loss: 0.3107 - precision: 0.9226 - recall: 0.9781
[1m 66/125[0m [32m━━━━━━━━━━[0m[37m━━━━━━━━━━[0m [1m12:51[0m 13s/step - accuracy: 0.9145 - dice_coeff: 0.9179 - iou_score: 0.9039 - loss: 0.3106 - precision: 0.9226 - recall: 0.9781
[1m 67/125[0m [32m━━━━━━━━━━[0m[37m━━━━━━━━━━[0m [1m12:38[0m 13s/step - accuracy: 0.9145 - dice_coeff: 0.9179 - iou_score: 0.9040 - loss: 0.3106 - precision: 0.9227 - recall: 0.9781
[1m 68/125[0m [32m━━━━━━━━━━[0m[37m━━━━━━━━━━[0m [1m12:26[0m 13s/step - accuracy: 0.9146 - dice_coeff: 0.9179 - iou_score: 0.9040 - loss: 0.3105 - precision: 0.9227 - recall: 0.9781
[1m 69/125[0m [32m━━━━━━━━━━━[0m[37m━━━━━━━━━[0m [1m12:13[0m 13s/step - accuracy: 0.9146 - dice_coeff: 0.9179 - iou_score: 0.9040 - loss: 0.3105 - precision: 0.9227 - recall: 0.9781
[1m 70/125[0m [32m━━━━━━━━━━━[0m[37m━━━━━━━━━[0m [1m12:01[0m 13s/step - accuracy: 0.9146 - dice_coeff: 0.9179 - iou_score: 0.9040 - loss: 0.3104 - precision: 0.9227 - recall: 0.9781
[1m 71/125[0m [32m━━━━━━━━━━━[0m[37m━━━━━━━━━[0m [1m11:48[0m 13s/step - accuracy: 0.9146 - dice_coeff: 0.9179 - iou_score: 0.9040 - loss: 0.3104 - precision: 0.9227 - recall: 0.9781
[1m 72/125[0m [32m━━━━━━━━━━━[0m[37m━━━━━━━━━[0m [1m11:35[0m 13s/step - accuracy: 0.9146 - dice_coeff: 0.9180 - iou_score: 0.9040 - loss: 0.3103 - precision: 0.9227 - recall: 0.9781
[1m 73/125[0m [32m━━━━━━━━━━━[0m[37m━━━━━━━━━[0m [1m11:22[0m 13s/step - accuracy: 0.9146 - dice_coeff: 0.9180 - iou_score: 0.9040 - loss: 0.3103 - precision: 0.9227 - recall: 0.9781
[1m 74/125[0m [32m━━━━━━━━━━━[0m[37m━━━━━━━━━[0m [1m11:10[0m 13s/step - accuracy: 0.9146 - dice_coeff: 0.9180 - iou_score: 0.9040 - loss: 0.3102 - precision: 0.9227 - recall: 0.9781
[1m 75/125[0m [32m━━━━━━━━━━━━[0m[37m━━━━━━━━[0m [1m10:54[0m 13s/step - accuracy: 0.9146 - dice_coeff: 0.9180 - iou_score: 0.9040 - loss: 0.3102 - precision: 0.9227 - recall: 0.9781
[1m 76/125[0m [32m━━━━━━━━━━━━[0m[37m━━━━━━━━[0m [1m10:38[0m 13s/step - accuracy: 0.9146 - dice_coeff: 0.9180 - iou_score: 0.9040 - loss: 0.3102 - precision: 0.9227 - recall: 0.9781
[1m 77/125[0m [32m━━━━━━━━━━━━[0m[37m━━━━━━━━[0m [1m10:25[0m 13s/step - accuracy: 0.9146 - dice_coeff: 0.9180 - iou_score: 0.9040 - loss: 0.3101 - precision: 0.9227 - recall: 0.9781
[1m 78/125[0m [32m━━━━━━━━━━━━[0m[37m━━━━━━━━[0m [1m10:12[0m 13s/step - accuracy: 0.9146 - dice_coeff: 0.9180 - iou_score: 0.9041 - loss: 0.3101 - precision: 0.9227 - recall: 0.9781
[1m 79/125[0m [32m━━━━━━━━━━━━[0m[37m━━━━━━━━[0m [1m9:59[0m 13s/step - accuracy: 0.9147 - dice_coeff: 0.9180 - iou_score: 0.9041 - loss: 0.3100 - precision: 0.9228 - recall: 0.9781 
[1m 80/125[0m [32m━━━━━━━━━━━━[0m[37m━━━━━━━━[0m [1m9:46[0m 13s/step - accuracy: 0.9147 - dice_coeff: 0.9180 - iou_score: 0.9041 - loss: 0.3100 - precision: 0.9228 - recall: 0.9781
[1m 81/125[0m [32m━━━━━━━━━━━━[0m[37m━━━━━━━━[0m [1m9:33[0m 13s/step - accuracy: 0.9147 - dice_coeff: 0.9180 - iou_score: 0.9041 - loss: 0.3099 - precision: 0.9228 - recall: 0.9781
[1m 82/125[0m [32m━━━━━━━━━━━━━[0m[37m━━━━━━━[0m [1m9:20[0m 13s/step - accuracy: 0.9147 - dice_coeff: 0.9180 - iou_score: 0.9041 - loss: 0.3099 - precision: 0.9228 - recall: 0.9781
[1m 83/125[0m [32m━━━━━━━━━━━━━[0m[37m━━━━━━━[0m [1m9:07[0m 13s/step - accuracy: 0.9147 - dice_coeff: 0.9180 - iou_score: 0.9041 - loss: 0.3099 - precision: 0.9228 - recall: 0.9781
[1m 84/125[0m [32m━━━━━━━━━━━━━[0m[37m━━━━━━━[0m [1m8:54[0m 13s/step - accuracy: 0.9147 - dice_coeff: 0.9180 - iou_score: 0.9041 - loss: 0.3098 - precision: 0.9228 - recall: 0.9781
[1m 85/125[0m [32m━━━━━━━━━━━━━[0m[37m━━━━━━━[0m [1m8:41[0m 13s/step - accuracy: 0.9147 - dice_coeff: 0.9180 - iou_score: 0.9041 - loss: 0.3098 - precision: 0.9228 - recall: 0.9781
[1m 86/125[0m [32m━━━━━━━━━━━━━[0m[37m━━━━━━━[0m [1m8:28[0m 13s/step - accuracy: 0.9147 - dice_coeff: 0.9180 - iou_score: 0.9041 - loss: 0.3097 - precision: 0.9228 - recall: 0.9781
[1m 87/125[0m [32m━━━━━━━━━━━━━[0m[37m━━━━━━━[0m [1m8:15[0m 13s/step - accuracy: 0.9147 - dice_coeff: 0.9181 - iou_score: 0.9041 - loss: 0.3097 - precision: 0.9228 - recall: 0.9781
[1m 88/125[0m [32m━━━━━━━━━━━━━━[0m[37m━━━━━━[0m [1m8:02[0m 13s/step - accuracy: 0.9147 - dice_coeff: 0.9181 - iou_score: 0.9041 - loss: 0.3096 - precision: 0.9228 - recall: 0.9781
[1m 89/125[0m [32m━━━━━━━━━━━━━━[0m[37m━━━━━━[0m [1m13:07[0m 22s/step - accuracy: 0.9148 - dice_coeff: 0.9181 - iou_score: 0.9042 - loss: 0.3096 - precision: 0.9229 - recall: 0.9781
[1m 90/125[0m [32m━━━━━━━━━━━━━━[0m[37m━━━━━━[0m [1m12:42[0m 22s/step - accuracy: 0.9148 - dice_coeff: 0.9181 - iou_score: 0.9042 - loss: 0.3095 - precision: 0.9229 - recall: 0.9781
[1m 91/125[0m [32m━━━━━━━━━━━━━━[0m[37m━━━━━━[0m [1m12:17[0m 22s/step - accuracy: 0.9148 - dice_coeff: 0.9181 - iou_score: 0.9042 - loss: 0.3095 - precision: 0.9229 - recall: 0.9781
[1m 92/125[0m [32m━━━━━━━━━━━━━━[0m[37m━━━━━━[0m [1m11:53[0m 22s/step - accuracy: 0.9148 - dice_coeff: 0.9181 - iou_score: 0.9042 - loss: 0.3095 - precision: 0.9229 - recall: 0.9781
[1m 93/125[0m [32m━━━━━━━━━━━━━━[0m[37m━━━━━━[0m [1m11:30[0m 22s/step - accuracy: 0.9148 - dice_coeff: 0.9181 - iou_score: 0.9042 - loss: 0.3095 - precision: 0.9229 - recall: 0.9781
[1m 94/125[0m [32m━━━━━━━━━━━━━━━[0m[37m━━━━━[0m [1m11:06[0m 22s/step - accuracy: 0.9148 - dice_coeff: 0.9181 - iou_score: 0.9042 - loss: 0.3094 - precision: 0.9229 - recall: 0.9781
[1m 95/125[0m [32m━━━━━━━━━━━━━━━[0m[37m━━━━━[0m [1m10:45[0m 22s/step - accuracy: 0.9148 - dice_coeff: 0.9181 - iou_score: 0.9042 - loss: 0.3094 - precision: 0.9229 - recall: 0.9781
[1m 96/125[0m [32m━━━━━━━━━━━━━━━[0m[37m━━━━━[0m [1m10:24[0m 22s/step - accuracy: 0.9148 - dice_coeff: 0.9181 - iou_score: 0.9042 - loss: 0.3094 - precision: 0.9229 - recall: 0.9781
[1m 97/125[0m [32m━━━━━━━━━━━━━━━[0m[37m━━━━━[0m [1m9:59[0m 21s/step - accuracy: 0.9148 - dice_coeff: 0.9181 - iou_score: 0.9042 - loss: 0.3093 - precision: 0.9229 - recall: 0.9781 
[1m 98/125[0m [32m━━━━━━━━━━━━━━━[0m[37m━━━━━[0m [1m9:36[0m 21s/step - accuracy: 0.9148 - dice_coeff: 0.9181 - iou_score: 0.9042 - loss: 0.3093 - precision: 0.9229 - recall: 0.9781
[1m 99/125[0m [32m━━━━━━━━━━━━━━━[0m[37m━━━━━[0m [1m9:12[0m 21s/step - accuracy: 0.9148 - dice_coeff: 0.9181 - iou_score: 0.9042 - loss: 0.3092 - precision: 0.9229 - recall: 0.9781
[1m100/125[0m [32m━━━━━━━━━━━━━━━━[0m[37m━━━━[0m [1m8:48[0m 21s/step - accuracy: 0.9148 - dice_coeff: 0.9181 - iou_score: 0.9042 - loss: 0.3092 - precision: 0.9229 - recall: 0.9781
[1m101/125[0m [32m━━━━━━━━━━━━━━━━[0m[37m━━━━[0m [1m8:25[0m 21s/step - accuracy: 0.9148 - dice_coeff: 0.9182 - iou_score: 0.9042 - loss: 0.3092 - precision: 0.9229 - recall: 0.9781
[1m102/125[0m [32m━━━━━━━━━━━━━━━━[0m[37m━━━━[0m [1m8:02[0m 21s/step - accuracy: 0.9149 - dice_coeff: 0.9182 - iou_score: 0.9042 - loss: 0.3091 - precision: 0.9229 - recall: 0.9781
[1m103/125[0m [32m━━━━━━━━━━━━━━━━[0m[37m━━━━[0m [1m7:40[0m 21s/step - accuracy: 0.9149 - dice_coeff: 0.9182 - iou_score: 0.9042 - loss: 0.3091 - precision: 0.9229 - recall: 0.9781
[1m104/125[0m [32m━━━━━━━━━━━━━━━━[0m[37m━━━━[0m [1m7:17[0m 21s/step - accuracy: 0.9149 - dice_coeff: 0.9182 - iou_score: 0.9042 - loss: 0.3091 - precision: 0.9229 - recall: 0.9781
[1m105/125[0m [32m━━━━━━━━━━━━━━━━[0m[37m━━━━[0m [1m6:55[0m 21s/step - accuracy: 0.9149 - dice_coeff: 0.9182 - iou_score: 0.9043 - loss: 0.3090 - precision: 0.9229 - recall: 0.9781
[1m106/125[0m [32m━━━━━━━━━━━━━━━━[0m[37m━━━━[0m [1m6:32[0m 21s/step - accuracy: 0.9149 - dice_coeff: 0.9182 - iou_score: 0.9043 - loss: 0.3090 - precision: 0.9230 - recall: 0.9781
[1m107/125[0m [32m━━━━━━━━━━━━━━━━━[0m[37m━━━[0m [1m6:11[0m 21s/step - accuracy: 0.9149 - dice_coeff: 0.9182 - iou_score: 0.9043 - loss: 0.3090 - precision: 0.9230 - recall: 0.9781
[1m108/125[0m [32m━━━━━━━━━━━━━━━━━[0m[37m━━━[0m [1m5:49[0m 21s/step - accuracy: 0.9149 - dice_coeff: 0.9182 - iou_score: 0.9043 - loss: 0.3090 - precision: 0.9230 - recall: 0.9782
[1m109/125[0m [32m━━━━━━━━━━━━━━━━━[0m[37m━━━[0m [1m5:27[0m 20s/step - accuracy: 0.9149 - dice_coeff: 0.9182 - iou_score: 0.9043 - loss: 0.3089 - precision: 0.9230 - recall: 0.9782
[1m110/125[0m [32m━━━━━━━━━━━━━━━━━[0m[37m━━━[0m [1m5:05[0m 20s/step - accuracy: 0.9149 - dice_coeff: 0.9182 - iou_score: 0.9043 - loss: 0.3089 - precision: 0.9230 - recall: 0.9782
[1m111/125[0m [32m━━━━━━━━━━━━━━━━━[0m[37m━━━[0m [1m4:44[0m 20s/step - accuracy: 0.9149 - dice_coeff: 0.9182 - iou_score: 0.9043 - loss: 0.3089 - precision: 0.9230 - recall: 0.9782
[1m112/125[0m [32m━━━━━━━━━━━━━━━━━[0m[37m━━━[0m [1m4:23[0m 20s/step - accuracy: 0.9149 - dice_coeff: 0.9182 - iou_score: 0.9043 - loss: 0.3089 - precision: 0.9230 - recall: 0.9782
[1m113/125[0m [32m━━━━━━━━━━━━━━━━━━[0m[37m━━[0m [1m4:02[0m 20s/step - accuracy: 0.9149 - dice_coeff: 0.9182 - iou_score: 0.9043 - loss: 0.3088 - precision: 0.9230 - recall: 0.9782
[1m114/125[0m [32m━━━━━━━━━━━━━━━━━━[0m[37m━━[0m [1m3:41[0m 20s/step - accuracy: 0.9149 - dice_coeff: 0.9182 - iou_score: 0.9043 - loss: 0.3088 - precision: 0.9230 - recall: 0.9781
[1m115/125[0m [32m━━━━━━━━━━━━━━━━━━[0m[37m━━[0m [1m3:20[0m 20s/step - accuracy: 0.9149 - dice_coeff: 0.9182 - iou_score: 0.9043 - loss: 0.3088 - precision: 0.9230 - recall: 0.9781
[1m116/125[0m [32m━━━━━━━━━━━━━━━━━━[0m[37m━━[0m [1m3:00[0m 20s/step - accuracy: 0.9149 - dice_coeff: 0.9182 - iou_score: 0.9043 - loss: 0.3088 - precision: 0.9230 - recall: 0.9781
[1m117/125[0m [32m━━━━━━━━━━━━━━━━━━[0m[37m━━[0m [1m2:39[0m 20s/step - accuracy: 0.9149 - dice_coeff: 0.9182 - iou_score: 0.9043 - loss: 0.3087 - precision: 0.9230 - recall: 0.9781
[1m118/125[0m [32m━━━━━━━━━━━━━━━━━━[0m[37m━━[0m [1m2:19[0m 20s/step - accuracy: 0.9149 - dice_coeff: 0.9182 - iou_score: 0.9043 - loss: 0.3087 - precision: 0.9230 - recall: 0.9781
[1m119/125[0m [32m━━━━━━━━━━━━━━━━━━━[0m[37m━[0m [1m1:58[0m 20s/step - accuracy: 0.9149 - dice_coeff: 0.9182 - iou_score: 0.9043 - loss: 0.3087 - precision: 0.9230 - recall: 0.9781
[1m120/125[0m [32m━━━━━━━━━━━━━━━━━━━[0m[37m━[0m [1m1:38[0m 20s/step - accuracy: 0.9149 - dice_coeff: 0.9182 - iou_score: 0.9043 - loss: 0.3087 - precision: 0.9230 - recall: 0.9781
[1m121/125[0m [32m━━━━━━━━━━━━━━━━━━━[0m[37m━[0m [1m1:18[0m 20s/step - accuracy: 0.9150 - dice_coeff: 0.9182 - iou_score: 0.9043 - loss: 0.3086 - precision: 0.9230 - recall: 0.9781
[1m122/125[0m [32m━━━━━━━━━━━━━━━━━━━[0m[37m━[0m [1m58s[0m 20s/step - accuracy: 0.9150 - dice_coeff: 0.9183 - iou_score: 0.9043 - loss: 0.3086 - precision: 0.9230 - recall: 0.9781 
[1m123/125[0m [32m━━━━━━━━━━━━━━━━━━━[0m[37m━[0m [1m39s[0m 20s/step - accuracy: 0.9150 - dice_coeff: 0.9183 - iou_score: 0.9043 - loss: 0.3086 - precision: 0.9230 - recall: 0.9781
[1m124/125[0m [32m━━━━━━━━━━━━━━━━━━━[0m[37m━[0m [1m19s[0m 20s/step - accuracy: 0.9150 - dice_coeff: 0.9183 - iou_score: 0.9043 - loss: 0.3086 - precision: 0.9230 - recall: 0.9781
[1m125/125[0m [32m━━━━━━━━━━━━━━━━━━━━[0m[37m[0m [1m0s[0m 20s/step - accuracy: 0.9150 - dice_coeff: 0.9183 - iou_score: 0.9043 - loss: 0.3085 - precision: 0.9230 - recall: 0.9781 
Epoch 6: val_dice_coeff improved from 0.88257 to 0.88427, saving model to D:\labdatanew@aniket\unet++\models\best_model.keras

Epoch 6: finished saving model to D:\labdatanew@aniket\unet++\models\best_model.keras

[1m125/125[0m [32m━━━━━━━━━━━━━━━━━━━━[0m[37m[0m [1m2563s[0m 21s/step - accuracy: 0.9158 - dice_coeff: 0.9190 - iou_score: 0.9051 - loss: 0.3049 - precision: 0.9239 - recall: 0.9780 - val_accuracy: 0.7970 - val_dice_coeff: 0.8843 - val_iou_score: 0.7964 - val_loss: 0.9176 - val_precision: 0.7964 - val_recall: 1.0000 - learning_rate: 5.0000e-05
Epoch 7/100

[1m  1/125[0m [37m━━━━━━━━━━━━━━━━━━━━[0m [1m28:33[0m 14s/step - accuracy: 0.9179 - dice_coeff: 0.9231 - iou_score: 0.9068 - loss: 0.2949 - precision: 0.9170 - recall: 0.9879
[1m  2/125[0m [37m━━━━━━━━━━━━━━━━━━━━[0m [1m26:49[0m 13s/step - accuracy: 0.9197 - dice_coeff: 0.9238 - iou_score: 0.9094 - loss: 0.2903 - precision: 0.9217 - recall: 0.9857
[1m  3/125[0m [37m━━━━━━━━━━━━━━━━━━━━[0m [1m26:34[0m 13s/step - accuracy: 0.9193 - dice_coeff: 0.9232 - iou_score: 0.9091 - loss: 0.2923 - precision: 0.9222 - recall: 0.9847
[1m  4/125[0m [37m━━━━━━━━━━━━━━━━━━━━[0m [1m26:26[0m 13s/step - accuracy: 0.9182 - dice_coeff: 0.9224 - iou_score: 0.9078 - loss: 0.2956 - precision: 0.9213 - recall: 0.9841
[1m  5/125[0m [37m━━━━━━━━━━━━━━━━━━━━[0m [1m26:14[0m 13s/step - accuracy: 0.9176 - dice_coeff: 0.9220 - iou_score: 0.9071 - loss: 0.2975 - precision: 0.9208 - recall: 0.9839
[1m  6/125[0m [37m━━━━━━━━━━━━━━━━━━━━[0m [1m26:01[0m 13s/step - accuracy: 0.9171 - dice_coeff: 0.9217 - iou_score: 0.9065 - loss: 0.2989 - precision: 0.9204 - recall: 0.9837
[1m  7/125[0m [32m━[0m[37m━━━━━━━━━━━━━━━━━━━[0m [1m25:43[0m 13s/step - accuracy: 0.9169 - dice_coeff: 0.9215 - iou_score: 0.9063 - loss: 0.2995 - precision: 0.9203 - recall: 0.9836
[1m  8/125[0m [32m━[0m[37m━━━━━━━━━━━━━━━━━━━[0m [1m25:27[0m 13s/step - accuracy: 0.9168 - dice_coeff: 0.9214 - iou_score: 0.9061 - loss: 0.2999 - precision: 0.9203 - recall: 0.9834
[1m  9/125[0m [32m━[0m[37m━━━━━━━━━━━━━━━━━━━[0m [1m25:16[0m 13s/step - accuracy: 0.9168 - dice_coeff: 0.9213 - iou_score: 0.9061 - loss: 0.3000 - precision: 0.9204 - recall: 0.9831
[1m 10/125[0m [32m━[0m[37m━━━━━━━━━━━━━━━━━━━[0m [1m25:01[0m 13s/step - accuracy: 0.9168 - dice_coeff: 0.9213 - iou_score: 0.9062 - loss: 0.2999 - precision: 0.9208 - recall: 0.9828
[1m 11/125[0m [32m━[0m[37m━━━━━━━━━━━━━━━━━━━[0m [1m24:47[0m 13s/step - accuracy: 0.9170 - dice_coeff: 0.9213 - iou_score: 0.9063 - loss: 0.2996 - precision: 0.9213 - recall: 0.9824
[1m 12/125[0m [32m━[0m[37m━━━━━━━━━━━━━━━━━━━[0m [1m24:34[0m 13s/step - accuracy: 0.9171 - dice_coeff: 0.9213 - iou_score: 0.9064 - loss: 0.2994 - precision: 0.9216 - recall: 0.9822
[1m 13/125[0m [32m━━[0m[37m━━━━━━━━━━━━━━━━━━[0m [1m24:20[0m 13s/step - accuracy: 0.9171 - dice_coeff: 0.9213 - iou_score: 0.9064 - loss: 0.2995 - precision: 0.9218 - recall: 0.9819
[1m 14/125[0m [32m━━[0m[37m━━━━━━━━━━━━━━━━━━[0m [1m24:04[0m 13s/step - accuracy: 0.9171 - dice_coeff: 0.9213 - iou_score: 0.9064 - loss: 0.2994 - precision: 0.9221 - recall: 0.9816
[1m 15/125[0m [32m━━[0m[37m━━━━━━━━━━━━━━━━━━[0m [1m23:51[0m 13s/step - accuracy: 0.9172 - dice_coeff: 0.9213 - iou_score: 0.9065 - loss: 0.2992 - precision: 0.9224 - recall: 0.9814
[1m 16/125[0m [32m━━[0m[37m━━━━━━━━━━━━━━━━━━[0m [1m23:37[0m 13s/step - accuracy: 0.9172 - dice_coeff: 0.9213 - iou_score: 0.9065 - loss: 0.2990 - precision: 0.9226 - recall: 0.9813
[1m 17/125[0m [32m━━[0m[37m━━━━━━━━━━━━━━━━━━[0m [1m23:24[0m 13s/step - accuracy: 0.9173 - dice_coeff: 0.9213 - iou_score: 0.9066 - loss: 0.2989 - precision: 0.9227 - recall: 0.9812
[1m 18/125[0m [32m━━[0m[37m━━━━━━━━━━━━━━━━━━[0m [1m23:11[0m 13s/step - accuracy: 0.9173 - dice_coeff: 0.9213 - iou_score: 0.9066 - loss: 0.2989 - precision: 0.9229 - recall: 0.9810
[1m 19/125[0m [32m━━━[0m[37m━━━━━━━━━━━━━━━━━[0m [1m22:57[0m 13s/step - accuracy: 0.9173 - dice_coeff: 0.9213 - iou_score: 0.9066 - loss: 0.2989 - precision: 0.9230 - recall: 0.9809
[1m 20/125[0m [32m━━━[0m[37m━━━━━━━━━━━━━━━━━[0m [1m22:44[0m 13s/step - accuracy: 0.9173 - dice_coeff: 0.9213 - iou_score: 0.9067 - loss: 0.2988 - precision: 0.9231 - recall: 0.9808
[1m 21/125[0m [32m━━━[0m[37m━━━━━━━━━━━━━━━━━[0m [1m22:30[0m 13s/step - accuracy: 0.9173 - dice_coeff: 0.9213 - iou_score: 0.9067 - loss: 0.2988 - precision: 0.9232 - recall: 0.9807
[1m 22/125[0m [32m━━━[0m[37m━━━━━━━━━━━━━━━━━[0m [1m22:17[0m 13s/step - accuracy: 0.9174 - dice_coeff: 0.9213 - iou_score: 0.9067 - loss: 0.2987 - precision: 0.9233 - recall: 0.9807
[1m 23/125[0m [32m━━━[0m[37m━━━━━━━━━━━━━━━━━[0m [1m22:04[0m 13s/step - accuracy: 0.9174 - dice_coeff: 0.9213 - iou_score: 0.9068 - loss: 0.2985 - precision: 0.9234 - recall: 0.9806
[1m 24/125[0m [32m━━━[0m[37m━━━━━━━━━━━━━━━━━[0m [1m21:52[0m 13s/step - accuracy: 0.9175 - dice_coeff: 0.9214 - iou_score: 0.9068 - loss: 0.2984 - precision: 0.9234 - recall: 0.9806
[1m 25/125[0m [32m━━━━[0m[37m━━━━━━━━━━━━━━━━[0m [1m21:39[0m 13s/step - accuracy: 0.9175 - dice_coeff: 0.9214 - iou_score: 0.9069 - loss: 0.2983 - precision: 0.9235 - recall: 0.9806
[1m 26/125[0m [32m━━━━[0m[37m━━━━━━━━━━━━━━━━[0m [1m21:25[0m 13s/step - accuracy: 0.9175 - dice_coeff: 0.9214 - iou_score: 0.9069 - loss: 0.2982 - precision: 0.9236 - recall: 0.9805
[1m 27/125[0m [32m━━━━[0m[37m━━━━━━━━━━━━━━━━[0m [1m21:11[0m 13s/step - accuracy: 0.9176 - dice_coeff: 0.9214 - iou_score: 0.9069 - loss: 0.2981 - precision: 0.9237 - recall: 0.9805
[1m 28/125[0m [32m━━━━[0m[37m━━━━━━━━━━━━━━━━[0m [1m20:57[0m 13s/step - accuracy: 0.9176 - dice_coeff: 0.9214 - iou_score: 0.9070 - loss: 0.2980 - precision: 0.9237 - recall: 0.9805
[1m 29/125[0m [32m━━━━[0m[37m━━━━━━━━━━━━━━━━[0m [1m20:44[0m 13s/step - accuracy: 0.9176 - dice_coeff: 0.9215 - iou_score: 0.9070 - loss: 0.2978 - precision: 0.9238 - recall: 0.9805
[1m 30/125[0m [32m━━━━[0m[37m━━━━━━━━━━━━━━━━[0m [1m20:33[0m 13s/step - accuracy: 0.9177 - dice_coeff: 0.9215 - iou_score: 0.9071 - loss: 0.2977 - precision: 0.9239 - recall: 0.9804
[1m 31/125[0m [32m━━━━[0m[37m━━━━━━━━━━━━━━━━[0m [1m20:20[0m 13s/step - accuracy: 0.9177 - dice_coeff: 0.9215 - iou_score: 0.9071 - loss: 0.2977 - precision: 0.9239 - recall: 0.9804
[1m 32/125[0m [32m━━━━━[0m[37m━━━━━━━━━━━━━━━[0m [1m20:06[0m 13s/step - accuracy: 0.9177 - dice_coeff: 0.9215 - iou_score: 0.9071 - loss: 0.2976 - precision: 0.9240 - recall: 0.9804
[1m 33/125[0m [32m━━━━━[0m[37m━━━━━━━━━━━━━━━[0m [1m19:53[0m 13s/step - accuracy: 0.9177 - dice_coeff: 0.9215 - iou_score: 0.9071 - loss: 0.2976 - precision: 0.9240 - recall: 0.9803
[1m 34/125[0m [32m━━━━━[0m[37m━━━━━━━━━━━━━━━[0m [1m19:40[0m 13s/step - accuracy: 0.9177 - dice_coeff: 0.9215 - iou_score: 0.9071 - loss: 0.2975 - precision: 0.9240 - recall: 0.9803
[1m 35/125[0m [32m━━━━━[0m[37m━━━━━━━━━━━━━━━[0m [1m19:26[0m 13s/step - accuracy: 0.9178 - dice_coeff: 0.9215 - iou_score: 0.9072 - loss: 0.2974 - precision: 0.9241 - recall: 0.9803
[1m 36/125[0m [32m━━━━━[0m[37m━━━━━━━━━━━━━━━[0m [1m19:13[0m 13s/step - accuracy: 0.9178 - dice_coeff: 0.9215 - iou_score: 0.9072 - loss: 0.2974 - precision: 0.9241 - recall: 0.9803
[1m 37/125[0m [32m━━━━━[0m[37m━━━━━━━━━━━━━━━[0m [1m18:59[0m 13s/step - accuracy: 0.9178 - dice_coeff: 0.9216 - iou_score: 0.9072 - loss: 0.2973 - precision: 0.9242 - recall: 0.9802
[1m 38/125[0m [32m━━━━━━[0m[37m━━━━━━━━━━━━━━[0m [1m18:46[0m 13s/step - accuracy: 0.9178 - dice_coeff: 0.9216 - iou_score: 0.9072 - loss: 0.2972 - precision: 0.9242 - recall: 0.9802
[1m 39/125[0m [32m━━━━━━[0m[37m━━━━━━━━━━━━━━[0m [1m18:33[0m 13s/step - accuracy: 0.9179 - dice_coeff: 0.9216 - iou_score: 0.9073 - loss: 0.2971 - precision: 0.9243 - recall: 0.9802
[1m 40/125[0m [32m━━━━━━[0m[37m━━━━━━━━━━━━━━[0m [1m18:20[0m 13s/step - accuracy: 0.9179 - dice_coeff: 0.9216 - iou_score: 0.9073 - loss: 0.2970 - precision: 0.9243 - recall: 0.9801
[1m 41/125[0m [32m━━━━━━[0m[37m━━━━━━━━━━━━━━[0m [1m18:06[0m 13s/step - accuracy: 0.9179 - dice_coeff: 0.9216 - iou_score: 0.9073 - loss: 0.2969 - precision: 0.9244 - recall: 0.9801
[1m 42/125[0m [32m━━━━━━[0m[37m━━━━━━━━━━━━━━[0m [1m17:53[0m 13s/step - accuracy: 0.9179 - dice_coeff: 0.9216 - iou_score: 0.9074 - loss: 0.2968 - precision: 0.9245 - recall: 0.9801
[1m 43/125[0m [32m━━━━━━[0m[37m━━━━━━━━━━━━━━[0m [1m17:40[0m 13s/step - accuracy: 0.9180 - dice_coeff: 0.9216 - iou_score: 0.9074 - loss: 0.2967 - precision: 0.9245 - recall: 0.9801
[1m 44/125[0m [32m━━━━━━━[0m[37m━━━━━━━━━━━━━[0m [1m17:27[0m 13s/step - accuracy: 0.9180 - dice_coeff: 0.9217 - iou_score: 0.9074 - loss: 0.2966 - precision: 0.9246 - recall: 0.9800
[1m 45/125[0m [32m━━━━━━━[0m[37m━━━━━━━━━━━━━[0m [1m17:14[0m 13s/step - accuracy: 0.9180 - dice_coeff: 0.9217 - iou_score: 0.9074 - loss: 0.2966 - precision: 0.9246 - recall: 0.9800
[1m 46/125[0m [32m━━━━━━━[0m[37m━━━━━━━━━━━━━[0m [1m17:01[0m 13s/step - accuracy: 0.9180 - dice_coeff: 0.9217 - iou_score: 0.9075 - loss: 0.2965 - precision: 0.9247 - recall: 0.9800
[1m 47/125[0m [32m━━━━━━━[0m[37m━━━━━━━━━━━━━[0m [1m16:49[0m 13s/step - accuracy: 0.9181 - dice_coeff: 0.9217 - iou_score: 0.9075 - loss: 0.2965 - precision: 0.9247 - recall: 0.9800
[1m 48/125[0m [32m━━━━━━━[0m[37m━━━━━━━━━━━━━[0m [1m16:36[0m 13s/step - accuracy: 0.9181 - dice_coeff: 0.9217 - iou_score: 0.9075 - loss: 0.2964 - precision: 0.9247 - recall: 0.9800
[1m 49/125[0m [32m━━━━━━━[0m[37m━━━━━━━━━━━━━[0m [1m16:23[0m 13s/step - accuracy: 0.9181 - dice_coeff: 0.9217 - iou_score: 0.9075 - loss: 0.2963 - precision: 0.9248 - recall: 0.9800
[1m 50/125[0m [32m━━━━━━━━[0m[37m━━━━━━━━━━━━[0m [1m16:10[0m 13s/step - accuracy: 0.9181 - dice_coeff: 0.9217 - iou_score: 0.9076 - loss: 0.2963 - precision: 0.9248 - recall: 0.9800
[1m 51/125[0m [32m━━━━━━━━[0m[37m━━━━━━━━━━━━[0m [1m15:57[0m 13s/step - accuracy: 0.9182 - dice_coeff: 0.9218 - iou_score: 0.9076 - loss: 0.2962 - precision: 0.9248 - recall: 0.9799
[1m 52/125[0m [32m━━━━━━━━[0m[37m━━━━━━━━━━━━[0m [1m15:44[0m 13s/step - accuracy: 0.9182 - dice_coeff: 0.9218 - iou_score: 0.9076 - loss: 0.2961 - precision: 0.9249 - recall: 0.9799
[1m 53/125[0m [32m━━━━━━━━[0m[37m━━━━━━━━━━━━[0m [1m15:31[0m 13s/step - accuracy: 0.9182 - dice_coeff: 0.9218 - iou_score: 0.9076 - loss: 0.2961 - precision: 0.9249 - recall: 0.9799
[1m 54/125[0m [32m━━━━━━━━[0m[37m━━━━━━━━━━━━[0m [1m15:18[0m 13s/step - accuracy: 0.9182 - dice_coeff: 0.9218 - iou_score: 0.9076 - loss: 0.2960 - precision: 0.9249 - recall: 0.9799
[1m 55/125[0m [32m━━━━━━━━[0m[37m━━━━━━━━━━━━[0m [1m15:04[0m 13s/step - accuracy: 0.9182 - dice_coeff: 0.9218 - iou_score: 0.9076 - loss: 0.2960 - precision: 0.9249 - recall: 0.9799
[1m 56/125[0m [32m━━━━━━━━[0m[37m━━━━━━━━━━━━[0m [1m14:51[0m 13s/step - accuracy: 0.9182 - dice_coeff: 0.9218 - iou_score: 0.9077 - loss: 0.2960 - precision: 0.9249 - recall: 0.9799
[1m 57/125[0m [32m━━━━━━━━━[0m[37m━━━━━━━━━━━[0m [1m14:38[0m 13s/step - accuracy: 0.9182 - dice_coeff: 0.9218 - iou_score: 0.9077 - loss: 0.2960 - precision: 0.9250 - recall: 0.9799
[1m 58/125[0m [32m━━━━━━━━━[0m[37m━━━━━━━━━━━[0m [1m14:25[0m 13s/step - accuracy: 0.9182 - dice_coeff: 0.9218 - iou_score: 0.9077 - loss: 0.2959 - precision: 0.9250 - recall: 0.9799
[1m 59/125[0m [32m━━━━━━━━━[0m[37m━━━━━━━━━━━[0m [1m14:12[0m 13s/step - accuracy: 0.9182 - dice_coeff: 0.9218 - iou_score: 0.9077 - loss: 0.2959 - precision: 0.9250 - recall: 0.9799
[1m 60/125[0m [32m━━━━━━━━━[0m[37m━━━━━━━━━━━[0m [1m14:00[0m 13s/step - accuracy: 0.9182 - dice_coeff: 0.9218 - iou_score: 0.9077 - loss: 0.2959 - precision: 0.9250 - recall: 0.9799
[1m 61/125[0m [32m━━━━━━━━━[0m[37m━━━━━━━━━━━[0m [1m13:47[0m 13s/step - accuracy: 0.9182 - dice_coeff: 0.9218 - iou_score: 0.9077 - loss: 0.2959 - precision: 0.9250 - recall: 0.9798
[1m 62/125[0m [32m━━━━━━━━━[0m[37m━━━━━━━━━━━[0m [1m13:34[0m 13s/step - accuracy: 0.9182 - dice_coeff: 0.9218 - iou_score: 0.9077 - loss: 0.2959 - precision: 0.9250 - recall: 0.9798
[1m 63/125[0m [32m━━━━━━━━━━[0m[37m━━━━━━━━━━[0m [1m13:21[0m 13s/step - accuracy: 0.9182 - dice_coeff: 0.9218 - iou_score: 0.9077 - loss: 0.2958 - precision: 0.9251 - recall: 0.9798
[1m 64/125[0m [32m━━━━━━━━━━[0m[37m━━━━━━━━━━[0m [1m13:09[0m 13s/step - accuracy: 0.9182 - dice_coeff: 0.9218 - iou_score: 0.9077 - loss: 0.2958 - precision: 0.9251 - recall: 0.9798
[1m 65/125[0m [32m━━━━━━━━━━[0m[37m━━━━━━━━━━[0m [1m12:56[0m 13s/step - accuracy: 0.9182 - dice_coeff: 0.9218 - iou_score: 0.9077 - loss: 0.2958 - precision: 0.9251 - recall: 0.9798
[1m 66/125[0m [32m━━━━━━━━━━[0m[37m━━━━━━━━━━[0m [1m12:43[0m 13s/step - accuracy: 0.9182 - dice_coeff: 0.9218 - iou_score: 0.9077 - loss: 0.2958 - precision: 0.9251 - recall: 0.9798
[1m 67/125[0m [32m━━━━━━━━━━[0m[37m━━━━━━━━━━[0m [1m12:31[0m 13s/step - accuracy: 0.9182 - dice_coeff: 0.9218 - iou_score: 0.9077 - loss: 0.2958 - precision: 0.9251 - recall: 0.9798
[1m 68/125[0m [32m━━━━━━━━━━[0m[37m━━━━━━━━━━[0m [1m12:18[0m 13s/step - accuracy: 0.9182 - dice_coeff: 0.9218 - iou_score: 0.9077 - loss: 0.2958 - precision: 0.9251 - recall: 0.9798
[1m 69/125[0m [32m━━━━━━━━━━━[0m[37m━━━━━━━━━[0m [1m12:06[0m 13s/step - accuracy: 0.9182 - dice_coeff: 0.9218 - iou_score: 0.9077 - loss: 0.2958 - precision: 0.9251 - recall: 0.9797
[1m 70/125[0m [32m━━━━━━━━━━━[0m[37m━━━━━━━━━[0m [1m11:53[0m 13s/step - accuracy: 0.9182 - dice_coeff: 0.9218 - iou_score: 0.9077 - loss: 0.2959 - precision: 0.9251 - recall: 0.9797
[1m 71/125[0m [32m━━━━━━━━━━━[0m[37m━━━━━━━━━[0m [1m11:41[0m 13s/step - accuracy: 0.9182 - dice_coeff: 0.9218 - iou_score: 0.9077 - loss: 0.2959 - precision: 0.9251 - recall: 0.9797
[1m 72/125[0m [32m━━━━━━━━━━━[0m[37m━━━━━━━━━[0m [1m11:28[0m 13s/step - accuracy: 0.9182 - dice_coeff: 0.9218 - iou_score: 0.9077 - loss: 0.2959 - precision: 0.9251 - recall: 0.9797
[1m 73/125[0m [32m━━━━━━━━━━━[0m[37m━━━━━━━━━[0m [1m11:15[0m 13s/step - accuracy: 0.9182 - dice_coeff: 0.9218 - iou_score: 0.9076 - loss: 0.2959 - precision: 0.9251 - recall: 0.9797
[1m 74/125[0m [32m━━━━━━━━━━━[0m[37m━━━━━━━━━[0m [1m11:02[0m 13s/step - accuracy: 0.9182 - dice_coeff: 0.9218 - iou_score: 0.9076 - loss: 0.2959 - precision: 0.9251 - recall: 0.9797
[1m 75/125[0m [32m━━━━━━━━━━━━[0m[37m━━━━━━━━[0m [1m10:46[0m 13s/step - accuracy: 0.9182 - dice_coeff: 0.9218 - iou_score: 0.9076 - loss: 0.2960 - precision: 0.9251 - recall: 0.9797
[1m 76/125[0m [32m━━━━━━━━━━━━[0m[37m━━━━━━━━[0m [1m10:30[0m 13s/step - accuracy: 0.9182 - dice_coeff: 0.9218 - iou_score: 0.9076 - loss: 0.2960 - precision: 0.9251 - recall: 0.9797
[1m 77/125[0m [32m━━━━━━━━━━━━[0m[37m━━━━━━━━[0m [1m10:16[0m 13s/step - accuracy: 0.9182 - dice_coeff: 0.9218 - iou_score: 0.9076 - loss: 0.2960 - precision: 0.9251 - recall: 0.9797
[1m 78/125[0m [32m━━━━━━━━━━━━[0m[37m━━━━━━━━[0m [1m10:03[0m 13s/step - accuracy: 0.9182 - dice_coeff: 0.9218 - iou_score: 0.9076 - loss: 0.2960 - precision: 0.9251 - recall: 0.9797
[1m 79/125[0m [32m━━━━━━━━━━━━[0m[37m━━━━━━━━[0m [1m9:51[0m 13s/step - accuracy: 0.9182 - dice_coeff: 0.9218 - iou_score: 0.9076 - loss: 0.2960 - precision: 0.9251 - recall: 0.9797 
[1m 80/125[0m [32m━━━━━━━━━━━━[0m[37m━━━━━━━━[0m [1m9:38[0m 13s/step - accuracy: 0.9181 - dice_coeff: 0.9218 - iou_score: 0.9076 - loss: 0.2960 - precision: 0.9251 - recall: 0.9796
[1m 81/125[0m [32m━━━━━━━━━━━━[0m[37m━━━━━━━━[0m [1m9:25[0m 13s/step - accuracy: 0.9181 - dice_coeff: 0.9218 - iou_score: 0.9076 - loss: 0.2961 - precision: 0.9251 - recall: 0.9796
[1m 82/125[0m [32m━━━━━━━━━━━━━[0m[37m━━━━━━━[0m [1m9:13[0m 13s/step - accuracy: 0.9181 - dice_coeff: 0.9218 - iou_score: 0.9076 - loss: 0.2961 - precision: 0.9251 - recall: 0.9796
[1m 83/125[0m [32m━━━━━━━━━━━━━[0m[37m━━━━━━━[0m [1m9:00[0m 13s/step - accuracy: 0.9181 - dice_coeff: 0.9218 - iou_score: 0.9075 - loss: 0.2961 - precision: 0.9251 - recall: 0.9796
[1m 84/125[0m [32m━━━━━━━━━━━━━[0m[37m━━━━━━━[0m [1m8:47[0m 13s/step - accuracy: 0.9181 - dice_coeff: 0.9217 - iou_score: 0.9075 - loss: 0.2962 - precision: 0.9251 - recall: 0.9796
[1m 85/125[0m [32m━━━━━━━━━━━━━[0m[37m━━━━━━━[0m [1m8:35[0m 13s/step - accuracy: 0.9181 - dice_coeff: 0.9217 - iou_score: 0.9075 - loss: 0.2962 - precision: 0.9251 - recall: 0.9796
[1m 86/125[0m [32m━━━━━━━━━━━━━[0m[37m━━━━━━━[0m [1m8:22[0m 13s/step - accuracy: 0.9181 - dice_coeff: 0.9217 - iou_score: 0.9075 - loss: 0.2962 - precision: 0.9251 - recall: 0.9796
[1m 87/125[0m [32m━━━━━━━━━━━━━[0m[37m━━━━━━━[0m [1m8:09[0m 13s/step - accuracy: 0.9181 - dice_coeff: 0.9217 - iou_score: 0.9075 - loss: 0.2963 - precision: 0.9251 - recall: 0.9796
[1m 88/125[0m [32m━━━━━━━━━━━━━━[0m[37m━━━━━━[0m [1m7:56[0m 13s/step - accuracy: 0.9181 - dice_coeff: 0.9217 - iou_score: 0.9075 - loss: 0.2963 - precision: 0.9250 - recall: 0.9796
[1m 89/125[0m [32m━━━━━━━━━━━━━━[0m[37m━━━━━━[0m [1m7:43[0m 13s/step - accuracy: 0.9180 - dice_coeff: 0.9217 - iou_score: 0.9075 - loss: 0.2963 - precision: 0.9250 - recall: 0.9795
[1m 90/125[0m [32m━━━━━━━━━━━━━━[0m[37m━━━━━━[0m [1m7:30[0m 13s/step - accuracy: 0.9180 - dice_coeff: 0.9217 - iou_score: 0.9074 - loss: 0.2964 - precision: 0.9250 - recall: 0.9795
[1m 91/125[0m [32m━━━━━━━━━━━━━━[0m[37m━━━━━━[0m [1m7:18[0m 13s/step - accuracy: 0.9180 - dice_coeff: 0.9217 - iou_score: 0.9074 - loss: 0.2964 - precision: 0.9250 - recall: 0.9795
[1m 92/125[0m [32m━━━━━━━━━━━━━━[0m[37m━━━━━━[0m [1m7:05[0m 13s/step - accuracy: 0.9180 - dice_coeff: 0.9217 - iou_score: 0.9074 - loss: 0.2964 - precision: 0.9250 - recall: 0.9795
[1m 93/125[0m [32m━━━━━━━━━━━━━━[0m[37m━━━━━━[0m [1m6:52[0m 13s/step - accuracy: 0.9180 - dice_coeff: 0.9217 - iou_score: 0.9074 - loss: 0.2964 - precision: 0.9250 - recall: 0.9795
[1m 94/125[0m [32m━━━━━━━━━━━━━━━[0m[37m━━━━━[0m [1m6:39[0m 13s/step - accuracy: 0.9180 - dice_coeff: 0.9217 - iou_score: 0.9074 - loss: 0.2965 - precision: 0.9250 - recall: 0.9795
[1m 95/125[0m [32m━━━━━━━━━━━━━━━[0m[37m━━━━━[0m [1m6:27[0m 13s/step - accuracy: 0.9180 - dice_coeff: 0.9216 - iou_score: 0.9074 - loss: 0.2965 - precision: 0.9250 - recall: 0.9795
[1m 96/125[0m [32m━━━━━━━━━━━━━━━[0m[37m━━━━━[0m [1m6:14[0m 13s/step - accuracy: 0.9180 - dice_coeff: 0.9216 - iou_score: 0.9074 - loss: 0.2965 - precision: 0.9250 - recall: 0.9795
[1m 97/125[0m [32m━━━━━━━━━━━━━━━[0m[37m━━━━━[0m [1m6:01[0m 13s/step - accuracy: 0.9180 - dice_coeff: 0.9216 - iou_score: 0.9074 - loss: 0.2965 - precision: 0.9250 - recall: 0.9795
[1m 98/125[0m [32m━━━━━━━━━━━━━━━[0m[37m━━━━━[0m [1m5:48[0m 13s/step - accuracy: 0.9180 - dice_coeff: 0.9216 - iou_score: 0.9074 - loss: 0.2965 - precision: 0.9250 - recall: 0.9795
[1m 99/125[0m [32m━━━━━━━━━━━━━━━[0m[37m━━━━━[0m [1m5:35[0m 13s/step - accuracy: 0.9180 - dice_coeff: 0.9216 - iou_score: 0.9074 - loss: 0.2965 - precision: 0.9250 - recall: 0.9795
[1m100/125[0m [32m━━━━━━━━━━━━━━━━[0m[37m━━━━[0m [1m5:22[0m 13s/step - accuracy: 0.9179 - dice_coeff: 0.9216 - iou_score: 0.9074 - loss: 0.2966 - precision: 0.9250 - recall: 0.9795
[1m101/125[0m [32m━━━━━━━━━━━━━━━━[0m[37m━━━━[0m [1m5:09[0m 13s/step - accuracy: 0.9179 - dice_coeff: 0.9216 - iou_score: 0.9073 - loss: 0.2966 - precision: 0.9250 - recall: 0.9794
[1m102/125[0m [32m━━━━━━━━━━━━━━━━[0m[37m━━━━[0m [1m4:56[0m 13s/step - accuracy: 0.9179 - dice_coeff: 0.9216 - iou_score: 0.9073 - loss: 0.2966 - precision: 0.9250 - recall: 0.9794
[1m103/125[0m [32m━━━━━━━━━━━━━━━━[0m[37m━━━━[0m [1m4:43[0m 13s/step - accuracy: 0.9179 - dice_coeff: 0.9216 - iou_score: 0.9073 - loss: 0.2966 - precision: 0.9250 - recall: 0.9794
[1m104/125[0m [32m━━━━━━━━━━━━━━━━[0m[37m━━━━[0m [1m4:31[0m 13s/step - accuracy: 0.9179 - dice_coeff: 0.9216 - iou_score: 0.9073 - loss: 0.2966 - precision: 0.9250 - recall: 0.9794
[1m105/125[0m [32m━━━━━━━━━━━━━━━━[0m[37m━━━━[0m [1m4:18[0m 13s/step - accuracy: 0.9179 - dice_coeff: 0.9216 - iou_score: 0.9073 - loss: 0.2966 - precision: 0.9250 - recall: 0.9794
[1m106/125[0m [32m━━━━━━━━━━━━━━━━[0m[37m━━━━[0m [1m4:05[0m 13s/step - accuracy: 0.9179 - dice_coeff: 0.9216 - iou_score: 0.9073 - loss: 0.2967 - precision: 0.9250 - recall: 0.9794
[1m107/125[0m [32m━━━━━━━━━━━━━━━━━[0m[37m━━━[0m [1m3:52[0m 13s/step - accuracy: 0.9179 - dice_coeff: 0.9216 - iou_score: 0.9073 - loss: 0.2967 - precision: 0.9250 - recall: 0.9794
[1m108/125[0m [32m━━━━━━━━━━━━━━━━━[0m[37m━━━[0m [1m3:39[0m 13s/step - accuracy: 0.9179 - dice_coeff: 0.9216 - iou_score: 0.9073 - loss: 0.2967 - precision: 0.9250 - recall: 0.9794
[1m109/125[0m [32m━━━━━━━━━━━━━━━━━[0m[37m━━━[0m [1m3:26[0m 13s/step - accuracy: 0.9179 - dice_coeff: 0.9216 - iou_score: 0.9073 - loss: 0.2967 - precision: 0.9250 - recall: 0.9794
[1m110/125[0m [32m━━━━━━━━━━━━━━━━━[0m[37m━━━[0m [1m3:13[0m 13s/step - accuracy: 0.9179 - dice_coeff: 0.9216 - iou_score: 0.9073 - loss: 0.2968 - precision: 0.9250 - recall: 0.9794
[1m111/125[0m [32m━━━━━━━━━━━━━━━━━[0m[37m━━━[0m [1m3:00[0m 13s/step - accuracy: 0.9179 - dice_coeff: 0.9216 - iou_score: 0.9073 - loss: 0.2968 - precision: 0.9250 - recall: 0.9794
[1m112/125[0m [32m━━━━━━━━━━━━━━━━━[0m[37m━━━[0m [1m2:47[0m 13s/step - accuracy: 0.9179 - dice_coeff: 0.9216 - iou_score: 0.9072 - loss: 0.2968 - precision: 0.9250 - recall: 0.9794
[1m113/125[0m [32m━━━━━━━━━━━━━━━━━━[0m[37m━━[0m [1m2:35[0m 13s/step - accuracy: 0.9178 - dice_coeff: 0.9215 - iou_score: 0.9072 - loss: 0.2968 - precision: 0.9250 - recall: 0.9794
[1m114/125[0m [32m━━━━━━━━━━━━━━━━━━[0m[37m━━[0m [1m2:22[0m 13s/step - accuracy: 0.9178 - dice_coeff: 0.9215 - iou_score: 0.9072 - loss: 0.2968 - precision: 0.9250 - recall: 0.9794
[1m115/125[0m [32m━━━━━━━━━━━━━━━━━━[0m[37m━━[0m [1m2:09[0m 13s/step - accuracy: 0.9178 - dice_coeff: 0.9215 - iou_score: 0.9072 - loss: 0.2969 - precision: 0.9250 - recall: 0.9793
[1m116/125[0m [32m━━━━━━━━━━━━━━━━━━[0m[37m━━[0m [1m1:56[0m 13s/step - accuracy: 0.9178 - dice_coeff: 0.9215 - iou_score: 0.9072 - loss: 0.2969 - precision: 0.9250 - recall: 0.9793
[1m117/125[0m [32m━━━━━━━━━━━━━━━━━━[0m[37m━━[0m [1m1:43[0m 13s/step - accuracy: 0.9178 - dice_coeff: 0.9215 - iou_score: 0.9072 - loss: 0.2969 - precision: 0.9250 - recall: 0.9793
[1m118/125[0m [32m━━━━━━━━━━━━━━━━━━[0m[37m━━[0m [1m1:30[0m 13s/step - accuracy: 0.9178 - dice_coeff: 0.9215 - iou_score: 0.9072 - loss: 0.2969 - precision: 0.9250 - recall: 0.9793
[1m119/125[0m [32m━━━━━━━━━━━━━━━━━━━[0m[37m━[0m [1m1:17[0m 13s/step - accuracy: 0.9178 - dice_coeff: 0.9215 - iou_score: 0.9072 - loss: 0.2969 - precision: 0.9250 - recall: 0.9793
[1m120/125[0m [32m━━━━━━━━━━━━━━━━━━━[0m[37m━[0m [1m1:04[0m 13s/step - accuracy: 0.9178 - dice_coeff: 0.9215 - iou_score: 0.9072 - loss: 0.2970 - precision: 0.9250 - recall: 0.9793
[1m121/125[0m [32m━━━━━━━━━━━━━━━━━━━[0m[37m━[0m [1m51s[0m 13s/step - accuracy: 0.9178 - dice_coeff: 0.9215 - iou_score: 0.9072 - loss: 0.2970 - precision: 0.9250 - recall: 0.9793 
[1m122/125[0m [32m━━━━━━━━━━━━━━━━━━━[0m[37m━[0m [1m38s[0m 13s/step - accuracy: 0.9178 - dice_coeff: 0.9215 - iou_score: 0.9072 - loss: 0.2970 - precision: 0.9249 - recall: 0.9793
[1m123/125[0m [32m━━━━━━━━━━━━━━━━━━━[0m[37m━[0m [1m25s[0m 13s/step - accuracy: 0.9178 - dice_coeff: 0.9215 - iou_score: 0.9072 - loss: 0.2970 - precision: 0.9249 - recall: 0.9793
[1m124/125[0m [32m━━━━━━━━━━━━━━━━━━━[0m[37m━[0m [1m12s[0m 13s/step - accuracy: 0.9178 - dice_coeff: 0.9215 - iou_score: 0.9071 - loss: 0.2970 - precision: 0.9249 - recall: 0.9793
[1m125/125[0m [32m━━━━━━━━━━━━━━━━━━━━[0m[37m[0m [1m0s[0m 13s/step - accuracy: 0.9178 - dice_coeff: 0.9215 - iou_score: 0.9071 - loss: 0.2970 - precision: 0.9249 - recall: 0.9793 
Epoch 7: val_dice_coeff improved from 0.88427 to 0.89520, saving model to D:\labdatanew@aniket\unet++\models\best_model.keras

Epoch 7: finished saving model to D:\labdatanew@aniket\unet++\models\best_model.keras

[1m125/125[0m [32m━━━━━━━━━━━━━━━━━━━━[0m[37m[0m [1m1744s[0m 14s/step - accuracy: 0.9170 - dice_coeff: 0.9210 - iou_score: 0.9063 - loss: 0.2989 - precision: 0.9247 - recall: 0.9785 - val_accuracy: 0.8208 - val_dice_coeff: 0.8952 - val_iou_score: 0.8156 - val_loss: 0.6871 - val_precision: 0.8156 - val_recall: 1.0000 - learning_rate: 5.0000e-05
Epoch 8/100

[1m  1/125[0m [37m━━━━━━━━━━━━━━━━━━━━[0m [1m28:00[0m 14s/step - accuracy: 0.9196 - dice_coeff: 0.9240 - iou_score: 0.9098 - loss: 0.2913 - precision: 0.9278 - recall: 0.9791
[1m  2/125[0m [37m━━━━━━━━━━━━━━━━━━━━[0m [1m26:45[0m 13s/step - accuracy: 0.9230 - dice_coeff: 0.9260 - iou_score: 0.9136 - loss: 0.2810 - precision: 0.9304 - recall: 0.9806
[1m  3/125[0m [37m━━━━━━━━━━━━━━━━━━━━[0m [1m26:59[0m 13s/step - accuracy: 0.9202 - dice_coeff: 0.9244 - iou_score: 0.9105 - loss: 0.2887 - precision: 0.9267 - recall: 0.9812
[1m  4/125[0m [37m━━━━━━━━━━━━━━━━━━━━[0m [1m26:39[0m 13s/step - accuracy: 0.9191 - dice_coeff: 0.9237 - iou_score: 0.9092 - loss: 0.2918 - precision: 0.9251 - recall: 0.9815
[1m  5/125[0m [37m━━━━━━━━━━━━━━━━━━━━[0m [1m26:19[0m 13s/step - accuracy: 0.9182 - dice_coeff: 0.9232 - iou_score: 0.9082 - loss: 0.2938 - precision: 0.9237 - recall: 0.9819
[1m  6/125[0m [37m━━━━━━━━━━━━━━━━━━━━[0m [1m26:10[0m 13s/step - accuracy: 0.9180 - dice_coeff: 0.9231 - iou_score: 0.9079 - loss: 0.2942 - precision: 0.9232 - recall: 0.9821
[1m  7/125[0m [32m━[0m[37m━━━━━━━━━━━━━━━━━━━[0m [1m25:53[0m 13s/step - accuracy: 0.9180 - dice_coeff: 0.9231 - iou_score: 0.9078 - loss: 0.2943 - precision: 0.9231 - recall: 0.9821
[1m  8/125[0m [32m━[0m[37m━━━━━━━━━━━━━━━━━━━[0m [1m25:36[0m 13s/step - accuracy: 0.9178 - dice_coeff: 0.9229 - iou_score: 0.9077 - loss: 0.2946 - precision: 0.9230 - recall: 0.9820
[1m  9/125[0m [32m━[0m[37m━━━━━━━━━━━━━━━━━━━[0m [1m25:21[0m 13s/step - accuracy: 0.9178 - dice_coeff: 0.9229 - iou_score: 0.9076 - loss: 0.2947 - precision: 0.9230 - recall: 0.9819
[1m 10/125[0m [32m━[0m[37m━━━━━━━━━━━━━━━━━━━[0m [1m25:12[0m 13s/step - accuracy: 0.9177 - dice_coeff: 0.9228 - iou_score: 0.9074 - loss: 0.2950 - precision: 0.9230 - recall: 0.9818
[1m 11/125[0m [32m━[0m[37m━━━━━━━━━━━━━━━━━━━[0m [1m24:56[0m 13s/step - accuracy: 0.9176 - dice_coeff: 0.9227 - iou_score: 0.9072 - loss: 0.2952 - precision: 0.9229 - recall: 0.9816
[1m 12/125[0m [32m━[0m[37m━━━━━━━━━━━━━━━━━━━[0m [1m24:46[0m 13s/step - accuracy: 0.9174 - dice_coeff: 0.9225 - iou_score: 0.9070 - loss: 0.2956 - precision: 0.9229 - recall: 0.9814
[1m 13/125[0m [32m━━[0m[37m━━━━━━━━━━━━━━━━━━[0m [1m24:36[0m 13s/step - accuracy: 0.9174 - dice_coeff: 0.9225 - iou_score: 0.9070 - loss: 0.2956 - precision: 0.9231 - recall: 0.9812
[1m 14/125[0m [32m━━[0m[37m━━━━━━━━━━━━━━━━━━[0m [1m24:23[0m 13s/step - accuracy: 0.9175 - dice_coeff: 0.9225 - iou_score: 0.9070 - loss: 0.2954 - precision: 0.9233 - recall: 0.9810
[1m 15/125[0m [32m━━[0m[37m━━━━━━━━━━━━━━━━━━[0m [1m24:10[0m 13s/step - accuracy: 0.9175 - dice_coeff: 0.9225 - iou_score: 0.9071 - loss: 0.2952 - precision: 0.9235 - recall: 0.9809
[1m 16/125[0m [32m━━[0m[37m━━━━━━━━━━━━━━━━━━[0m [1m23:56[0m 13s/step - accuracy: 0.9175 - dice_coeff: 0.9224 - iou_score: 0.9071 - loss: 0.2952 - precision: 0.9236 - recall: 0.9807
[1m 17/125[0m [32m━━[0m[37m━━━━━━━━━━━━━━━━━━[0m [1m23:43[0m 13s/step - accuracy: 0.9176 - dice_coeff: 0.9224 - iou_score: 0.9071 - loss: 0.2951 - precision: 0.9237 - recall: 0.9806
[1m 18/125[0m [32m━━[0m[37m━━━━━━━━━━━━━━━━━━[0m [1m23:31[0m 13s/step - accuracy: 0.9176 - dice_coeff: 0.9224 - iou_score: 0.9071 - loss: 0.2950 - precision: 0.9238 - recall: 0.9804
[1m 19/125[0m [32m━━━[0m[37m━━━━━━━━━━━━━━━━━[0m [1m23:19[0m 13s/step - accuracy: 0.9176 - dice_coeff: 0.9224 - iou_score: 0.9071 - loss: 0.2949 - precision: 0.9240 - recall: 0.9803
[1m 20/125[0m [32m━━━[0m[37m━━━━━━━━━━━━━━━━━[0m [1m23:06[0m 13s/step - accuracy: 0.9177 - dice_coeff: 0.9224 - iou_score: 0.9071 - loss: 0.2948 - precision: 0.9241 - recall: 0.9802
[1m 21/125[0m [32m━━━[0m[37m━━━━━━━━━━━━━━━━━[0m [1m22:53[0m 13s/step - accuracy: 0.9177 - dice_coeff: 0.9224 - iou_score: 0.9071 - loss: 0.2947 - precision: 0.9241 - recall: 0.9801
[1m 22/125[0m [32m━━━[0m[37m━━━━━━━━━━━━━━━━━[0m [1m22:38[0m 13s/step - accuracy: 0.9177 - dice_coeff: 0.9224 - iou_score: 0.9072 - loss: 0.2946 - precision: 0.9242 - recall: 0.9801
[1m 23/125[0m [32m━━━[0m[37m━━━━━━━━━━━━━━━━━[0m [1m22:24[0m 13s/step - accuracy: 0.9178 - dice_coeff: 0.9224 - iou_score: 0.9072 - loss: 0.2945 - precision: 0.9243 - recall: 0.9800
[1m 24/125[0m [32m━━━[0m[37m━━━━━━━━━━━━━━━━━[0m [1m22:10[0m 13s/step - accuracy: 0.9178 - dice_coeff: 0.9224 - iou_score: 0.9072 - loss: 0.2943 - precision: 0.9244 - recall: 0.9800
[1m 25/125[0m [32m━━━━[0m[37m━━━━━━━━━━━━━━━━[0m [1m21:56[0m 13s/step - accuracy: 0.9179 - dice_coeff: 0.9225 - iou_score: 0.9073 - loss: 0.2942 - precision: 0.9245 - recall: 0.9799
[1m 26/125[0m [32m━━━━[0m[37m━━━━━━━━━━━━━━━━[0m [1m21:43[0m 13s/step - accuracy: 0.9179 - dice_coeff: 0.9225 - iou_score: 0.9073 - loss: 0.2941 - precision: 0.9246 - recall: 0.9799
[1m 27/125[0m [32m━━━━[0m[37m━━━━━━━━━━━━━━━━[0m [1m21:29[0m 13s/step - accuracy: 0.9180 - dice_coeff: 0.9225 - iou_score: 0.9073 - loss: 0.2940 - precision: 0.9246 - recall: 0.9798
[1m 28/125[0m [32m━━━━[0m[37m━━━━━━━━━━━━━━━━[0m [1m21:15[0m 13s/step - accuracy: 0.9180 - dice_coeff: 0.9225 - iou_score: 0.9074 - loss: 0.2939 - precision: 0.9247 - recall: 0.9798
[1m 29/125[0m [32m━━━━[0m[37m━━━━━━━━━━━━━━━━[0m [1m21:01[0m 13s/step - accuracy: 0.9180 - dice_coeff: 0.9225 - iou_score: 0.9074 - loss: 0.2938 - precision: 0.9248 - recall: 0.9798
[1m 30/125[0m [32m━━━━[0m[37m━━━━━━━━━━━━━━━━[0m [1m20:48[0m 13s/step - accuracy: 0.9181 - dice_coeff: 0.9225 - iou_score: 0.9074 - loss: 0.2937 - precision: 0.9248 - recall: 0.9798
[1m 31/125[0m [32m━━━━[0m[37m━━━━━━━━━━━━━━━━[0m [1m20:34[0m 13s/step - accuracy: 0.9181 - dice_coeff: 0.9226 - iou_score: 0.9075 - loss: 0.2936 - precision: 0.9249 - recall: 0.9797
[1m 32/125[0m [32m━━━━━[0m[37m━━━━━━━━━━━━━━━[0m [1m20:21[0m 13s/step - accuracy: 0.9181 - dice_coeff: 0.9226 - iou_score: 0.9075 - loss: 0.2935 - precision: 0.9249 - recall: 0.9797
[1m 33/125[0m [32m━━━━━[0m[37m━━━━━━━━━━━━━━━[0m [1m20:08[0m 13s/step - accuracy: 0.9181 - dice_coeff: 0.9226 - iou_score: 0.9075 - loss: 0.2935 - precision: 0.9249 - recall: 0.9797
[1m 34/125[0m [32m━━━━━[0m[37m━━━━━━━━━━━━━━━[0m [1m19:54[0m 13s/step - accuracy: 0.9182 - dice_coeff: 0.9226 - iou_score: 0.9075 - loss: 0.2934 - precision: 0.9250 - recall: 0.9797
[1m 35/125[0m [32m━━━━━[0m[37m━━━━━━━━━━━━━━━[0m [1m19:41[0m 13s/step - accuracy: 0.9182 - dice_coeff: 0.9226 - iou_score: 0.9076 - loss: 0.2933 - precision: 0.9250 - recall: 0.9797
[1m 36/125[0m [32m━━━━━[0m[37m━━━━━━━━━━━━━━━[0m [1m19:28[0m 13s/step - accuracy: 0.9182 - dice_coeff: 0.9226 - iou_score: 0.9076 - loss: 0.2932 - precision: 0.9250 - recall: 0.9797
[1m 37/125[0m [32m━━━━━[0m[37m━━━━━━━━━━━━━━━[0m [1m19:15[0m 13s/step - accuracy: 0.9182 - dice_coeff: 0.9226 - iou_score: 0.9076 - loss: 0.2932 - precision: 0.9251 - recall: 0.9797
[1m 38/125[0m [32m━━━━━━[0m[37m━━━━━━━━━━━━━━[0m [1m19:03[0m 13s/step - accuracy: 0.9182 - dice_coeff: 0.9226 - iou_score: 0.9076 - loss: 0.2932 - precision: 0.9251 - recall: 0.9796
[1m 39/125[0m [32m━━━━━━[0m[37m━━━━━━━━━━━━━━[0m [1m18:50[0m 13s/step - accuracy: 0.9182 - dice_coeff: 0.9226 - iou_score: 0.9076 - loss: 0.2932 - precision: 0.9251 - recall: 0.9796
[1m 40/125[0m [32m━━━━━━[0m[37m━━━━━━━━━━━━━━[0m [1m18:38[0m 13s/step - accuracy: 0.9182 - dice_coeff: 0.9226 - iou_score: 0.9076 - loss: 0.2932 - precision: 0.9251 - recall: 0.9796
[1m 41/125[0m [32m━━━━━━[0m[37m━━━━━━━━━━━━━━[0m [1m18:25[0m 13s/step - accuracy: 0.9182 - dice_coeff: 0.9226 - iou_score: 0.9076 - loss: 0.2932 - precision: 0.9251 - recall: 0.9796
[1m 42/125[0m [32m━━━━━━[0m[37m━━━━━━━━━━━━━━[0m [1m18:12[0m 13s/step - accuracy: 0.9182 - dice_coeff: 0.9226 - iou_score: 0.9076 - loss: 0.2932 - precision: 0.9251 - recall: 0.9795
[1m 43/125[0m [32m━━━━━━[0m[37m━━━━━━━━━━━━━━[0m [1m17:59[0m 13s/step - accuracy: 0.9182 - dice_coeff: 0.9226 - iou_score: 0.9076 - loss: 0.2932 - precision: 0.9252 - recall: 0.9795
[1m 44/125[0m [32m━━━━━━━[0m[37m━━━━━━━━━━━━━[0m [1m17:46[0m 13s/step - accuracy: 0.9182 - dice_coeff: 0.9226 - iou_score: 0.9076 - loss: 0.2933 - precision: 0.9252 - recall: 0.9795
[1m 45/125[0m [32m━━━━━━━[0m[37m━━━━━━━━━━━━━[0m [1m17:33[0m 13s/step - accuracy: 0.9182 - dice_coeff: 0.9226 - iou_score: 0.9076 - loss: 0.2933 - precision: 0.9252 - recall: 0.9795
[1m 46/125[0m [32m━━━━━━━[0m[37m━━━━━━━━━━━━━[0m [1m17:20[0m 13s/step - accuracy: 0.9182 - dice_coeff: 0.9226 - iou_score: 0.9075 - loss: 0.2933 - precision: 0.9252 - recall: 0.9795
[1m 47/125[0m [32m━━━━━━━[0m[37m━━━━━━━━━━━━━[0m [1m17:07[0m 13s/step - accuracy: 0.9182 - dice_coeff: 0.9226 - iou_score: 0.9075 - loss: 0.2934 - precision: 0.9251 - recall: 0.9795
[1m 48/125[0m [32m━━━━━━━[0m[37m━━━━━━━━━━━━━[0m [1m16:53[0m 13s/step - accuracy: 0.9182 - dice_coeff: 0.9226 - iou_score: 0.9075 - loss: 0.2935 - precision: 0.9251 - recall: 0.9795
[1m 49/125[0m [32m━━━━━━━[0m[37m━━━━━━━━━━━━━[0m [1m16:40[0m 13s/step - accuracy: 0.9181 - dice_coeff: 0.9225 - iou_score: 0.9075 - loss: 0.2935 - precision: 0.9251 - recall: 0.9794
[1m 50/125[0m [32m━━━━━━━━[0m[37m━━━━━━━━━━━━[0m [1m16:27[0m 13s/step - accuracy: 0.9181 - dice_coeff: 0.9225 - iou_score: 0.9075 - loss: 0.2935 - precision: 0.9251 - recall: 0.9794
[1m 51/125[0m [32m━━━━━━━━[0m[37m━━━━━━━━━━━━[0m [1m16:14[0m 13s/step - accuracy: 0.9181 - dice_coeff: 0.9225 - iou_score: 0.9075 - loss: 0.2936 - precision: 0.9251 - recall: 0.9794
[1m 52/125[0m [32m━━━━━━━━[0m[37m━━━━━━━━━━━━[0m [1m16:01[0m 13s/step - accuracy: 0.9181 - dice_coeff: 0.9225 - iou_score: 0.9075 - loss: 0.2936 - precision: 0.9251 - recall: 0.9794
[1m 53/125[0m [32m━━━━━━━━[0m[37m━━━━━━━━━━━━[0m [1m15:48[0m 13s/step - accuracy: 0.9181 - dice_coeff: 0.9225 - iou_score: 0.9075 - loss: 0.2936 - precision: 0.9251 - recall: 0.9794
[1m 54/125[0m [32m━━━━━━━━[0m[37m━━━━━━━━━━━━[0m [1m15:34[0m 13s/step - accuracy: 0.9181 - dice_coeff: 0.9225 - iou_score: 0.9074 - loss: 0.2936 - precision: 0.9251 - recall: 0.9794
[1m 55/125[0m [32m━━━━━━━━[0m[37m━━━━━━━━━━━━[0m [1m15:21[0m 13s/step - accuracy: 0.9181 - dice_coeff: 0.9225 - iou_score: 0.9074 - loss: 0.2936 - precision: 0.9251 - recall: 0.9794
[1m 56/125[0m [32m━━━━━━━━[0m[37m━━━━━━━━━━━━[0m [1m15:08[0m 13s/step - accuracy: 0.9181 - dice_coeff: 0.9225 - iou_score: 0.9074 - loss: 0.2937 - precision: 0.9251 - recall: 0.9794
[1m 57/125[0m [32m━━━━━━━━━[0m[37m━━━━━━━━━━━[0m [1m14:54[0m 13s/step - accuracy: 0.9181 - dice_coeff: 0.9225 - iou_score: 0.9074 - loss: 0.2937 - precision: 0.9251 - recall: 0.9794
[1m 58/125[0m [32m━━━━━━━━━[0m[37m━━━━━━━━━━━[0m [1m14:41[0m 13s/step - accuracy: 0.9181 - dice_coeff: 0.9225 - iou_score: 0.9074 - loss: 0.2937 - precision: 0.9251 - recall: 0.9793
[1m 59/125[0m [32m━━━━━━━━━[0m[37m━━━━━━━━━━━[0m [1m14:28[0m 13s/step - accuracy: 0.9181 - dice_coeff: 0.9225 - iou_score: 0.9074 - loss: 0.2937 - precision: 0.9252 - recall: 0.9793
[1m 60/125[0m [32m━━━━━━━━━[0m[37m━━━━━━━━━━━[0m [1m14:14[0m 13s/step - accuracy: 0.9181 - dice_coeff: 0.9225 - iou_score: 0.9074 - loss: 0.2938 - precision: 0.9252 - recall: 0.9793
[1m 61/125[0m [32m━━━━━━━━━[0m[37m━━━━━━━━━━━[0m [1m14:01[0m 13s/step - accuracy: 0.9181 - dice_coeff: 0.9225 - iou_score: 0.9074 - loss: 0.2938 - precision: 0.9252 - recall: 0.9793
[1m 62/125[0m [32m━━━━━━━━━[0m[37m━━━━━━━━━━━[0m [1m13:49[0m 13s/step - accuracy: 0.9181 - dice_coeff: 0.9225 - iou_score: 0.9074 - loss: 0.2938 - precision: 0.9252 - recall: 0.9793
[1m 63/125[0m [32m━━━━━━━━━━[0m[37m━━━━━━━━━━[0m [1m13:35[0m 13s/step - accuracy: 0.9181 - dice_coeff: 0.9225 - iou_score: 0.9074 - loss: 0.2938 - precision: 0.9252 - recall: 0.9793
[1m 64/125[0m [32m━━━━━━━━━━[0m[37m━━━━━━━━━━[0m [1m13:22[0m 13s/step - accuracy: 0.9181 - dice_coeff: 0.9224 - iou_score: 0.9074 - loss: 0.2938 - precision: 0.9252 - recall: 0.9793
[1m 65/125[0m [32m━━━━━━━━━━[0m[37m━━━━━━━━━━[0m [1m13:09[0m 13s/step - accuracy: 0.9181 - dice_coeff: 0.9224 - iou_score: 0.9074 - loss: 0.2938 - precision: 0.9252 - recall: 0.9793
[1m 66/125[0m [32m━━━━━━━━━━[0m[37m━━━━━━━━━━[0m [1m12:56[0m 13s/step - accuracy: 0.9181 - dice_coeff: 0.9224 - iou_score: 0.9074 - loss: 0.2938 - precision: 0.9252 - recall: 0.9793
[1m 67/125[0m [32m━━━━━━━━━━[0m[37m━━━━━━━━━━[0m [1m12:43[0m 13s/step - accuracy: 0.9181 - dice_coeff: 0.9224 - iou_score: 0.9074 - loss: 0.2938 - precision: 0.9252 - recall: 0.9793
[1m 68/125[0m [32m━━━━━━━━━━[0m[37m━━━━━━━━━━[0m [1m12:30[0m 13s/step - accuracy: 0.9181 - dice_coeff: 0.9224 - iou_score: 0.9074 - loss: 0.2939 - precision: 0.9252 - recall: 0.9793
[1m 69/125[0m [32m━━━━━━━━━━━[0m[37m━━━━━━━━━[0m [1m12:17[0m 13s/step - accuracy: 0.9181 - dice_coeff: 0.9224 - iou_score: 0.9074 - loss: 0.2939 - precision: 0.9252 - recall: 0.9793
[1m 70/125[0m [32m━━━━━━━━━━━[0m[37m━━━━━━━━━[0m [1m12:04[0m 13s/step - accuracy: 0.9181 - dice_coeff: 0.9224 - iou_score: 0.9074 - loss: 0.2939 - precision: 0.9252 - recall: 0.9793
[1m 71/125[0m [32m━━━━━━━━━━━[0m[37m━━━━━━━━━[0m [1m11:51[0m 13s/step - accuracy: 0.9181 - dice_coeff: 0.9224 - iou_score: 0.9074 - loss: 0.2939 - precision: 0.9252 - recall: 0.9793
[1m 72/125[0m [32m━━━━━━━━━━━[0m[37m━━━━━━━━━[0m [1m11:38[0m 13s/step - accuracy: 0.9181 - dice_coeff: 0.9224 - iou_score: 0.9074 - loss: 0.2939 - precision: 0.9252 - recall: 0.9793
[1m 73/125[0m [32m━━━━━━━━━━━[0m[37m━━━━━━━━━[0m [1m11:25[0m 13s/step - accuracy: 0.9181 - dice_coeff: 0.9224 - iou_score: 0.9074 - loss: 0.2939 - precision: 0.9252 - recall: 0.9792
[1m 74/125[0m [32m━━━━━━━━━━━[0m[37m━━━━━━━━━[0m [1m11:12[0m 13s/step - accuracy: 0.9180 - dice_coeff: 0.9224 - iou_score: 0.9074 - loss: 0.2939 - precision: 0.9252 - recall: 0.9792
[1m 75/125[0m [32m━━━━━━━━━━━━[0m[37m━━━━━━━━[0m [1m10:58[0m 13s/step - accuracy: 0.9180 - dice_coeff: 0.9224 - iou_score: 0.9074 - loss: 0.2940 - precision: 0.9252 - recall: 0.9792
[1m 76/125[0m [32m━━━━━━━━━━━━[0m[37m━━━━━━━━[0m [1m10:41[0m 13s/step - accuracy: 0.9180 - dice_coeff: 0.9224 - iou_score: 0.9074 - loss: 0.2940 - precision: 0.9252 - recall: 0.9792
[1m 77/125[0m [32m━━━━━━━━━━━━[0m[37m━━━━━━━━[0m [1m10:28[0m 13s/step - accuracy: 0.9180 - dice_coeff: 0.9224 - iou_score: 0.9074 - loss: 0.2940 - precision: 0.9252 - recall: 0.9792
[1m 78/125[0m [32m━━━━━━━━━━━━[0m[37m━━━━━━━━[0m [1m10:15[0m 13s/step - accuracy: 0.9180 - dice_coeff: 0.9224 - iou_score: 0.9074 - loss: 0.2940 - precision: 0.9252 - recall: 0.9792
[1m 79/125[0m [32m━━━━━━━━━━━━[0m[37m━━━━━━━━[0m [1m10:02[0m 13s/step - accuracy: 0.9180 - dice_coeff: 0.9224 - iou_score: 0.9074 - loss: 0.2940 - precision: 0.9252 - recall: 0.9792
[1m 80/125[0m [32m━━━━━━━━━━━━[0m[37m━━━━━━━━[0m [1m9:48[0m 13s/step - accuracy: 0.9180 - dice_coeff: 0.9224 - iou_score: 0.9073 - loss: 0.2940 - precision: 0.9252 - recall: 0.9792 
[1m 81/125[0m [32m━━━━━━━━━━━━[0m[37m━━━━━━━━[0m [1m9:35[0m 13s/step - accuracy: 0.9180 - dice_coeff: 0.9224 - iou_score: 0.9073 - loss: 0.2940 - precision: 0.9252 - recall: 0.9792
[1m 82/125[0m [32m━━━━━━━━━━━━━[0m[37m━━━━━━━[0m [1m9:22[0m 13s/step - accuracy: 0.9180 - dice_coeff: 0.9224 - iou_score: 0.9073 - loss: 0.2940 - precision: 0.9252 - recall: 0.9792
[1m 83/125[0m [32m━━━━━━━━━━━━━[0m[37m━━━━━━━[0m [1m9:09[0m 13s/step - accuracy: 0.9180 - dice_coeff: 0.9224 - iou_score: 0.9073 - loss: 0.2940 - precision: 0.9252 - recall: 0.9792
[1m 84/125[0m [32m━━━━━━━━━━━━━[0m[37m━━━━━━━[0m [1m8:56[0m 13s/step - accuracy: 0.9180 - dice_coeff: 0.9224 - iou_score: 0.9073 - loss: 0.2940 - precision: 0.9252 - recall: 0.9792
[1m 85/125[0m [32m━━━━━━━━━━━━━[0m[37m━━━━━━━[0m [1m8:43[0m 13s/step - accuracy: 0.9180 - dice_coeff: 0.9224 - iou_score: 0.9073 - loss: 0.2940 - precision: 0.9252 - recall: 0.9792
[1m 86/125[0m [32m━━━━━━━━━━━━━[0m[37m━━━━━━━[0m [1m8:29[0m 13s/step - accuracy: 0.9180 - dice_coeff: 0.9224 - iou_score: 0.9073 - loss: 0.2940 - precision: 0.9252 - recall: 0.9792
[1m 87/125[0m [32m━━━━━━━━━━━━━[0m[37m━━━━━━━[0m [1m8:16[0m 13s/step - accuracy: 0.9180 - dice_coeff: 0.9224 - iou_score: 0.9073 - loss: 0.2941 - precision: 0.9252 - recall: 0.9792
[1m 88/125[0m [32m━━━━━━━━━━━━━━[0m[37m━━━━━━[0m [1m8:03[0m 13s/step - accuracy: 0.9180 - dice_coeff: 0.9224 - iou_score: 0.9073 - loss: 0.2941 - precision: 0.9252 - recall: 0.9792
[1m 89/125[0m [32m━━━━━━━━━━━━━━[0m[37m━━━━━━[0m [1m7:50[0m 13s/step - accuracy: 0.9180 - dice_coeff: 0.9224 - iou_score: 0.9073 - loss: 0.2941 - precision: 0.9252 - recall: 0.9792
[1m 90/125[0m [32m━━━━━━━━━━━━━━[0m[37m━━━━━━[0m [1m7:37[0m 13s/step - accuracy: 0.9180 - dice_coeff: 0.9224 - iou_score: 0.9073 - loss: 0.2941 - precision: 0.9252 - recall: 0.9792
[1m 91/125[0m [32m━━━━━━━━━━━━━━[0m[37m━━━━━━[0m [1m7:24[0m 13s/step - accuracy: 0.9180 - dice_coeff: 0.9224 - iou_score: 0.9073 - loss: 0.2941 - precision: 0.9252 - recall: 0.9792
[1m 92/125[0m [32m━━━━━━━━━━━━━━[0m[37m━━━━━━[0m [1m7:11[0m 13s/step - accuracy: 0.9180 - dice_coeff: 0.9224 - iou_score: 0.9073 - loss: 0.2941 - precision: 0.9252 - recall: 0.9792
[1m 93/125[0m [32m━━━━━━━━━━━━━━[0m[37m━━━━━━[0m [1m6:58[0m 13s/step - accuracy: 0.9180 - dice_coeff: 0.9224 - iou_score: 0.9073 - loss: 0.2941 - precision: 0.9252 - recall: 0.9791
[1m 94/125[0m [32m━━━━━━━━━━━━━━━[0m[37m━━━━━[0m [1m6:45[0m 13s/step - accuracy: 0.9180 - dice_coeff: 0.9224 - iou_score: 0.9073 - loss: 0.2941 - precision: 0.9252 - recall: 0.9791
[1m 95/125[0m [32m━━━━━━━━━━━━━━━[0m[37m━━━━━[0m [1m6:32[0m 13s/step - accuracy: 0.9180 - dice_coeff: 0.9224 - iou_score: 0.9073 - loss: 0.2941 - precision: 0.9252 - recall: 0.9791
[1m 96/125[0m [32m━━━━━━━━━━━━━━━[0m[37m━━━━━[0m [1m6:18[0m 13s/step - accuracy: 0.9180 - dice_coeff: 0.9224 - iou_score: 0.9073 - loss: 0.2941 - precision: 0.9252 - recall: 0.9791
[1m 97/125[0m [32m━━━━━━━━━━━━━━━[0m[37m━━━━━[0m [1m6:05[0m 13s/step - accuracy: 0.9180 - dice_coeff: 0.9224 - iou_score: 0.9073 - loss: 0.2941 - precision: 0.9252 - recall: 0.9791
[1m 98/125[0m [32m━━━━━━━━━━━━━━━[0m[37m━━━━━[0m [1m5:52[0m 13s/step - accuracy: 0.9180 - dice_coeff: 0.9224 - iou_score: 0.9073 - loss: 0.2941 - precision: 0.9252 - recall: 0.9791
[1m 99/125[0m [32m━━━━━━━━━━━━━━━[0m[37m━━━━━[0m [1m5:39[0m 13s/step - accuracy: 0.9180 - dice_coeff: 0.9224 - iou_score: 0.9073 - loss: 0.2941 - precision: 0.9252 - recall: 0.9791
[1m100/125[0m [32m━━━━━━━━━━━━━━━━[0m[37m━━━━[0m [1m5:26[0m 13s/step - accuracy: 0.9180 - dice_coeff: 0.9224 - iou_score: 0.9073 - loss: 0.2941 - precision: 0.9252 - recall: 0.9791
[1m101/125[0m [32m━━━━━━━━━━━━━━━━[0m[37m━━━━[0m [1m5:13[0m 13s/step - accuracy: 0.9180 - dice_coeff: 0.9224 - iou_score: 0.9073 - loss: 0.2941 - precision: 0.9252 - recall: 0.9791
[1m102/125[0m [32m━━━━━━━━━━━━━━━━[0m[37m━━━━[0m [1m5:00[0m 13s/step - accuracy: 0.9180 - dice_coeff: 0.9224 - iou_score: 0.9073 - loss: 0.2941 - precision: 0.9252 - recall: 0.9791
[1m103/125[0m [32m━━━━━━━━━━━━━━━━[0m[37m━━━━[0m [1m4:47[0m 13s/step - accuracy: 0.9180 - dice_coeff: 0.9224 - iou_score: 0.9073 - loss: 0.2941 - precision: 0.9252 - recall: 0.9791
[1m104/125[0m [32m━━━━━━━━━━━━━━━━[0m[37m━━━━[0m [1m11:47[0m 34s/step - accuracy: 0.9180 - dice_coeff: 0.9224 - iou_score: 0.9073 - loss: 0.2941 - precision: 0.9252 - recall: 0.9791
[1m105/125[0m [32m━━━━━━━━━━━━━━━━[0m[37m━━━━[0m [1m11:09[0m 33s/step - accuracy: 0.9180 - dice_coeff: 0.9224 - iou_score: 0.9073 - loss: 0.2941 - precision: 0.9252 - recall: 0.9791
[1m106/125[0m [32m━━━━━━━━━━━━━━━━[0m[37m━━━━[0m [1m10:31[0m 33s/step - accuracy: 0.9180 - dice_coeff: 0.9224 - iou_score: 0.9073 - loss: 0.2941 - precision: 0.9252 - recall: 0.9791
[1m107/125[0m [32m━━━━━━━━━━━━━━━━━[0m[37m━━━[0m [1m21:29[0m 72s/step - accuracy: 0.9180 - dice_coeff: 0.9224 - iou_score: 0.9073 - loss: 0.2941 - precision: 0.9252 - recall: 0.9791
[1m108/125[0m [32m━━━━━━━━━━━━━━━━━[0m[37m━━━[0m [1m20:10[0m 71s/step - accuracy: 0.9180 - dice_coeff: 0.9224 - iou_score: 0.9073 - loss: 0.2941 - precision: 0.9252 - recall: 0.9791
[1m109/125[0m [32m━━━━━━━━━━━━━━━━━[0m[37m━━━[0m [1m18:51[0m 71s/step - accuracy: 0.9180 - dice_coeff: 0.9224 - iou_score: 0.9073 - loss: 0.2941 - precision: 0.9252 - recall: 0.9791
[1m110/125[0m [32m━━━━━━━━━━━━━━━━━[0m[37m━━━[0m [1m17:33[0m 70s/step - accuracy: 0.9180 - dice_coeff: 0.9224 - iou_score: 0.9073 - loss: 0.2941 - precision: 0.9252 - recall: 0.9791
[1m111/125[0m [32m━━━━━━━━━━━━━━━━━[0m[37m━━━[0m [1m16:16[0m 70s/step - accuracy: 0.9180 - dice_coeff: 0.9224 - iou_score: 0.9073 - loss: 0.2941 - precision: 0.9252 - recall: 0.9791
[1m112/125[0m [32m━━━━━━━━━━━━━━━━━[0m[37m━━━[0m [1m15:00[0m 69s/step - accuracy: 0.9180 - dice_coeff: 0.9224 - iou_score: 0.9073 - loss: 0.2941 - precision: 0.9253 - recall: 0.9791
[1m113/125[0m [32m━━━━━━━━━━━━━━━━━━[0m[37m━━[0m [1m13:44[0m 69s/step - accuracy: 0.9180 - dice_coeff: 0.9224 - iou_score: 0.9073 - loss: 0.2941 - precision: 0.9253 - recall: 0.9791
[1m114/125[0m [32m━━━━━━━━━━━━━━━━━━[0m[37m━━[0m [1m12:30[0m 68s/step - accuracy: 0.9180 - dice_coeff: 0.9224 - iou_score: 0.9073 - loss: 0.2941 - precision: 0.9253 - recall: 0.9791
[1m115/125[0m [32m━━━━━━━━━━━━━━━━━━[0m[37m━━[0m [1m11:17[0m 68s/step - accuracy: 0.9180 - dice_coeff: 0.9224 - iou_score: 0.9073 - loss: 0.2941 - precision: 0.9253 - recall: 0.9791
[1m116/125[0m [32m━━━━━━━━━━━━━━━━━━[0m[37m━━[0m [1m10:05[0m 67s/step - accuracy: 0.9180 - dice_coeff: 0.9224 - iou_score: 0.9073 - loss: 0.2941 - precision: 0.9253 - recall: 0.9791
[1m117/125[0m [32m━━━━━━━━━━━━━━━━━━[0m[37m━━[0m [1m8:54[0m 67s/step - accuracy: 0.9180 - dice_coeff: 0.9224 - iou_score: 0.9073 - loss: 0.2941 - precision: 0.9253 - recall: 0.9791 
[1m118/125[0m [32m━━━━━━━━━━━━━━━━━━[0m[37m━━[0m [1m7:44[0m 66s/step - accuracy: 0.9180 - dice_coeff: 0.9224 - iou_score: 0.9073 - loss: 0.2941 - precision: 0.9253 - recall: 0.9791
[1m119/125[0m [32m━━━━━━━━━━━━━━━━━━━[0m[37m━[0m [1m6:35[0m 66s/step - accuracy: 0.9180 - dice_coeff: 0.9224 - iou_score: 0.9073 - loss: 0.2941 - precision: 0.9253 - recall: 0.9791
[1m120/125[0m [32m━━━━━━━━━━━━━━━━━━━[0m[37m━[0m [1m5:27[0m 65s/step - accuracy: 0.9180 - dice_coeff: 0.9224 - iou_score: 0.9073 - loss: 0.2941 - precision: 0.9253 - recall: 0.9791
[1m121/125[0m [32m━━━━━━━━━━━━━━━━━━━[0m[37m━[0m [1m4:20[0m 65s/step - accuracy: 0.9180 - dice_coeff: 0.9224 - iou_score: 0.9073 - loss: 0.2941 - precision: 0.9253 - recall: 0.9791
[1m122/125[0m [32m━━━━━━━━━━━━━━━━━━━[0m[37m━[0m [1m3:13[0m 65s/step - accuracy: 0.9180 - dice_coeff: 0.9224 - iou_score: 0.9073 - loss: 0.2941 - precision: 0.9253 - recall: 0.9791
[1m123/125[0m [32m━━━━━━━━━━━━━━━━━━━[0m[37m━[0m [1m2:08[0m 64s/step - accuracy: 0.9180 - dice_coeff: 0.9224 - iou_score: 0.9073 - loss: 0.2941 - precision: 0.9253 - recall: 0.9791
[1m124/125[0m [32m━━━━━━━━━━━━━━━━━━━[0m[37m━[0m [1m1:03[0m 64s/step - accuracy: 0.9180 - dice_coeff: 0.9224 - iou_score: 0.9073 - loss: 0.2941 - precision: 0.9253 - recall: 0.9791
[1m125/125[0m [32m━━━━━━━━━━━━━━━━━━━━[0m[37m[0m [1m0s[0m 63s/step - accuracy: 0.9180 - dice_coeff: 0.9224 - iou_score: 0.9073 - loss: 0.2941 - precision: 0.9253 - recall: 0.9791  
Epoch 8: val_dice_coeff improved from 0.89520 to 0.90972, saving model to D:\labdatanew@aniket\unet++\models\best_model.keras

Epoch 8: finished saving model to D:\labdatanew@aniket\unet++\models\best_model.keras

[1m125/125[0m [32m━━━━━━━━━━━━━━━━━━━━[0m[37m[0m [1m8001s[0m 64s/step - accuracy: 0.9182 - dice_coeff: 0.9227 - iou_score: 0.9076 - loss: 0.2936 - precision: 0.9257 - recall: 0.9790 - val_accuracy: 0.8593 - val_dice_coeff: 0.9097 - val_iou_score: 0.8491 - val_loss: 0.5161 - val_precision: 0.8496 - val_recall: 0.9993 - learning_rate: 5.0000e-05
Epoch 9/100

[1m  1/125[0m [37m━━━━━━━━━━━━━━━━━━━━[0m [1m28:28[0m 14s/step - accuracy: 0.9126 - dice_coeff: 0.9202 - iou_score: 0.8997 - loss: 0.3064 - precision: 0.9176 - recall: 0.9787
[1m  2/125[0m [37m━━━━━━━━━━━━━━━━━━━━[0m [1m27:24[0m 13s/step - accuracy: 0.9151 - dice_coeff: 0.9216 - iou_score: 0.9029 - loss: 0.2991 - precision: 0.9206 - recall: 0.9791
[1m  3/125[0m [37m━━━━━━━━━━━━━━━━━━━━[0m [1m27:13[0m 13s/step - accuracy: 0.9159 - dice_coeff: 0.9222 - iou_score: 0.9040 - loss: 0.2968 - precision: 0.9214 - recall: 0.9795
[1m  4/125[0m [37m━━━━━━━━━━━━━━━━━━━━[0m [1m26:58[0m 13s/step - accuracy: 0.9165 - dice_coeff: 0.9225 - iou_score: 0.9047 - loss: 0.2949 - precision: 0.9223 - recall: 0.9794
[1m  5/125[0m [37m━━━━━━━━━━━━━━━━━━━━[0m [1m26:39[0m 13s/step - accuracy: 0.9169 - dice_coeff: 0.9226 - iou_score: 0.9052 - loss: 0.2942 - precision: 0.9230 - recall: 0.9791
[1m  6/125[0m [37m━━━━━━━━━━━━━━━━━━━━[0m [1m26:26[0m 13s/step - accuracy: 0.9169 - dice_coeff: 0.9225 - iou_score: 0.9052 - loss: 0.2945 - precision: 0.9233 - recall: 0.9788
[1m  7/125[0m [32m━[0m[37m━━━━━━━━━━━━━━━━━━━[0m [1m26:16[0m 13s/step - accuracy: 0.9166 - dice_coeff: 0.9222 - iou_score: 0.9049 - loss: 0.2956 - precision: 0.9232 - recall: 0.9785
[1m  8/125[0m [32m━[0m[37m━━━━━━━━━━━━━━━━━━━[0m [1m26:05[0m 13s/step - accuracy: 0.9163 - dice_coeff: 0.9220 - iou_score: 0.9045 - loss: 0.2968 - precision: 0.9231 - recall: 0.9782
[1m  9/125[0m [32m━[0m[37m━━━━━━━━━━━━━━━━━━━[0m [1m25:53[0m 13s/step - accuracy: 0.9162 - dice_coeff: 0.9218 - iou_score: 0.9044 - loss: 0.2974 - precision: 0.9232 - recall: 0.9780
[1m 10/125[0m [32m━[0m[37m━━━━━━━━━━━━━━━━━━━[0m [1m25:38[0m 13s/step - accuracy: 0.9158 - dice_coeff: 0.9215 - iou_score: 0.9040 - loss: 0.2986 - precision: 0.9230 - recall: 0.9778
[1m 11/125[0m [32m━[0m[37m━━━━━━━━━━━━━━━━━━━[0m [1m25:25[0m 13s/step - accuracy: 0.9156 - dice_coeff: 0.9213 - iou_score: 0.9038 - loss: 0.2995 - precision: 0.9228 - recall: 0.9777
[1m 12/125[0m [32m━[0m[37m━━━━━━━━━━━━━━━━━━━[0m [1m25:14[0m 13s/step - accuracy: 0.9154 - dice_coeff: 0.9211 - iou_score: 0.9036 - loss: 0.3001 - precision: 0.9227 - recall: 0.9776
[1m 13/125[0m [32m━━[0m[37m━━━━━━━━━━━━━━━━━━[0m [1m25:00[0m 13s/step - accuracy: 0.9153 - dice_coeff: 0.9210 - iou_score: 0.9035 - loss: 0.3006 - precision: 0.9226 - recall: 0.9775
[1m 14/125[0m [32m━━[0m[37m━━━━━━━━━━━━━━━━━━[0m [1m24:43[0m 13s/step - accuracy: 0.9152 - dice_coeff: 0.9209 - iou_score: 0.9034 - loss: 0.3010 - precision: 0.9226 - recall: 0.9775
[1m 15/125[0m [32m━━[0m[37m━━━━━━━━━━━━━━━━━━[0m [1m24:31[0m 13s/step - accuracy: 0.9152 - dice_coeff: 0.9208 - iou_score: 0.9034 - loss: 0.3013 - precision: 0.9226 - recall: 0.9775
[1m 16/125[0m [32m━━[0m[37m━━━━━━━━━━━━━━━━━━[0m [1m24:14[0m 13s/step - accuracy: 0.9152 - dice_coeff: 0.9207 - iou_score: 0.9033 - loss: 0.3015 - precision: 0.9226 - recall: 0.9775
[1m 17/125[0m [32m━━[0m[37m━━━━━━━━━━━━━━━━━━[0m [1m24:02[0m 13s/step - accuracy: 0.9152 - dice_coeff: 0.9206 - iou_score: 0.9034 - loss: 0.3016 - precision: 0.9226 - recall: 0.9774
[1m 18/125[0m [32m━━[0m[37m━━━━━━━━━━━━━━━━━━[0m [1m23:48[0m 13s/step - accuracy: 0.9151 - dice_coeff: 0.9206 - iou_score: 0.9034 - loss: 0.3018 - precision: 0.9226 - recall: 0.9774
[1m 19/125[0m [32m━━━[0m[37m━━━━━━━━━━━━━━━━━[0m [1m23:35[0m 13s/step - accuracy: 0.9151 - dice_coeff: 0.9205 - iou_score: 0.9034 - loss: 0.3019 - precision: 0.9226 - recall: 0.9774
[1m 20/125[0m [32m━━━[0m[37m━━━━━━━━━━━━━━━━━[0m [1m23:21[0m 13s/step - accuracy: 0.9152 - dice_coeff: 0.9205 - iou_score: 0.9035 - loss: 0.3018 - precision: 0.9227 - recall: 0.9775
[1m 21/125[0m [32m━━━[0m[37m━━━━━━━━━━━━━━━━━[0m [1m23:08[0m 13s/step - accuracy: 0.9152 - dice_coeff: 0.9205 - iou_score: 0.9035 - loss: 0.3018 - precision: 0.9227 - recall: 0.9775
[1m 22/125[0m [32m━━━[0m[37m━━━━━━━━━━━━━━━━━[0m [1m22:52[0m 13s/step - accuracy: 0.9152 - dice_coeff: 0.9205 - iou_score: 0.9035 - loss: 0.3018 - precision: 0.9227 - recall: 0.9775
[1m 23/125[0m [32m━━━[0m[37m━━━━━━━━━━━━━━━━━[0m [1m22:38[0m 13s/step - accuracy: 0.9152 - dice_coeff: 0.9205 - iou_score: 0.9036 - loss: 0.3018 - precision: 0.9227 - recall: 0.9776
[1m 24/125[0m [32m━━━[0m[37m━━━━━━━━━━━━━━━━━[0m [1m22:25[0m 13s/step - accuracy: 0.9153 - dice_coeff: 0.9205 - iou_score: 0.9036 - loss: 0.3018 - precision: 0.9228 - recall: 0.9776
[1m 25/125[0m [32m━━━━[0m[37m━━━━━━━━━━━━━━━━[0m [1m22:12[0m 13s/step - accuracy: 0.9153 - dice_coeff: 0.9205 - iou_score: 0.9037 - loss: 0.3017 - precision: 0.9228 - recall: 0.9776
[1m 26/125[0m [32m━━━━[0m[37m━━━━━━━━━━━━━━━━[0m [1m21:59[0m 13s/step - accuracy: 0.9153 - dice_coeff: 0.9205 - iou_score: 0.9037 - loss: 0.3017 - precision: 0.9228 - recall: 0.9776
[1m 27/125[0m [32m━━━━[0m[37m━━━━━━━━━━━━━━━━[0m [1m21:45[0m 13s/step - accuracy: 0.9154 - dice_coeff: 0.9205 - iou_score: 0.9038 - loss: 0.3016 - precision: 0.9229 - recall: 0.9777
[1m 28/125[0m [32m━━━━[0m[37m━━━━━━━━━━━━━━━━[0m [1m21:30[0m 13s/step - accuracy: 0.9154 - dice_coeff: 0.9205 - iou_score: 0.9038 - loss: 0.3016 - precision: 0.9229 - recall: 0.9777
[1m 29/125[0m [32m━━━━[0m[37m━━━━━━━━━━━━━━━━[0m [1m21:17[0m 13s/step - accuracy: 0.9154 - dice_coeff: 0.9206 - iou_score: 0.9039 - loss: 0.3015 - precision: 0.9229 - recall: 0.9777
[1m 30/125[0m [32m━━━━[0m[37m━━━━━━━━━━━━━━━━[0m [1m21:03[0m 13s/step - accuracy: 0.9154 - dice_coeff: 0.9206 - iou_score: 0.9039 - loss: 0.3015 - precision: 0.9229 - recall: 0.9778
[1m 31/125[0m [32m━━━━[0m[37m━━━━━━━━━━━━━━━━[0m [1m20:50[0m 13s/step - accuracy: 0.9155 - dice_coeff: 0.9206 - iou_score: 0.9039 - loss: 0.3015 - precision: 0.9229 - recall: 0.9778
[1m 32/125[0m [32m━━━━━[0m[37m━━━━━━━━━━━━━━━[0m [1m20:37[0m 13s/step - accuracy: 0.9155 - dice_coeff: 0.9206 - iou_score: 0.9040 - loss: 0.3014 - precision: 0.9229 - recall: 0.9778
[1m 33/125[0m [32m━━━━━[0m[37m━━━━━━━━━━━━━━━[0m [1m20:23[0m 13s/step - accuracy: 0.9155 - dice_coeff: 0.9206 - iou_score: 0.9040 - loss: 0.3013 - precision: 0.9229 - recall: 0.9778
[1m 34/125[0m [32m━━━━━[0m[37m━━━━━━━━━━━━━━━[0m [1m20:11[0m 13s/step - accuracy: 0.9156 - dice_coeff: 0.9207 - iou_score: 0.9041 - loss: 0.3012 - precision: 0.9229 - recall: 0.9779
[1m 35/125[0m [32m━━━━━[0m[37m━━━━━━━━━━━━━━━[0m [1m19:58[0m 13s/step - accuracy: 0.9156 - dice_coeff: 0.9207 - iou_score: 0.9041 - loss: 0.3011 - precision: 0.9230 - recall: 0.9779
[1m 36/125[0m [32m━━━━━[0m[37m━━━━━━━━━━━━━━━[0m [1m19:44[0m 13s/step - accuracy: 0.9157 - dice_coeff: 0.9207 - iou_score: 0.9042 - loss: 0.3010 - precision: 0.9230 - recall: 0.9779
[1m 37/125[0m [32m━━━━━[0m[37m━━━━━━━━━━━━━━━[0m [1m19:31[0m 13s/step - accuracy: 0.9157 - dice_coeff: 0.9208 - iou_score: 0.9042 - loss: 0.3008 - precision: 0.9231 - recall: 0.9779
[1m 38/125[0m [32m━━━━━━[0m[37m━━━━━━━━━━━━━━[0m [1m19:17[0m 13s/step - accuracy: 0.9158 - dice_coeff: 0.9208 - iou_score: 0.9043 - loss: 0.3007 - precision: 0.9231 - recall: 0.9779
[1m 39/125[0m [32m━━━━━━[0m[37m━━━━━━━━━━━━━━[0m [1m19:03[0m 13s/step - accuracy: 0.9158 - dice_coeff: 0.9208 - iou_score: 0.9044 - loss: 0.3005 - precision: 0.9232 - recall: 0.9780
[1m 40/125[0m [32m━━━━━━[0m[37m━━━━━━━━━━━━━━[0m [1m18:50[0m 13s/step - accuracy: 0.9159 - dice_coeff: 0.9209 - iou_score: 0.9044 - loss: 0.3004 - precision: 0.9232 - recall: 0.9780
[1m 41/125[0m [32m━━━━━━[0m[37m━━━━━━━━━━━━━━[0m [1m18:36[0m 13s/step - accuracy: 0.9159 - dice_coeff: 0.9209 - iou_score: 0.9045 - loss: 0.3002 - precision: 0.9233 - recall: 0.9780
[1m 42/125[0m [32m━━━━━━[0m[37m━━━━━━━━━━━━━━[0m [1m18:23[0m 13s/step - accuracy: 0.9160 - dice_coeff: 0.9210 - iou_score: 0.9045 - loss: 0.3001 - precision: 0.9233 - recall: 0.9780
[1m 43/125[0m [32m━━━━━━[0m[37m━━━━━━━━━━━━━━[0m [1m18:09[0m 13s/step - accuracy: 0.9160 - dice_coeff: 0.9210 - iou_score: 0.9046 - loss: 0.2999 - precision: 0.9234 - recall: 0.9780
[1m 44/125[0m [32m━━━━━━━[0m[37m━━━━━━━━━━━━━[0m [1m17:56[0m 13s/step - accuracy: 0.9161 - dice_coeff: 0.9210 - iou_score: 0.9047 - loss: 0.2998 - precision: 0.9234 - recall: 0.9781
[1m 45/125[0m [32m━━━━━━━[0m[37m━━━━━━━━━━━━━[0m [1m17:42[0m 13s/step - accuracy: 0.9161 - dice_coeff: 0.9211 - iou_score: 0.9047 - loss: 0.2997 - precision: 0.9235 - recall: 0.9781
[1m 46/125[0m [32m━━━━━━━[0m[37m━━━━━━━━━━━━━[0m [1m17:29[0m 13s/step - accuracy: 0.9162 - dice_coeff: 0.9211 - iou_score: 0.9048 - loss: 0.2995 - precision: 0.9235 - recall: 0.9781
[1m 47/125[0m [32m━━━━━━━[0m[37m━━━━━━━━━━━━━[0m [1m17:16[0m 13s/step - accuracy: 0.9162 - dice_coeff: 0.9211 - iou_score: 0.9048 - loss: 0.2994 - precision: 0.9236 - recall: 0.9781
[1m 48/125[0m [32m━━━━━━━[0m[37m━━━━━━━━━━━━━[0m [1m17:03[0m 13s/step - accuracy: 0.9163 - dice_coeff: 0.9212 - iou_score: 0.9049 - loss: 0.2992 - precision: 0.9236 - recall: 0.9781
[1m 49/125[0m [32m━━━━━━━[0m[37m━━━━━━━━━━━━━[0m [1m16:49[0m 13s/step - accuracy: 0.9163 - dice_coeff: 0.9212 - iou_score: 0.9049 - loss: 0.2991 - precision: 0.9236 - recall: 0.9781
[1m 50/125[0m [32m━━━━━━━━[0m[37m━━━━━━━━━━━━[0m [1m16:36[0m 13s/step - accuracy: 0.9163 - dice_coeff: 0.9212 - iou_score: 0.9050 - loss: 0.2990 - precision: 0.9237 - recall: 0.9781
[1m 51/125[0m [32m━━━━━━━━[0m[37m━━━━━━━━━━━━[0m [1m16:23[0m 13s/step - accuracy: 0.9164 - dice_coeff: 0.9213 - iou_score: 0.9050 - loss: 0.2989 - precision: 0.9237 - recall: 0.9782
[1m 52/125[0m [32m━━━━━━━━[0m[37m━━━━━━━━━━━━[0m [1m16:10[0m 13s/step - accuracy: 0.9164 - dice_coeff: 0.9213 - iou_score: 0.9051 - loss: 0.2988 - precision: 0.9238 - recall: 0.9782
[1m 53/125[0m [32m━━━━━━━━[0m[37m━━━━━━━━━━━━[0m [1m15:57[0m 13s/step - accuracy: 0.9165 - dice_coeff: 0.9213 - iou_score: 0.9052 - loss: 0.2986 - precision: 0.9238 - recall: 0.9782
[1m 54/125[0m [32m━━━━━━━━[0m[37m━━━━━━━━━━━━[0m [1m15:44[0m 13s/step - accuracy: 0.9165 - dice_coeff: 0.9214 - iou_score: 0.9052 - loss: 0.2984 - precision: 0.9239 - recall: 0.9782
[1m 55/125[0m [32m━━━━━━━━[0m[37m━━━━━━━━━━━━[0m [1m15:30[0m 13s/step - accuracy: 0.9166 - dice_coeff: 0.9214 - iou_score: 0.9053 - loss: 0.2983 - precision: 0.9239 - recall: 0.9782
[1m 56/125[0m [32m━━━━━━━━[0m[37m━━━━━━━━━━━━[0m [1m15:17[0m 13s/step - accuracy: 0.9166 - dice_coeff: 0.9215 - iou_score: 0.9053 - loss: 0.2981 - precision: 0.9240 - recall: 0.9782
[1m 57/125[0m [32m━━━━━━━━━[0m[37m━━━━━━━━━━━[0m [1m15:04[0m 13s/step - accuracy: 0.9167 - dice_coeff: 0.9215 - iou_score: 0.9054 - loss: 0.2980 - precision: 0.9240 - recall: 0.9782
[1m 58/125[0m [32m━━━━━━━━━[0m[37m━━━━━━━━━━━[0m [1m14:51[0m 13s/step - accuracy: 0.9167 - dice_coeff: 0.9215 - iou_score: 0.9055 - loss: 0.2978 - precision: 0.9241 - recall: 0.9783
[1m 59/125[0m [32m━━━━━━━━━[0m[37m━━━━━━━━━━━[0m [1m14:38[0m 13s/step - accuracy: 0.9168 - dice_coeff: 0.9216 - iou_score: 0.9055 - loss: 0.2977 - precision: 0.9241 - recall: 0.9783
[1m 60/125[0m [32m━━━━━━━━━[0m[37m━━━━━━━━━━━[0m [1m14:25[0m 13s/step - accuracy: 0.9168 - dice_coeff: 0.9216 - iou_score: 0.9056 - loss: 0.2976 - precision: 0.9242 - recall: 0.9783
[1m 61/125[0m [32m━━━━━━━━━[0m[37m━━━━━━━━━━━[0m [1m14:11[0m 13s/step - accuracy: 0.9169 - dice_coeff: 0.9216 - iou_score: 0.9056 - loss: 0.2974 - precision: 0.9242 - recall: 0.9783
[1m 62/125[0m [32m━━━━━━━━━[0m[37m━━━━━━━━━━━[0m [1m13:58[0m 13s/step - accuracy: 0.9169 - dice_coeff: 0.9217 - iou_score: 0.9057 - loss: 0.2973 - precision: 0.9242 - recall: 0.9783
[1m 63/125[0m [32m━━━━━━━━━━[0m[37m━━━━━━━━━━[0m [1m13:45[0m 13s/step - accuracy: 0.9170 - dice_coeff: 0.9217 - iou_score: 0.9057 - loss: 0.2972 - precision: 0.9243 - recall: 0.9783
[1m 64/125[0m [32m━━━━━━━━━━[0m[37m━━━━━━━━━━[0m [1m13:31[0m 13s/step - accuracy: 0.9170 - dice_coeff: 0.9217 - iou_score: 0.9058 - loss: 0.2971 - precision: 0.9243 - recall: 0.9783
[1m 65/125[0m [32m━━━━━━━━━━[0m[37m━━━━━━━━━━[0m [1m13:18[0m 13s/step - accuracy: 0.9170 - dice_coeff: 0.9218 - iou_score: 0.9058 - loss: 0.2970 - precision: 0.9243 - recall: 0.9784
[1m 66/125[0m [32m━━━━━━━━━━[0m[37m━━━━━━━━━━[0m [1m13:04[0m 13s/step - accuracy: 0.9171 - dice_coeff: 0.9218 - iou_score: 0.9059 - loss: 0.2968 - precision: 0.9244 - recall: 0.9784
[1m 67/125[0m [32m━━━━━━━━━━[0m[37m━━━━━━━━━━[0m [1m12:51[0m 13s/step - accuracy: 0.9171 - dice_coeff: 0.9218 - iou_score: 0.9059 - loss: 0.2967 - precision: 0.9244 - recall: 0.9784
[1m 68/125[0m [32m━━━━━━━━━━[0m[37m━━━━━━━━━━[0m [1m12:39[0m 13s/step - accuracy: 0.9172 - dice_coeff: 0.9219 - iou_score: 0.9060 - loss: 0.2966 - precision: 0.9245 - recall: 0.9784
[1m 69/125[0m [32m━━━━━━━━━━━[0m[37m━━━━━━━━━[0m [1m12:26[0m 13s/step - accuracy: 0.9172 - dice_coeff: 0.9219 - iou_score: 0.9060 - loss: 0.2965 - precision: 0.9245 - recall: 0.9784
[1m 70/125[0m [32m━━━━━━━━━━━[0m[37m━━━━━━━━━[0m [1m12:13[0m 13s/step - accuracy: 0.9172 - dice_coeff: 0.9219 - iou_score: 0.9060 - loss: 0.2964 - precision: 0.9245 - recall: 0.9784
[1m 71/125[0m [32m━━━━━━━━━━━[0m[37m━━━━━━━━━[0m [1m12:00[0m 13s/step - accuracy: 0.9173 - dice_coeff: 0.9220 - iou_score: 0.9061 - loss: 0.2963 - precision: 0.9246 - recall: 0.9784
[1m 72/125[0m [32m━━━━━━━━━━━[0m[37m━━━━━━━━━[0m [1m11:46[0m 13s/step - accuracy: 0.9173 - dice_coeff: 0.9220 - iou_score: 0.9061 - loss: 0.2961 - precision: 0.9246 - recall: 0.9784
[1m 73/125[0m [32m━━━━━━━━━━━[0m[37m━━━━━━━━━[0m [1m11:33[0m 13s/step - accuracy: 0.9174 - dice_coeff: 0.9220 - iou_score: 0.9062 - loss: 0.2960 - precision: 0.9247 - recall: 0.9784
[1m 74/125[0m [32m━━━━━━━━━━━[0m[37m━━━━━━━━━[0m [1m11:20[0m 13s/step - accuracy: 0.9174 - dice_coeff: 0.9221 - iou_score: 0.9062 - loss: 0.2959 - precision: 0.9247 - recall: 0.9784
[1m 75/125[0m [32m━━━━━━━━━━━━[0m[37m━━━━━━━━[0m [1m11:05[0m 13s/step - accuracy: 0.9174 - dice_coeff: 0.9221 - iou_score: 0.9063 - loss: 0.2958 - precision: 0.9247 - recall: 0.9785
[1m 76/125[0m [32m━━━━━━━━━━━━[0m[37m━━━━━━━━[0m [1m10:48[0m 13s/step - accuracy: 0.9175 - dice_coeff: 0.9221 - iou_score: 0.9063 - loss: 0.2957 - precision: 0.9248 - recall: 0.9785
[1m 77/125[0m [32m━━━━━━━━━━━━[0m[37m━━━━━━━━[0m [1m10:35[0m 13s/step - accuracy: 0.9175 - dice_coeff: 0.9221 - iou_score: 0.9063 - loss: 0.2956 - precision: 0.9248 - recall: 0.9785
[1m 78/125[0m [32m━━━━━━━━━━━━[0m[37m━━━━━━━━[0m [1m10:22[0m 13s/step - accuracy: 0.9175 - dice_coeff: 0.9222 - iou_score: 0.9064 - loss: 0.2955 - precision: 0.9248 - recall: 0.9785
[1m 79/125[0m [32m━━━━━━━━━━━━[0m[37m━━━━━━━━[0m [1m10:09[0m 13s/step - accuracy: 0.9176 - dice_coeff: 0.9222 - iou_score: 0.9064 - loss: 0.2954 - precision: 0.9249 - recall: 0.9785
[1m 80/125[0m [32m━━━━━━━━━━━━[0m[37m━━━━━━━━[0m [1m9:55[0m 13s/step - accuracy: 0.9176 - dice_coeff: 0.9222 - iou_score: 0.9065 - loss: 0.2953 - precision: 0.9249 - recall: 0.9785 
[1m 81/125[0m [32m━━━━━━━━━━━━[0m[37m━━━━━━━━[0m [1m9:42[0m 13s/step - accuracy: 0.9176 - dice_coeff: 0.9223 - iou_score: 0.9065 - loss: 0.2952 - precision: 0.9249 - recall: 0.9785
[1m 82/125[0m [32m━━━━━━━━━━━━━[0m[37m━━━━━━━[0m [1m9:29[0m 13s/step - accuracy: 0.9176 - dice_coeff: 0.9223 - iou_score: 0.9065 - loss: 0.2952 - precision: 0.9249 - recall: 0.9785
[1m 83/125[0m [32m━━━━━━━━━━━━━[0m[37m━━━━━━━[0m [1m9:16[0m 13s/step - accuracy: 0.9177 - dice_coeff: 0.9223 - iou_score: 0.9066 - loss: 0.2951 - precision: 0.9250 - recall: 0.9785
[1m 84/125[0m [32m━━━━━━━━━━━━━[0m[37m━━━━━━━[0m [1m9:02[0m 13s/step - accuracy: 0.9177 - dice_coeff: 0.9223 - iou_score: 0.9066 - loss: 0.2950 - precision: 0.9250 - recall: 0.9785
[1m 85/125[0m [32m━━━━━━━━━━━━━[0m[37m━━━━━━━[0m [1m8:49[0m 13s/step - accuracy: 0.9177 - dice_coeff: 0.9223 - iou_score: 0.9066 - loss: 0.2949 - precision: 0.9250 - recall: 0.9785
[1m 86/125[0m [32m━━━━━━━━━━━━━[0m[37m━━━━━━━[0m [1m8:36[0m 13s/step - accuracy: 0.9177 - dice_coeff: 0.9224 - iou_score: 0.9067 - loss: 0.2948 - precision: 0.9251 - recall: 0.9785
[1m 87/125[0m [32m━━━━━━━━━━━━━[0m[37m━━━━━━━[0m [1m8:23[0m 13s/step - accuracy: 0.9178 - dice_coeff: 0.9224 - iou_score: 0.9067 - loss: 0.2948 - precision: 0.9251 - recall: 0.9786
[1m 88/125[0m [32m━━━━━━━━━━━━━━[0m[37m━━━━━━[0m [1m8:10[0m 13s/step - accuracy: 0.9178 - dice_coeff: 0.9224 - iou_score: 0.9067 - loss: 0.2947 - precision: 0.9251 - recall: 0.9786
[1m 89/125[0m [32m━━━━━━━━━━━━━━[0m[37m━━━━━━[0m [1m7:56[0m 13s/step - accuracy: 0.9178 - dice_coeff: 0.9224 - iou_score: 0.9067 - loss: 0.2946 - precision: 0.9251 - recall: 0.9786
[1m 90/125[0m [32m━━━━━━━━━━━━━━[0m[37m━━━━━━[0m [1m7:43[0m 13s/step - accuracy: 0.9178 - dice_coeff: 0.9224 - iou_score: 0.9068 - loss: 0.2946 - precision: 0.9251 - recall: 0.9786
[1m 91/125[0m [32m━━━━━━━━━━━━━━[0m[37m━━━━━━[0m [1m7:30[0m 13s/step - accuracy: 0.9178 - dice_coeff: 0.9225 - iou_score: 0.9068 - loss: 0.2945 - precision: 0.9252 - recall: 0.9786
[1m 92/125[0m [32m━━━━━━━━━━━━━━[0m[37m━━━━━━[0m [1m7:17[0m 13s/step - accuracy: 0.9179 - dice_coeff: 0.9225 - iou_score: 0.9068 - loss: 0.2944 - precision: 0.9252 - recall: 0.9786
[1m 93/125[0m [32m━━━━━━━━━━━━━━[0m[37m━━━━━━[0m [1m7:03[0m 13s/step - accuracy: 0.9179 - dice_coeff: 0.9225 - iou_score: 0.9068 - loss: 0.2944 - precision: 0.9252 - recall: 0.9786
[1m 94/125[0m [32m━━━━━━━━━━━━━━━[0m[37m━━━━━[0m [1m6:50[0m 13s/step - accuracy: 0.9179 - dice_coeff: 0.9225 - iou_score: 0.9069 - loss: 0.2943 - precision: 0.9252 - recall: 0.9786
[1m 95/125[0m [32m━━━━━━━━━━━━━━━[0m[37m━━━━━[0m [1m6:37[0m 13s/step - accuracy: 0.9179 - dice_coeff: 0.9225 - iou_score: 0.9069 - loss: 0.2943 - precision: 0.9252 - recall: 0.9786
[1m 96/125[0m [32m━━━━━━━━━━━━━━━[0m[37m━━━━━[0m [1m6:24[0m 13s/step - accuracy: 0.9179 - dice_coeff: 0.9226 - iou_score: 0.9069 - loss: 0.2942 - precision: 0.9253 - recall: 0.9786
[1m 97/125[0m [32m━━━━━━━━━━━━━━━[0m[37m━━━━━[0m [1m6:10[0m 13s/step - accuracy: 0.9180 - dice_coeff: 0.9226 - iou_score: 0.9069 - loss: 0.2941 - precision: 0.9253 - recall: 0.9786
[1m 98/125[0m [32m━━━━━━━━━━━━━━━[0m[37m━━━━━[0m [1m5:57[0m 13s/step - accuracy: 0.9180 - dice_coeff: 0.9226 - iou_score: 0.9070 - loss: 0.2941 - precision: 0.9253 - recall: 0.9786
[1m 99/125[0m [32m━━━━━━━━━━━━━━━[0m[37m━━━━━[0m [1m5:44[0m 13s/step - accuracy: 0.9180 - dice_coeff: 0.9226 - iou_score: 0.9070 - loss: 0.2940 - precision: 0.9253 - recall: 0.9786
[1m100/125[0m [32m━━━━━━━━━━━━━━━━[0m[37m━━━━[0m [1m5:31[0m 13s/step - accuracy: 0.9180 - dice_coeff: 0.9226 - iou_score: 0.9070 - loss: 0.2940 - precision: 0.9253 - recall: 0.9786
[1m101/125[0m [32m━━━━━━━━━━━━━━━━[0m[37m━━━━[0m [1m5:17[0m 13s/step - accuracy: 0.9180 - dice_coeff: 0.9226 - iou_score: 0.9070 - loss: 0.2939 - precision: 0.9254 - recall: 0.9786
[1m102/125[0m [32m━━━━━━━━━━━━━━━━[0m[37m━━━━[0m [1m5:04[0m 13s/step - accuracy: 0.9180 - dice_coeff: 0.9226 - iou_score: 0.9070 - loss: 0.2939 - precision: 0.9254 - recall: 0.9786
[1m103/125[0m [32m━━━━━━━━━━━━━━━━[0m[37m━━━━[0m [1m4:51[0m 13s/step - accuracy: 0.9181 - dice_coeff: 0.9227 - iou_score: 0.9071 - loss: 0.2938 - precision: 0.9254 - recall: 0.9786
[1m104/125[0m [32m━━━━━━━━━━━━━━━━[0m[37m━━━━[0m [1m4:38[0m 13s/step - accuracy: 0.9181 - dice_coeff: 0.9227 - iou_score: 0.9071 - loss: 0.2938 - precision: 0.9254 - recall: 0.9787
[1m105/125[0m [32m━━━━━━━━━━━━━━━━[0m[37m━━━━[0m [1m4:24[0m 13s/step - accuracy: 0.9181 - dice_coeff: 0.9227 - iou_score: 0.9071 - loss: 0.2937 - precision: 0.9254 - recall: 0.9787
[1m106/125[0m [32m━━━━━━━━━━━━━━━━[0m[37m━━━━[0m [1m4:11[0m 13s/step - accuracy: 0.9181 - dice_coeff: 0.9227 - iou_score: 0.9071 - loss: 0.2937 - precision: 0.9254 - recall: 0.9787
[1m107/125[0m [32m━━━━━━━━━━━━━━━━━[0m[37m━━━[0m [1m3:58[0m 13s/step - accuracy: 0.9181 - dice_coeff: 0.9227 - iou_score: 0.9071 - loss: 0.2936 - precision: 0.9254 - recall: 0.9787
[1m108/125[0m [32m━━━━━━━━━━━━━━━━━[0m[37m━━━[0m [1m3:45[0m 13s/step - accuracy: 0.9181 - dice_coeff: 0.9227 - iou_score: 0.9072 - loss: 0.2936 - precision: 0.9255 - recall: 0.9787
[1m109/125[0m [32m━━━━━━━━━━━━━━━━━[0m[37m━━━[0m [1m3:31[0m 13s/step - accuracy: 0.9181 - dice_coeff: 0.9227 - iou_score: 0.9072 - loss: 0.2936 - precision: 0.9255 - recall: 0.9787
[1m110/125[0m [32m━━━━━━━━━━━━━━━━━[0m[37m━━━[0m [1m3:18[0m 13s/step - accuracy: 0.9182 - dice_coeff: 0.9227 - iou_score: 0.9072 - loss: 0.2935 - precision: 0.9255 - recall: 0.9787
[1m111/125[0m [32m━━━━━━━━━━━━━━━━━[0m[37m━━━[0m [1m3:05[0m 13s/step - accuracy: 0.9182 - dice_coeff: 0.9228 - iou_score: 0.9072 - loss: 0.2935 - precision: 0.9255 - recall: 0.9787
[1m112/125[0m [32m━━━━━━━━━━━━━━━━━[0m[37m━━━[0m [1m2:52[0m 13s/step - accuracy: 0.9182 - dice_coeff: 0.9228 - iou_score: 0.9072 - loss: 0.2934 - precision: 0.9255 - recall: 0.9787
[1m113/125[0m [32m━━━━━━━━━━━━━━━━━━[0m[37m━━[0m [1m2:38[0m 13s/step - accuracy: 0.9182 - dice_coeff: 0.9228 - iou_score: 0.9072 - loss: 0.2934 - precision: 0.9255 - recall: 0.9787
[1m114/125[0m [32m━━━━━━━━━━━━━━━━━━[0m[37m━━[0m [1m2:25[0m 13s/step - accuracy: 0.9182 - dice_coeff: 0.9228 - iou_score: 0.9072 - loss: 0.2934 - precision: 0.9255 - recall: 0.9787
[1m115/125[0m [32m━━━━━━━━━━━━━━━━━━[0m[37m━━[0m [1m2:12[0m 13s/step - accuracy: 0.9182 - dice_coeff: 0.9228 - iou_score: 0.9073 - loss: 0.2933 - precision: 0.9256 - recall: 0.9787
[1m116/125[0m [32m━━━━━━━━━━━━━━━━━━[0m[37m━━[0m [1m1:59[0m 13s/step - accuracy: 0.9182 - dice_coeff: 0.9228 - iou_score: 0.9073 - loss: 0.2933 - precision: 0.9256 - recall: 0.9787
[1m117/125[0m [32m━━━━━━━━━━━━━━━━━━[0m[37m━━[0m [1m1:45[0m 13s/step - accuracy: 0.9182 - dice_coeff: 0.9228 - iou_score: 0.9073 - loss: 0.2932 - precision: 0.9256 - recall: 0.9787
[1m118/125[0m [32m━━━━━━━━━━━━━━━━━━[0m[37m━━[0m [1m1:32[0m 13s/step - accuracy: 0.9182 - dice_coeff: 0.9228 - iou_score: 0.9073 - loss: 0.2932 - precision: 0.9256 - recall: 0.9787
[1m119/125[0m [32m━━━━━━━━━━━━━━━━━━━[0m[37m━[0m [1m1:19[0m 13s/step - accuracy: 0.9183 - dice_coeff: 0.9228 - iou_score: 0.9073 - loss: 0.2932 - precision: 0.9256 - recall: 0.9787
[1m120/125[0m [32m━━━━━━━━━━━━━━━━━━━[0m[37m━[0m [1m1:06[0m 13s/step - accuracy: 0.9183 - dice_coeff: 0.9229 - iou_score: 0.9073 - loss: 0.2931 - precision: 0.9256 - recall: 0.9787
[1m121/125[0m [32m━━━━━━━━━━━━━━━━━━━[0m[37m━[0m [1m52s[0m 13s/step - accuracy: 0.9183 - dice_coeff: 0.9229 - iou_score: 0.9073 - loss: 0.2931 - precision: 0.9256 - recall: 0.9787 
[1m122/125[0m [32m━━━━━━━━━━━━━━━━━━━[0m[37m━[0m [1m39s[0m 13s/step - accuracy: 0.9183 - dice_coeff: 0.9229 - iou_score: 0.9074 - loss: 0.2931 - precision: 0.9256 - recall: 0.9787
[1m123/125[0m [32m━━━━━━━━━━━━━━━━━━━[0m[37m━[0m [1m26s[0m 13s/step - accuracy: 0.9183 - dice_coeff: 0.9229 - iou_score: 0.9074 - loss: 0.2930 - precision: 0.9256 - recall: 0.9787
[1m124/125[0m [32m━━━━━━━━━━━━━━━━━━━[0m[37m━[0m [1m13s[0m 13s/step - accuracy: 0.9183 - dice_coeff: 0.9229 - iou_score: 0.9074 - loss: 0.2930 - precision: 0.9256 - recall: 0.9787
[1m125/125[0m [32m━━━━━━━━━━━━━━━━━━━━[0m[37m[0m [1m0s[0m 13s/step - accuracy: 0.9183 - dice_coeff: 0.9229 - iou_score: 0.9074 - loss: 0.2930 - precision: 0.9257 - recall: 0.9787 
Epoch 9: val_dice_coeff improved from 0.90972 to 0.91651, saving model to D:\labdatanew@aniket\unet++\models\best_model.keras

Epoch 9: finished saving model to D:\labdatanew@aniket\unet++\models\best_model.keras

[1m125/125[0m [32m━━━━━━━━━━━━━━━━━━━━[0m[37m[0m [1m1784s[0m 14s/step - accuracy: 0.9193 - dice_coeff: 0.9239 - iou_score: 0.9087 - loss: 0.2895 - precision: 0.9268 - recall: 0.9790 - val_accuracy: 0.8848 - val_dice_coeff: 0.9165 - val_iou_score: 0.8729 - val_loss: 0.3992 - val_precision: 0.8757 - val_recall: 0.9963 - learning_rate: 5.0000e-05
Epoch 10/100

[1m  1/125[0m [37m━━━━━━━━━━━━━━━━━━━━[0m [1m28:56[0m 14s/step - accuracy: 0.9192 - dice_coeff: 0.9233 - iou_score: 0.9083 - loss: 0.2924 - precision: 0.9282 - recall: 0.9769
[1m  2/125[0m [37m━━━━━━━━━━━━━━━━━━━━[0m [1m26:58[0m 13s/step - accuracy: 0.9217 - dice_coeff: 0.9245 - iou_score: 0.9111 - loss: 0.2854 - precision: 0.9305 - recall: 0.9776
[1m  3/125[0m [37m━━━━━━━━━━━━━━━━━━━━[0m [1m27:01[0m 13s/step - accuracy: 0.9221 - dice_coeff: 0.9247 - iou_score: 0.9117 - loss: 0.2839 - precision: 0.9309 - recall: 0.9778
[1m  4/125[0m [37m━━━━━━━━━━━━━━━━━━━━[0m [1m26:45[0m 13s/step - accuracy: 0.9216 - dice_coeff: 0.9244 - iou_score: 0.9112 - loss: 0.2852 - precision: 0.9303 - recall: 0.9779
[1m  5/125[0m [37m━━━━━━━━━━━━━━━━━━━━[0m [1m26:21[0m 13s/step - accuracy: 0.9214 - dice_coeff: 0.9244 - iou_score: 0.9110 - loss: 0.2854 - precision: 0.9299 - recall: 0.9782
[1m  6/125[0m [37m━━━━━━━━━━━━━━━━━━━━[0m [1m26:11[0m 13s/step - accuracy: 0.9211 - dice_coeff: 0.9242 - iou_score: 0.9107 - loss: 0.2860 - precision: 0.9294 - recall: 0.9784
[1m  7/125[0m [32m━[0m[37m━━━━━━━━━━━━━━━━━━━[0m [1m25:56[0m 13s/step - accuracy: 0.9210 - dice_coeff: 0.9243 - iou_score: 0.9106 - loss: 0.2860 - precision: 0.9292 - recall: 0.9786
[1m  8/125[0m [32m━[0m[37m━━━━━━━━━━━━━━━━━━━[0m [1m25:41[0m 13s/step - accuracy: 0.9211 - dice_coeff: 0.9244 - iou_score: 0.9107 - loss: 0.2856 - precision: 0.9291 - recall: 0.9788
[1m  9/125[0m [32m━[0m[37m━━━━━━━━━━━━━━━━━━━[0m [1m25:30[0m 13s/step - accuracy: 0.9210 - dice_coeff: 0.9244 - iou_score: 0.9106 - loss: 0.2858 - precision: 0.9288 - recall: 0.9789
[1m 10/125[0m [32m━[0m[37m━━━━━━━━━━━━━━━━━━━[0m [1m25:16[0m 13s/step - accuracy: 0.9209 - dice_coeff: 0.9244 - iou_score: 0.9104 - loss: 0.2861 - precision: 0.9286 - recall: 0.9789
[1m 11/125[0m [32m━[0m[37m━━━━━━━━━━━━━━━━━━━[0m [1m25:04[0m 13s/step - accuracy: 0.9208 - dice_coeff: 0.9244 - iou_score: 0.9103 - loss: 0.2864 - precision: 0.9284 - recall: 0.9790
[1m 12/125[0m [32m━[0m[37m━━━━━━━━━━━━━━━━━━━[0m [1m24:51[0m 13s/step - accuracy: 0.9208 - dice_coeff: 0.9244 - iou_score: 0.9103 - loss: 0.2864 - precision: 0.9284 - recall: 0.9790
[1m 13/125[0m [32m━━[0m[37m━━━━━━━━━━━━━━━━━━[0m [1m24:38[0m 13s/step - accuracy: 0.9207 - dice_coeff: 0.9244 - iou_score: 0.9102 - loss: 0.2866 - precision: 0.9282 - recall: 0.9791
[1m 14/125[0m [32m━━[0m[37m━━━━━━━━━━━━━━━━━━[0m [1m24:26[0m 13s/step - accuracy: 0.9206 - dice_coeff: 0.9244 - iou_score: 0.9100 - loss: 0.2868 - precision: 0.9281 - recall: 0.9791
[1m 15/125[0m [32m━━[0m[37m━━━━━━━━━━━━━━━━━━[0m [1m24:15[0m 13s/step - accuracy: 0.9205 - dice_coeff: 0.9244 - iou_score: 0.9099 - loss: 0.2869 - precision: 0.9279 - recall: 0.9792
[1m 16/125[0m [32m━━[0m[37m━━━━━━━━━━━━━━━━━━[0m [1m24:01[0m 13s/step - accuracy: 0.9204 - dice_coeff: 0.9244 - iou_score: 0.9099 - loss: 0.2871 - precision: 0.9278 - recall: 0.9792
[1m 17/125[0m [32m━━[0m[37m━━━━━━━━━━━━━━━━━━[0m [1m23:49[0m 13s/step - accuracy: 0.9204 - dice_coeff: 0.9244 - iou_score: 0.9098 - loss: 0.2871 - precision: 0.9277 - recall: 0.9793
[1m 18/125[0m [32m━━[0m[37m━━━━━━━━━━━━━━━━━━[0m [1m23:37[0m 13s/step - accuracy: 0.9204 - dice_coeff: 0.9244 - iou_score: 0.9098 - loss: 0.2871 - precision: 0.9276 - recall: 0.9793
[1m 19/125[0m [32m━━━[0m[37m━━━━━━━━━━━━━━━━━[0m [1m23:24[0m 13s/step - accuracy: 0.9204 - dice_coeff: 0.9245 - iou_score: 0.9097 - loss: 0.2870 - precision: 0.9276 - recall: 0.9793
[1m 20/125[0m [32m━━━[0m[37m━━━━━━━━━━━━━━━━━[0m [1m23:11[0m 13s/step - accuracy: 0.9204 - dice_coeff: 0.9245 - iou_score: 0.9097 - loss: 0.2870 - precision: 0.9276 - recall: 0.9793
[1m 21/125[0m [32m━━━[0m[37m━━━━━━━━━━━━━━━━━[0m [1m22:59[0m 13s/step - accuracy: 0.9203 - dice_coeff: 0.9245 - iou_score: 0.9097 - loss: 0.2871 - precision: 0.9275 - recall: 0.9793
[1m 22/125[0m [32m━━━[0m[37m━━━━━━━━━━━━━━━━━[0m [1m22:46[0m 13s/step - accuracy: 0.9203 - dice_coeff: 0.9245 - iou_score: 0.9096 - loss: 0.2872 - precision: 0.9275 - recall: 0.9793
[1m 23/125[0m [32m━━━[0m[37m━━━━━━━━━━━━━━━━━[0m [1m22:34[0m 13s/step - accuracy: 0.9203 - dice_coeff: 0.9245 - iou_score: 0.9096 - loss: 0.2872 - precision: 0.9275 - recall: 0.9792
[1m 24/125[0m [32m━━━[0m[37m━━━━━━━━━━━━━━━━━[0m [1m22:22[0m 13s/step - accuracy: 0.9202 - dice_coeff: 0.9244 - iou_score: 0.9095 - loss: 0.2873 - precision: 0.9274 - recall: 0.9792
[1m 25/125[0m [32m━━━━[0m[37m━━━━━━━━━━━━━━━━[0m [1m22:08[0m 13s/step - accuracy: 0.9202 - dice_coeff: 0.9244 - iou_score: 0.9095 - loss: 0.2873 - precision: 0.9274 - recall: 0.9792
[1m 26/125[0m [32m━━━━[0m[37m━━━━━━━━━━━━━━━━[0m [1m21:54[0m 13s/step - accuracy: 0.9202 - dice_coeff: 0.9245 - iou_score: 0.9095 - loss: 0.2872 - precision: 0.9274 - recall: 0.9792
[1m 27/125[0m [32m━━━━[0m[37m━━━━━━━━━━━━━━━━[0m [1m21:41[0m 13s/step - accuracy: 0.9202 - dice_coeff: 0.9245 - iou_score: 0.9095 - loss: 0.2873 - precision: 0.9274 - recall: 0.9792
[1m 28/125[0m [32m━━━━[0m[37m━━━━━━━━━━━━━━━━[0m [1m21:27[0m 13s/step - accuracy: 0.9202 - dice_coeff: 0.9245 - iou_score: 0.9095 - loss: 0.2873 - precision: 0.9274 - recall: 0.9792
[1m 29/125[0m [32m━━━━[0m[37m━━━━━━━━━━━━━━━━[0m [1m21:14[0m 13s/step - accuracy: 0.9202 - dice_coeff: 0.9245 - iou_score: 0.9094 - loss: 0.2873 - precision: 0.9274 - recall: 0.9792
[1m 30/125[0m [32m━━━━[0m[37m━━━━━━━━━━━━━━━━[0m [1m21:00[0m 13s/step - accuracy: 0.9202 - dice_coeff: 0.9245 - iou_score: 0.9094 - loss: 0.2873 - precision: 0.9274 - recall: 0.9792
[1m 31/125[0m [32m━━━━[0m[37m━━━━━━━━━━━━━━━━[0m [1m20:47[0m 13s/step - accuracy: 0.9202 - dice_coeff: 0.9245 - iou_score: 0.9094 - loss: 0.2872 - precision: 0.9274 - recall: 0.9792
[1m 32/125[0m [32m━━━━━[0m[37m━━━━━━━━━━━━━━━[0m [1m20:34[0m 13s/step - accuracy: 0.9202 - dice_coeff: 0.9245 - iou_score: 0.9095 - loss: 0.2872 - precision: 0.9274 - recall: 0.9792
[1m 33/125[0m [32m━━━━━[0m[37m━━━━━━━━━━━━━━━[0m [1m20:21[0m 13s/step - accuracy: 0.9202 - dice_coeff: 0.9245 - iou_score: 0.9095 - loss: 0.2872 - precision: 0.9274 - recall: 0.9792
[1m 34/125[0m [32m━━━━━[0m[37m━━━━━━━━━━━━━━━[0m [1m20:08[0m 13s/step - accuracy: 0.9202 - dice_coeff: 0.9245 - iou_score: 0.9095 - loss: 0.2871 - precision: 0.9274 - recall: 0.9792
[1m 35/125[0m [32m━━━━━[0m[37m━━━━━━━━━━━━━━━[0m [1m19:54[0m 13s/step - accuracy: 0.9202 - dice_coeff: 0.9245 - iou_score: 0.9095 - loss: 0.2870 - precision: 0.9274 - recall: 0.9792
[1m 36/125[0m [32m━━━━━[0m[37m━━━━━━━━━━━━━━━[0m [1m19:41[0m 13s/step - accuracy: 0.9203 - dice_coeff: 0.9246 - iou_score: 0.9095 - loss: 0.2870 - precision: 0.9274 - recall: 0.9792
[1m 37/125[0m [32m━━━━━[0m[37m━━━━━━━━━━━━━━━[0m [1m19:28[0m 13s/step - accuracy: 0.9203 - dice_coeff: 0.9246 - iou_score: 0.9095 - loss: 0.2869 - precision: 0.9274 - recall: 0.9792
[1m 38/125[0m [32m━━━━━━[0m[37m━━━━━━━━━━━━━━[0m [1m19:14[0m 13s/step - accuracy: 0.9203 - dice_coeff: 0.9246 - iou_score: 0.9095 - loss: 0.2869 - precision: 0.9275 - recall: 0.9792
[1m 39/125[0m [32m━━━━━━[0m[37m━━━━━━━━━━━━━━[0m [1m19:01[0m 13s/step - accuracy: 0.9203 - dice_coeff: 0.9246 - iou_score: 0.9096 - loss: 0.2868 - precision: 0.9275 - recall: 0.9792
[1m 40/125[0m [32m━━━━━━[0m[37m━━━━━━━━━━━━━━[0m [1m18:48[0m 13s/step - accuracy: 0.9203 - dice_coeff: 0.9246 - iou_score: 0.9096 - loss: 0.2868 - precision: 0.9275 - recall: 0.9792
[1m 41/125[0m [32m━━━━━━[0m[37m━━━━━━━━━━━━━━[0m [1m18:34[0m 13s/step - accuracy: 0.9203 - dice_coeff: 0.9246 - iou_score: 0.9096 - loss: 0.2868 - precision: 0.9275 - recall: 0.9792
[1m 42/125[0m [32m━━━━━━[0m[37m━━━━━━━━━━━━━━[0m [1m18:21[0m 13s/step - accuracy: 0.9203 - dice_coeff: 0.9246 - iou_score: 0.9096 - loss: 0.2868 - precision: 0.9274 - recall: 0.9792
[1m 43/125[0m [32m━━━━━━[0m[37m━━━━━━━━━━━━━━[0m [1m18:08[0m 13s/step - accuracy: 0.9203 - dice_coeff: 0.9246 - iou_score: 0.9096 - loss: 0.2868 - precision: 0.9275 - recall: 0.9792
[1m 44/125[0m [32m━━━━━━━[0m[37m━━━━━━━━━━━━━[0m [1m17:54[0m 13s/step - accuracy: 0.9203 - dice_coeff: 0.9247 - iou_score: 0.9096 - loss: 0.2867 - precision: 0.9275 - recall: 0.9792
[1m 45/125[0m [32m━━━━━━━[0m[37m━━━━━━━━━━━━━[0m [1m17:41[0m 13s/step - accuracy: 0.9203 - dice_coeff: 0.9247 - iou_score: 0.9096 - loss: 0.2867 - precision: 0.9275 - recall: 0.9792
[1m 46/125[0m [32m━━━━━━━[0m[37m━━━━━━━━━━━━━[0m [1m17:28[0m 13s/step - accuracy: 0.9203 - dice_coeff: 0.9247 - iou_score: 0.9096 - loss: 0.2867 - precision: 0.9275 - recall: 0.9792
[1m 47/125[0m [32m━━━━━━━[0m[37m━━━━━━━━━━━━━[0m [1m17:15[0m 13s/step - accuracy: 0.9203 - dice_coeff: 0.9247 - iou_score: 0.9096 - loss: 0.2867 - precision: 0.9275 - recall: 0.9792
[1m 48/125[0m [32m━━━━━━━[0m[37m━━━━━━━━━━━━━[0m [1m17:02[0m 13s/step - accuracy: 0.9203 - dice_coeff: 0.9247 - iou_score: 0.9096 - loss: 0.2867 - precision: 0.9275 - recall: 0.9792
[1m 49/125[0m [32m━━━━━━━[0m[37m━━━━━━━━━━━━━[0m [1m16:48[0m 13s/step - accuracy: 0.9203 - dice_coeff: 0.9247 - iou_score: 0.9096 - loss: 0.2867 - precision: 0.9275 - recall: 0.9792
[1m 50/125[0m [32m━━━━━━━━[0m[37m━━━━━━━━━━━━[0m [1m16:35[0m 13s/step - accuracy: 0.9203 - dice_coeff: 0.9247 - iou_score: 0.9096 - loss: 0.2867 - precision: 0.9275 - recall: 0.9792
[1m 51/125[0m [32m━━━━━━━━[0m[37m━━━━━━━━━━━━[0m [1m16:22[0m 13s/step - accuracy: 0.9203 - dice_coeff: 0.9247 - iou_score: 0.9096 - loss: 0.2867 - precision: 0.9275 - recall: 0.9792
[1m 52/125[0m [32m━━━━━━━━[0m[37m━━━━━━━━━━━━[0m [1m16:08[0m 13s/step - accuracy: 0.9203 - dice_coeff: 0.9247 - iou_score: 0.9096 - loss: 0.2867 - precision: 0.9275 - recall: 0.9792
[1m 53/125[0m [32m━━━━━━━━[0m[37m━━━━━━━━━━━━[0m [1m15:55[0m 13s/step - accuracy: 0.9203 - dice_coeff: 0.9247 - iou_score: 0.9096 - loss: 0.2867 - precision: 0.9275 - recall: 0.9793
[1m 54/125[0m [32m━━━━━━━━[0m[37m━━━━━━━━━━━━[0m [1m15:42[0m 13s/step - accuracy: 0.9203 - dice_coeff: 0.9247 - iou_score: 0.9096 - loss: 0.2867 - precision: 0.9274 - recall: 0.9793
[1m 55/125[0m [32m━━━━━━━━[0m[37m━━━━━━━━━━━━[0m [1m15:28[0m 13s/step - accuracy: 0.9203 - dice_coeff: 0.9247 - iou_score: 0.9096 - loss: 0.2867 - precision: 0.9274 - recall: 0.9793
[1m 56/125[0m [32m━━━━━━━━[0m[37m━━━━━━━━━━━━[0m [1m15:15[0m 13s/step - accuracy: 0.9203 - dice_coeff: 0.9247 - iou_score: 0.9096 - loss: 0.2867 - precision: 0.9274 - recall: 0.9793
[1m 57/125[0m [32m━━━━━━━━━[0m[37m━━━━━━━━━━━[0m [1m15:01[0m 13s/step - accuracy: 0.9203 - dice_coeff: 0.9247 - iou_score: 0.9096 - loss: 0.2867 - precision: 0.9274 - recall: 0.9793
[1m 58/125[0m [32m━━━━━━━━━[0m[37m━━━━━━━━━━━[0m [1m14:48[0m 13s/step - accuracy: 0.9203 - dice_coeff: 0.9247 - iou_score: 0.9096 - loss: 0.2867 - precision: 0.9274 - recall: 0.9793
[1m 59/125[0m [32m━━━━━━━━━[0m[37m━━━━━━━━━━━[0m [1m14:35[0m 13s/step - accuracy: 0.9202 - dice_coeff: 0.9247 - iou_score: 0.9096 - loss: 0.2867 - precision: 0.9274 - recall: 0.9793
[1m 60/125[0m [32m━━━━━━━━━[0m[37m━━━━━━━━━━━[0m [1m14:21[0m 13s/step - accuracy: 0.9202 - dice_coeff: 0.9247 - iou_score: 0.9096 - loss: 0.2867 - precision: 0.9274 - recall: 0.9793
[1m 61/125[0m [32m━━━━━━━━━[0m[37m━━━━━━━━━━━[0m [1m14:08[0m 13s/step - accuracy: 0.9202 - dice_coeff: 0.9247 - iou_score: 0.9096 - loss: 0.2867 - precision: 0.9274 - recall: 0.9793
[1m 62/125[0m [32m━━━━━━━━━[0m[37m━━━━━━━━━━━[0m [1m13:54[0m 13s/step - accuracy: 0.9202 - dice_coeff: 0.9247 - iou_score: 0.9096 - loss: 0.2867 - precision: 0.9274 - recall: 0.9793
[1m 63/125[0m [32m━━━━━━━━━━[0m[37m━━━━━━━━━━[0m [1m13:41[0m 13s/step - accuracy: 0.9202 - dice_coeff: 0.9247 - iou_score: 0.9095 - loss: 0.2867 - precision: 0.9274 - recall: 0.9793
[1m 64/125[0m [32m━━━━━━━━━━[0m[37m━━━━━━━━━━[0m [1m13:27[0m 13s/step - accuracy: 0.9202 - dice_coeff: 0.9247 - iou_score: 0.9095 - loss: 0.2867 - precision: 0.9274 - recall: 0.9793
[1m 65/125[0m [32m━━━━━━━━━━[0m[37m━━━━━━━━━━[0m [1m13:14[0m 13s/step - accuracy: 0.9202 - dice_coeff: 0.9247 - iou_score: 0.9095 - loss: 0.2867 - precision: 0.9274 - recall: 0.9793
[1m 66/125[0m [32m━━━━━━━━━━[0m[37m━━━━━━━━━━[0m [1m13:01[0m 13s/step - accuracy: 0.9202 - dice_coeff: 0.9248 - iou_score: 0.9095 - loss: 0.2867 - precision: 0.9274 - recall: 0.9793
[1m 67/125[0m [32m━━━━━━━━━━[0m[37m━━━━━━━━━━[0m [1m12:48[0m 13s/step - accuracy: 0.9202 - dice_coeff: 0.9248 - iou_score: 0.9095 - loss: 0.2867 - precision: 0.9274 - recall: 0.9793
[1m 68/125[0m [32m━━━━━━━━━━[0m[37m━━━━━━━━━━[0m [1m12:35[0m 13s/step - accuracy: 0.9202 - dice_coeff: 0.9248 - iou_score: 0.9095 - loss: 0.2867 - precision: 0.9274 - recall: 0.9793
[1m 69/125[0m [32m━━━━━━━━━━━[0m[37m━━━━━━━━━[0m [1m12:22[0m 13s/step - accuracy: 0.9202 - dice_coeff: 0.9248 - iou_score: 0.9096 - loss: 0.2867 - precision: 0.9274 - recall: 0.9793
[1m 70/125[0m [32m━━━━━━━━━━━[0m[37m━━━━━━━━━[0m [1m12:09[0m 13s/step - accuracy: 0.9202 - dice_coeff: 0.9248 - iou_score: 0.9096 - loss: 0.2867 - precision: 0.9274 - recall: 0.9793
[1m 71/125[0m [32m━━━━━━━━━━━[0m[37m━━━━━━━━━[0m [1m11:56[0m 13s/step - accuracy: 0.9202 - dice_coeff: 0.9248 - iou_score: 0.9096 - loss: 0.2867 - precision: 0.9274 - recall: 0.9793
[1m 72/125[0m [32m━━━━━━━━━━━[0m[37m━━━━━━━━━[0m [1m11:43[0m 13s/step - accuracy: 0.9202 - dice_coeff: 0.9248 - iou_score: 0.9095 - loss: 0.2867 - precision: 0.9274 - recall: 0.9793
[1m 73/125[0m [32m━━━━━━━━━━━[0m[37m━━━━━━━━━[0m [1m11:30[0m 13s/step - accuracy: 0.9202 - dice_coeff: 0.9248 - iou_score: 0.9095 - loss: 0.2867 - precision: 0.9274 - recall: 0.9793
[1m 74/125[0m [32m━━━━━━━━━━━[0m[37m━━━━━━━━━[0m [1m11:17[0m 13s/step - accuracy: 0.9202 - dice_coeff: 0.9248 - iou_score: 0.9095 - loss: 0.2867 - precision: 0.9274 - recall: 0.9793
[1m 75/125[0m [32m━━━━━━━━━━━━[0m[37m━━━━━━━━[0m [1m11:04[0m 13s/step - accuracy: 0.9202 - dice_coeff: 0.9248 - iou_score: 0.9095 - loss: 0.2867 - precision: 0.9274 - recall: 0.9793
[1m 76/125[0m [32m━━━━━━━━━━━━[0m[37m━━━━━━━━[0m [1m10:47[0m 13s/step - accuracy: 0.9202 - dice_coeff: 0.9248 - iou_score: 0.9095 - loss: 0.2867 - precision: 0.9274 - recall: 0.9793
[1m 77/125[0m [32m━━━━━━━━━━━━[0m[37m━━━━━━━━[0m [1m10:33[0m 13s/step - accuracy: 0.9202 - dice_coeff: 0.9248 - iou_score: 0.9095 - loss: 0.2867 - precision: 0.9274 - recall: 0.9793
[1m 78/125[0m [32m━━━━━━━━━━━━[0m[37m━━━━━━━━[0m [1m10:20[0m 13s/step - accuracy: 0.9202 - dice_coeff: 0.9248 - iou_score: 0.9095 - loss: 0.2867 - precision: 0.9274 - recall: 0.9793
[1m 79/125[0m [32m━━━━━━━━━━━━[0m[37m━━━━━━━━[0m [1m10:07[0m 13s/step - accuracy: 0.9202 - dice_coeff: 0.9248 - iou_score: 0.9095 - loss: 0.2867 - precision: 0.9274 - recall: 0.9793
[1m 80/125[0m [32m━━━━━━━━━━━━[0m[37m━━━━━━━━[0m [1m9:54[0m 13s/step - accuracy: 0.9202 - dice_coeff: 0.9248 - iou_score: 0.9095 - loss: 0.2867 - precision: 0.9274 - recall: 0.9793 
[1m 81/125[0m [32m━━━━━━━━━━━━[0m[37m━━━━━━━━[0m [1m9:41[0m 13s/step - accuracy: 0.9202 - dice_coeff: 0.9248 - iou_score: 0.9095 - loss: 0.2867 - precision: 0.9274 - recall: 0.9793
[1m 82/125[0m [32m━━━━━━━━━━━━━[0m[37m━━━━━━━[0m [1m9:27[0m 13s/step - accuracy: 0.9202 - dice_coeff: 0.9248 - iou_score: 0.9095 - loss: 0.2867 - precision: 0.9274 - recall: 0.9793
[1m 83/125[0m [32m━━━━━━━━━━━━━[0m[37m━━━━━━━[0m [1m9:14[0m 13s/step - accuracy: 0.9202 - dice_coeff: 0.9248 - iou_score: 0.9095 - loss: 0.2867 - precision: 0.9274 - recall: 0.9793
[1m 84/125[0m [32m━━━━━━━━━━━━━[0m[37m━━━━━━━[0m [1m9:01[0m 13s/step - accuracy: 0.9201 - dice_coeff: 0.9248 - iou_score: 0.9095 - loss: 0.2867 - precision: 0.9274 - recall: 0.9793
[1m 85/125[0m [32m━━━━━━━━━━━━━[0m[37m━━━━━━━[0m [1m8:48[0m 13s/step - accuracy: 0.9201 - dice_coeff: 0.9248 - iou_score: 0.9095 - loss: 0.2867 - precision: 0.9274 - recall: 0.9793
[1m 86/125[0m [32m━━━━━━━━━━━━━[0m[37m━━━━━━━[0m [1m8:35[0m 13s/step - accuracy: 0.9201 - dice_coeff: 0.9248 - iou_score: 0.9095 - loss: 0.2867 - precision: 0.9273 - recall: 0.9793
[1m 87/125[0m [32m━━━━━━━━━━━━━[0m[37m━━━━━━━[0m [1m8:21[0m 13s/step - accuracy: 0.9201 - dice_coeff: 0.9248 - iou_score: 0.9095 - loss: 0.2867 - precision: 0.9273 - recall: 0.9793
[1m 88/125[0m [32m━━━━━━━━━━━━━━[0m[37m━━━━━━[0m [1m8:08[0m 13s/step - accuracy: 0.9201 - dice_coeff: 0.9248 - iou_score: 0.9095 - loss: 0.2867 - precision: 0.9273 - recall: 0.9793
[1m 89/125[0m [32m━━━━━━━━━━━━━━[0m[37m━━━━━━[0m [1m7:55[0m 13s/step - accuracy: 0.9201 - dice_coeff: 0.9248 - iou_score: 0.9095 - loss: 0.2867 - precision: 0.9273 - recall: 0.9793
[1m 90/125[0m [32m━━━━━━━━━━━━━━[0m[37m━━━━━━[0m [1m7:42[0m 13s/step - accuracy: 0.9201 - dice_coeff: 0.9248 - iou_score: 0.9095 - loss: 0.2867 - precision: 0.9273 - recall: 0.9793
[1m 91/125[0m [32m━━━━━━━━━━━━━━[0m[37m━━━━━━[0m [1m7:29[0m 13s/step - accuracy: 0.9201 - dice_coeff: 0.9248 - iou_score: 0.9095 - loss: 0.2868 - precision: 0.9273 - recall: 0.9793
[1m 92/125[0m [32m━━━━━━━━━━━━━━[0m[37m━━━━━━[0m [1m7:16[0m 13s/step - accuracy: 0.9201 - dice_coeff: 0.9248 - iou_score: 0.9095 - loss: 0.2868 - precision: 0.9273 - recall: 0.9793
[1m 93/125[0m [32m━━━━━━━━━━━━━━[0m[37m━━━━━━[0m [1m7:02[0m 13s/step - accuracy: 0.9201 - dice_coeff: 0.9248 - iou_score: 0.9095 - loss: 0.2868 - precision: 0.9273 - recall: 0.9793
[1m 94/125[0m [32m━━━━━━━━━━━━━━━[0m[37m━━━━━[0m [1m6:49[0m 13s/step - accuracy: 0.9201 - dice_coeff: 0.9248 - iou_score: 0.9095 - loss: 0.2868 - precision: 0.9273 - recall: 0.9793
[1m 95/125[0m [32m━━━━━━━━━━━━━━━[0m[37m━━━━━[0m [1m6:36[0m 13s/step - accuracy: 0.9201 - dice_coeff: 0.9248 - iou_score: 0.9095 - loss: 0.2868 - precision: 0.9273 - recall: 0.9793
[1m 96/125[0m [32m━━━━━━━━━━━━━━━[0m[37m━━━━━[0m [1m6:23[0m 13s/step - accuracy: 0.9201 - dice_coeff: 0.9248 - iou_score: 0.9095 - loss: 0.2867 - precision: 0.9273 - recall: 0.9793
[1m 97/125[0m [32m━━━━━━━━━━━━━━━[0m[37m━━━━━[0m [1m6:10[0m 13s/step - accuracy: 0.9201 - dice_coeff: 0.9248 - iou_score: 0.9095 - loss: 0.2867 - precision: 0.9273 - recall: 0.9793
[1m 98/125[0m [32m━━━━━━━━━━━━━━━[0m[37m━━━━━[0m [1m5:56[0m 13s/step - accuracy: 0.9201 - dice_coeff: 0.9248 - iou_score: 0.9095 - loss: 0.2867 - precision: 0.9273 - recall: 0.9793
[1m 99/125[0m [32m━━━━━━━━━━━━━━━[0m[37m━━━━━[0m [1m5:43[0m 13s/step - accuracy: 0.9201 - dice_coeff: 0.9248 - iou_score: 0.9095 - loss: 0.2867 - precision: 0.9273 - recall: 0.9793
[1m100/125[0m [32m━━━━━━━━━━━━━━━━[0m[37m━━━━[0m [1m5:30[0m 13s/step - accuracy: 0.9201 - dice_coeff: 0.9248 - iou_score: 0.9095 - loss: 0.2867 - precision: 0.9273 - recall: 0.9793
[1m101/125[0m [32m━━━━━━━━━━━━━━━━[0m[37m━━━━[0m [1m5:17[0m 13s/step - accuracy: 0.9201 - dice_coeff: 0.9248 - iou_score: 0.9095 - loss: 0.2867 - precision: 0.9273 - recall: 0.9793
[1m102/125[0m [32m━━━━━━━━━━━━━━━━[0m[37m━━━━[0m [1m5:04[0m 13s/step - accuracy: 0.9201 - dice_coeff: 0.9248 - iou_score: 0.9095 - loss: 0.2867 - precision: 0.9273 - recall: 0.9793
[1m103/125[0m [32m━━━━━━━━━━━━━━━━[0m[37m━━━━[0m [1m4:50[0m 13s/step - accuracy: 0.9201 - dice_coeff: 0.9248 - iou_score: 0.9095 - loss: 0.2867 - precision: 0.9273 - recall: 0.9793
[1m104/125[0m [32m━━━━━━━━━━━━━━━━[0m[37m━━━━[0m [1m4:37[0m 13s/step - accuracy: 0.9201 - dice_coeff: 0.9248 - iou_score: 0.9095 - loss: 0.2867 - precision: 0.9273 - recall: 0.9793
[1m105/125[0m [32m━━━━━━━━━━━━━━━━[0m[37m━━━━[0m [1m4:24[0m 13s/step - accuracy: 0.9201 - dice_coeff: 0.9248 - iou_score: 0.9095 - loss: 0.2867 - precision: 0.9273 - recall: 0.9793
[1m106/125[0m [32m━━━━━━━━━━━━━━━━[0m[37m━━━━[0m [1m4:11[0m 13s/step - accuracy: 0.9201 - dice_coeff: 0.9248 - iou_score: 0.9095 - loss: 0.2867 - precision: 0.9273 - recall: 0.9793
[1m107/125[0m [32m━━━━━━━━━━━━━━━━━[0m[37m━━━[0m [1m3:58[0m 13s/step - accuracy: 0.9201 - dice_coeff: 0.9248 - iou_score: 0.9095 - loss: 0.2867 - precision: 0.9273 - recall: 0.9793
[1m108/125[0m [32m━━━━━━━━━━━━━━━━━[0m[37m━━━[0m [1m3:44[0m 13s/step - accuracy: 0.9201 - dice_coeff: 0.9248 - iou_score: 0.9095 - loss: 0.2867 - precision: 0.9273 - recall: 0.9793
[1m109/125[0m [32m━━━━━━━━━━━━━━━━━[0m[37m━━━[0m [1m3:31[0m 13s/step - accuracy: 0.9201 - dice_coeff: 0.9248 - iou_score: 0.9095 - loss: 0.2867 - precision: 0.9273 - recall: 0.9793
[1m110/125[0m [32m━━━━━━━━━━━━━━━━━[0m[37m━━━[0m [1m3:18[0m 13s/step - accuracy: 0.9201 - dice_coeff: 0.9248 - iou_score: 0.9095 - loss: 0.2867 - precision: 0.9273 - recall: 0.9793
[1m111/125[0m [32m━━━━━━━━━━━━━━━━━[0m[37m━━━[0m [1m3:05[0m 13s/step - accuracy: 0.9201 - dice_coeff: 0.9248 - iou_score: 0.9095 - loss: 0.2867 - precision: 0.9273 - recall: 0.9793
[1m112/125[0m [32m━━━━━━━━━━━━━━━━━[0m[37m━━━[0m [1m2:52[0m 13s/step - accuracy: 0.9201 - dice_coeff: 0.9248 - iou_score: 0.9095 - loss: 0.2867 - precision: 0.9273 - recall: 0.9793
[1m113/125[0m [32m━━━━━━━━━━━━━━━━━━[0m[37m━━[0m [1m20:07[0m 101s/step - accuracy: 0.9201 - dice_coeff: 0.9248 - iou_score: 0.9095 - loss: 0.2867 - precision: 0.9273 - recall: 0.9793
[1m114/125[0m [32m━━━━━━━━━━━━━━━━━━[0m[37m━━[0m [1m23:29[0m 128s/step - accuracy: 0.9201 - dice_coeff: 0.9248 - iou_score: 0.9095 - loss: 0.2867 - precision: 0.9273 - recall: 0.9793
[1m115/125[0m [32m━━━━━━━━━━━━━━━━━━[0m[37m━━[0m [1m21:11[0m 127s/step - accuracy: 0.9201 - dice_coeff: 0.9248 - iou_score: 0.9095 - loss: 0.2867 - precision: 0.9273 - recall: 0.9793
[1m116/125[0m [32m━━━━━━━━━━━━━━━━━━[0m[37m━━[0m [1m18:55[0m 126s/step - accuracy: 0.9201 - dice_coeff: 0.9248 - iou_score: 0.9095 - loss: 0.2867 - precision: 0.9273 - recall: 0.9793
[1m117/125[0m [32m━━━━━━━━━━━━━━━━━━[0m[37m━━[0m [1m16:41[0m 125s/step - accuracy: 0.9201 - dice_coeff: 0.9248 - iou_score: 0.9095 - loss: 0.2867 - precision: 0.9273 - recall: 0.9793
[1m118/125[0m [32m━━━━━━━━━━━━━━━━━━[0m[37m━━[0m [1m14:30[0m 124s/step - accuracy: 0.9201 - dice_coeff: 0.9248 - iou_score: 0.9095 - loss: 0.2867 - precision: 0.9273 - recall: 0.9793
[1m119/125[0m [32m━━━━━━━━━━━━━━━━━━━[0m[37m━[0m [1m12:20[0m 123s/step - accuracy: 0.9201 - dice_coeff: 0.9248 - iou_score: 0.9095 - loss: 0.2867 - precision: 0.9273 - recall: 0.9793
[1m120/125[0m [32m━━━━━━━━━━━━━━━━━━━[0m[37m━[0m [1m10:12[0m 123s/step - accuracy: 0.9201 - dice_coeff: 0.9248 - iou_score: 0.9095 - loss: 0.2867 - precision: 0.9273 - recall: 0.9793
[1m121/125[0m [32m━━━━━━━━━━━━━━━━━━━[0m[37m━[0m [1m8:06[0m 122s/step - accuracy: 0.9201 - dice_coeff: 0.9248 - iou_score: 0.9095 - loss: 0.2866 - precision: 0.9273 - recall: 0.9793 
[1m122/125[0m [32m━━━━━━━━━━━━━━━━━━━[0m[37m━[0m [1m6:02[0m 121s/step - accuracy: 0.9201 - dice_coeff: 0.9248 - iou_score: 0.9095 - loss: 0.2866 - precision: 0.9273 - recall: 0.9793
[1m123/125[0m [32m━━━━━━━━━━━━━━━━━━━[0m[37m━[0m [1m3:59[0m 120s/step - accuracy: 0.9201 - dice_coeff: 0.9248 - iou_score: 0.9095 - loss: 0.2866 - precision: 0.9273 - recall: 0.9793
[1m124/125[0m [32m━━━━━━━━━━━━━━━━━━━[0m[37m━[0m [1m1:59[0m 119s/step - accuracy: 0.9201 - dice_coeff: 0.9248 - iou_score: 0.9095 - loss: 0.2866 - precision: 0.9273 - recall: 0.9793
[1m125/125[0m [32m━━━━━━━━━━━━━━━━━━━━[0m[37m[0m [1m0s[0m 118s/step - accuracy: 0.9201 - dice_coeff: 0.9248 - iou_score: 0.9095 - loss: 0.2866 - precision: 0.9273 - recall: 0.9793  
Epoch 10: val_dice_coeff improved from 0.91651 to 0.91869, saving model to D:\labdatanew@aniket\unet++\models\best_model.keras

Epoch 10: finished saving model to D:\labdatanew@aniket\unet++\models\best_model.keras

[1m125/125[0m [32m━━━━━━━━━━━━━━━━━━━━[0m[37m[0m [1m14851s[0m 120s/step - accuracy: 0.9202 - dice_coeff: 0.9251 - iou_score: 0.9096 - loss: 0.2859 - precision: 0.9274 - recall: 0.9794 - val_accuracy: 0.8979 - val_dice_coeff: 0.9187 - val_iou_score: 0.8850 - val_loss: 0.3517 - val_precision: 0.8939 - val_recall: 0.9889 - learning_rate: 5.0000e-05
Epoch 11/100

[1m  1/125[0m [37m━━━━━━━━━━━━━━━━━━━━[0m [1m1:01:11[0m 30s/step - accuracy: 0.9304 - dice_coeff: 0.9324 - iou_score: 0.9214 - loss: 0.2572 - precision: 0.9382 - recall: 0.9810
[1m  2/125[0m [37m━━━━━━━━━━━━━━━━━━━━[0m [1m59:42[0m 29s/step - accuracy: 0.9289 - dice_coeff: 0.9316 - iou_score: 0.9195 - loss: 0.2608 - precision: 0.9353 - recall: 0.9820  
[1m  3/125[0m [37m━━━━━━━━━━━━━━━━━━━━[0m [1m59:02[0m 29s/step - accuracy: 0.9282 - dice_coeff: 0.9310 - iou_score: 0.9188 - loss: 0.2627 - precision: 0.9348 - recall: 0.9817
[1m  4/125[0m [37m━━━━━━━━━━━━━━━━━━━━[0m [1m58:28[0m 29s/step - accuracy: 0.9277 - dice_coeff: 0.9306 - iou_score: 0.9183 - loss: 0.2642 - precision: 0.9344 - recall: 0.9816
[1m  5/125[0m [37m━━━━━━━━━━━━━━━━━━━━[0m [1m58:01[0m 29s/step - accuracy: 0.9272 - dice_coeff: 0.9302 - iou_score: 0.9177 - loss: 0.2657 - precision: 0.9338 - recall: 0.9816
[1m  6/125[0m [37m━━━━━━━━━━━━━━━━━━━━[0m [1m57:29[0m 29s/step - accuracy: 0.9267 - dice_coeff: 0.9300 - iou_score: 0.9173 - loss: 0.2668 - precision: 0.9334 - recall: 0.9816
[1m  7/125[0m [32m━[0m[37m━━━━━━━━━━━━━━━━━━━[0m [1m56:57[0m 29s/step - accuracy: 0.9262 - dice_coeff: 0.9297 - iou_score: 0.9167 - loss: 0.2682 - precision: 0.9328 - recall: 0.9815
[1m  8/125[0m [32m━[0m[37m━━━━━━━━━━━━━━━━━━━[0m [1m56:27[0m 29s/step - accuracy: 0.9257 - dice_coeff: 0.9294 - iou_score: 0.9162 - loss: 0.2694 - precision: 0.9323 - recall: 0.9815
[1m  9/125[0m [32m━[0m[37m━━━━━━━━━━━━━━━━━━━[0m [1m55:56[0m 29s/step - accuracy: 0.9255 - dice_coeff: 0.9293 - iou_score: 0.9159 - loss: 0.2699 - precision: 0.9321 - recall: 0.9814
[1m 10/125[0m [32m━[0m[37m━━━━━━━━━━━━━━━━━━━[0m [1m55:29[0m 29s/step - accuracy: 0.9254 - dice_coeff: 0.9292 - iou_score: 0.9158 - loss: 0.2700 - precision: 0.9321 - recall: 0.9813
[1m 11/125[0m [32m━[0m[37m━━━━━━━━━━━━━━━━━━━[0m [1m55:03[0m 29s/step - accuracy: 0.9253 - dice_coeff: 0.9292 - iou_score: 0.9157 - loss: 0.2702 - precision: 0.9321 - recall: 0.9811
[1m 12/125[0m [32m━[0m[37m━━━━━━━━━━━━━━━━━━━[0m [1m54:37[0m 29s/step - accuracy: 0.9252 - dice_coeff: 0.9291 - iou_score: 0.9155 - loss: 0.2706 - precision: 0.9321 - recall: 0.9810
[1m 13/125[0m [32m━━[0m[37m━━━━━━━━━━━━━━━━━━[0m [1m54:06[0m 29s/step - accuracy: 0.9251 - dice_coeff: 0.9290 - iou_score: 0.9155 - loss: 0.2708 - precision: 0.9321 - recall: 0.9809
[1m 14/125[0m [32m━━[0m[37m━━━━━━━━━━━━━━━━━━[0m [1m53:35[0m 29s/step - accuracy: 0.9250 - dice_coeff: 0.9289 - iou_score: 0.9153 - loss: 0.2711 - precision: 0.9320 - recall: 0.9808
[1m 15/125[0m [32m━━[0m[37m━━━━━━━━━━━━━━━━━━[0m [1m53:07[0m 29s/step - accuracy: 0.9248 - dice_coeff: 0.9288 - iou_score: 0.9151 - loss: 0.2716 - precision: 0.9319 - recall: 0.9808
[1m 16/125[0m [32m━━[0m[37m━━━━━━━━━━━━━━━━━━[0m [1m52:36[0m 29s/step - accuracy: 0.9247 - dice_coeff: 0.9288 - iou_score: 0.9149 - loss: 0.2720 - precision: 0.9317 - recall: 0.9807
[1m 17/125[0m [32m━━[0m[37m━━━━━━━━━━━━━━━━━━[0m [1m52:08[0m 29s/step - accuracy: 0.9246 - dice_coeff: 0.9287 - iou_score: 0.9148 - loss: 0.2723 - precision: 0.9317 - recall: 0.9807
[1m 18/125[0m [32m━━[0m[37m━━━━━━━━━━━━━━━━━━[0m [1m51:39[0m 29s/step - accuracy: 0.9245 - dice_coeff: 0.9287 - iou_score: 0.9147 - loss: 0.2725 - precision: 0.9316 - recall: 0.9806
[1m 19/125[0m [32m━━━[0m[37m━━━━━━━━━━━━━━━━━[0m [1m51:10[0m 29s/step - accuracy: 0.9244 - dice_coeff: 0.9286 - iou_score: 0.9146 - loss: 0.2727 - precision: 0.9316 - recall: 0.9806
[1m 20/125[0m [32m━━━[0m[37m━━━━━━━━━━━━━━━━━[0m [1m50:39[0m 29s/step - accuracy: 0.9244 - dice_coeff: 0.9286 - iou_score: 0.9146 - loss: 0.2728 - precision: 0.9315 - recall: 0.9805
[1m 21/125[0m [32m━━━[0m[37m━━━━━━━━━━━━━━━━━[0m [1m50:11[0m 29s/step - accuracy: 0.9243 - dice_coeff: 0.9286 - iou_score: 0.9145 - loss: 0.2730 - precision: 0.9315 - recall: 0.9805
[1m 22/125[0m [32m━━━[0m[37m━━━━━━━━━━━━━━━━━[0m [1m49:44[0m 29s/step - accuracy: 0.9243 - dice_coeff: 0.9286 - iou_score: 0.9145 - loss: 0.2731 - precision: 0.9314 - recall: 0.9805
[1m 23/125[0m [32m━━━[0m[37m━━━━━━━━━━━━━━━━━[0m [1m49:15[0m 29s/step - accuracy: 0.9242 - dice_coeff: 0.9285 - iou_score: 0.9144 - loss: 0.2733 - precision: 0.9313 - recall: 0.9805
[1m 24/125[0m [32m━━━[0m[37m━━━━━━━━━━━━━━━━━[0m [1m48:48[0m 29s/step - accuracy: 0.9241 - dice_coeff: 0.9285 - iou_score: 0.9143 - loss: 0.2735 - precision: 0.9312 - recall: 0.9805
[1m 25/125[0m [32m━━━━[0m[37m━━━━━━━━━━━━━━━━[0m [1m48:20[0m 29s/step - accuracy: 0.9241 - dice_coeff: 0.9284 - iou_score: 0.9142 - loss: 0.2737 - precision: 0.9312 - recall: 0.9805
[1m 26/125[0m [32m━━━━[0m[37m━━━━━━━━━━━━━━━━[0m [1m47:50[0m 29s/step - accuracy: 0.9240 - dice_coeff: 0.9284 - iou_score: 0.9141 - loss: 0.2739 - precision: 0.9311 - recall: 0.9805
[1m 27/125[0m [32m━━━━[0m[37m━━━━━━━━━━━━━━━━[0m [1m47:21[0m 29s/step - accuracy: 0.9239 - dice_coeff: 0.9284 - iou_score: 0.9140 - loss: 0.2741 - precision: 0.9310 - recall: 0.9805
[1m 28/125[0m [32m━━━━[0m[37m━━━━━━━━━━━━━━━━[0m [1m46:53[0m 29s/step - accuracy: 0.9238 - dice_coeff: 0.9283 - iou_score: 0.9139 - loss: 0.2743 - precision: 0.9309 - recall: 0.9804
[1m 29/125[0m [32m━━━━[0m[37m━━━━━━━━━━━━━━━━[0m [1m46:23[0m 29s/step - accuracy: 0.9238 - dice_coeff: 0.9283 - iou_score: 0.9139 - loss: 0.2744 - precision: 0.9309 - recall: 0.9804
[1m 30/125[0m [32m━━━━[0m[37m━━━━━━━━━━━━━━━━[0m [1m45:53[0m 29s/step - accuracy: 0.9237 - dice_coeff: 0.9282 - iou_score: 0.9138 - loss: 0.2746 - precision: 0.9308 - recall: 0.9804
[1m 31/125[0m [32m━━━━[0m[37m━━━━━━━━━━━━━━━━[0m [1m45:24[0m 29s/step - accuracy: 0.9237 - dice_coeff: 0.9282 - iou_score: 0.9137 - loss: 0.2747 - precision: 0.9308 - recall: 0.9804
[1m 32/125[0m [32m━━━━━[0m[37m━━━━━━━━━━━━━━━[0m [1m44:56[0m 29s/step - accuracy: 0.9236 - dice_coeff: 0.9282 - iou_score: 0.9137 - loss: 0.2749 - precision: 0.9307 - recall: 0.9804
[1m 33/125[0m [32m━━━━━[0m[37m━━━━━━━━━━━━━━━[0m [1m44:26[0m 29s/step - accuracy: 0.9236 - dice_coeff: 0.9281 - iou_score: 0.9136 - loss: 0.2750 - precision: 0.9307 - recall: 0.9804
[1m 34/125[0m [32m━━━━━[0m[37m━━━━━━━━━━━━━━━[0m [1m43:57[0m 29s/step - accuracy: 0.9235 - dice_coeff: 0.9281 - iou_score: 0.9135 - loss: 0.2752 - precision: 0.9306 - recall: 0.9803
[1m 35/125[0m [32m━━━━━[0m[37m━━━━━━━━━━━━━━━[0m [1m43:29[0m 29s/step - accuracy: 0.9235 - dice_coeff: 0.9280 - iou_score: 0.9135 - loss: 0.2753 - precision: 0.9306 - recall: 0.9803
[1m 36/125[0m [32m━━━━━[0m[37m━━━━━━━━━━━━━━━[0m [1m43:00[0m 29s/step - accuracy: 0.9235 - dice_coeff: 0.9280 - iou_score: 0.9134 - loss: 0.2754 - precision: 0.9305 - recall: 0.9803
[1m 37/125[0m [32m━━━━━[0m[37m━━━━━━━━━━━━━━━[0m [1m42:31[0m 29s/step - accuracy: 0.9234 - dice_coeff: 0.9280 - iou_score: 0.9134 - loss: 0.2755 - precision: 0.9305 - recall: 0.9803
[1m 38/125[0m [32m━━━━━━[0m[37m━━━━━━━━━━━━━━[0m [1m42:02[0m 29s/step - accuracy: 0.9234 - dice_coeff: 0.9279 - iou_score: 0.9133 - loss: 0.2757 - precision: 0.9305 - recall: 0.9803
[1m 39/125[0m [32m━━━━━━[0m[37m━━━━━━━━━━━━━━[0m [1m41:32[0m 29s/step - accuracy: 0.9233 - dice_coeff: 0.9279 - iou_score: 0.9133 - loss: 0.2758 - precision: 0.9304 - recall: 0.9803
[1m 40/125[0m [32m━━━━━━[0m[37m━━━━━━━━━━━━━━[0m [1m41:03[0m 29s/step - accuracy: 0.9233 - dice_coeff: 0.9279 - iou_score: 0.9132 - loss: 0.2760 - precision: 0.9304 - recall: 0.9802
[1m 41/125[0m [32m━━━━━━[0m[37m━━━━━━━━━━━━━━[0m [1m40:35[0m 29s/step - accuracy: 0.9232 - dice_coeff: 0.9278 - iou_score: 0.9131 - loss: 0.2761 - precision: 0.9303 - recall: 0.9802
[1m 42/125[0m [32m━━━━━━[0m[37m━━━━━━━━━━━━━━[0m [1m40:05[0m 29s/step - accuracy: 0.9232 - dice_coeff: 0.9278 - iou_score: 0.9131 - loss: 0.2763 - precision: 0.9303 - recall: 0.9802
[1m 43/125[0m [32m━━━━━━[0m[37m━━━━━━━━━━━━━━[0m [1m39:37[0m 29s/step - accuracy: 0.9231 - dice_coeff: 0.9278 - iou_score: 0.9130 - loss: 0.2764 - precision: 0.9302 - recall: 0.9802
[1m 44/125[0m [32m━━━━━━━[0m[37m━━━━━━━━━━━━━[0m [1m38:57[0m 29s/step - accuracy: 0.9231 - dice_coeff: 0.9277 - iou_score: 0.9130 - loss: 0.2765 - precision: 0.9302 - recall: 0.9802
[1m 45/125[0m [32m━━━━━━━[0m[37m━━━━━━━━━━━━━[0m [1m38:08[0m 29s/step - accuracy: 0.9231 - dice_coeff: 0.9277 - iou_score: 0.9130 - loss: 0.2765 - precision: 0.9302 - recall: 0.9802
[1m 46/125[0m [32m━━━━━━━[0m[37m━━━━━━━━━━━━━[0m [1m37:18[0m 28s/step - accuracy: 0.9231 - dice_coeff: 0.9277 - iou_score: 0.9129 - loss: 0.2766 - precision: 0.9301 - recall: 0.9802
[1m 47/125[0m [32m━━━━━━━[0m[37m━━━━━━━━━━━━━[0m [1m36:30[0m 28s/step - accuracy: 0.9230 - dice_coeff: 0.9277 - iou_score: 0.9129 - loss: 0.2767 - precision: 0.9301 - recall: 0.9802
[1m 48/125[0m [32m━━━━━━━[0m[37m━━━━━━━━━━━━━[0m [1m35:43[0m 28s/step - accuracy: 0.9230 - dice_coeff: 0.9277 - iou_score: 0.9129 - loss: 0.2767 - precision: 0.9301 - recall: 0.9802
[1m 49/125[0m [32m━━━━━━━[0m[37m━━━━━━━━━━━━━[0m [1m34:58[0m 28s/step - accuracy: 0.9230 - dice_coeff: 0.9276 - iou_score: 0.9128 - loss: 0.2768 - precision: 0.9301 - recall: 0.9802
[1m 50/125[0m [32m━━━━━━━━[0m[37m━━━━━━━━━━━━[0m [1m34:14[0m 27s/step - accuracy: 0.9230 - dice_coeff: 0.9276 - iou_score: 0.9128 - loss: 0.2769 - precision: 0.9300 - recall: 0.9802
[1m 51/125[0m [32m━━━━━━━━[0m[37m━━━━━━━━━━━━[0m [1m33:30[0m 27s/step - accuracy: 0.9230 - dice_coeff: 0.9276 - iou_score: 0.9128 - loss: 0.2769 - precision: 0.9300 - recall: 0.9802
[1m 52/125[0m [32m━━━━━━━━[0m[37m━━━━━━━━━━━━[0m [1m32:48[0m 27s/step - accuracy: 0.9229 - dice_coeff: 0.9276 - iou_score: 0.9128 - loss: 0.2770 - precision: 0.9300 - recall: 0.9802
[1m 53/125[0m [32m━━━━━━━━[0m[37m━━━━━━━━━━━━[0m [1m32:07[0m 27s/step - accuracy: 0.9229 - dice_coeff: 0.9276 - iou_score: 0.9128 - loss: 0.2770 - precision: 0.9300 - recall: 0.9802
[1m 54/125[0m [32m━━━━━━━━[0m[37m━━━━━━━━━━━━[0m [1m31:27[0m 27s/step - accuracy: 0.9229 - dice_coeff: 0.9276 - iou_score: 0.9127 - loss: 0.2770 - precision: 0.9300 - recall: 0.9801
[1m 55/125[0m [32m━━━━━━━━[0m[37m━━━━━━━━━━━━[0m [1m30:47[0m 26s/step - accuracy: 0.9229 - dice_coeff: 0.9275 - iou_score: 0.9127 - loss: 0.2771 - precision: 0.9299 - recall: 0.9801
[1m 56/125[0m [32m━━━━━━━━[0m[37m━━━━━━━━━━━━[0m [1m30:09[0m 26s/step - accuracy: 0.9229 - dice_coeff: 0.9275 - iou_score: 0.9127 - loss: 0.2771 - precision: 0.9299 - recall: 0.9801
[1m 57/125[0m [32m━━━━━━━━━[0m[37m━━━━━━━━━━━[0m [1m29:31[0m 26s/step - accuracy: 0.9229 - dice_coeff: 0.9275 - iou_score: 0.9127 - loss: 0.2772 - precision: 0.9299 - recall: 0.9801
[1m 58/125[0m [32m━━━━━━━━━[0m[37m━━━━━━━━━━━[0m [1m28:54[0m 26s/step - accuracy: 0.9229 - dice_coeff: 0.9275 - iou_score: 0.9126 - loss: 0.2772 - precision: 0.9299 - recall: 0.9801
[1m 59/125[0m [32m━━━━━━━━━[0m[37m━━━━━━━━━━━[0m [1m28:31[0m 26s/step - accuracy: 0.9228 - dice_coeff: 0.9275 - iou_score: 0.9126 - loss: 0.2773 - precision: 0.9299 - recall: 0.9801
[1m 60/125[0m [32m━━━━━━━━━[0m[37m━━━━━━━━━━━[0m [1m28:10[0m 26s/step - accuracy: 0.9228 - dice_coeff: 0.9275 - iou_score: 0.9126 - loss: 0.2774 - precision: 0.9299 - recall: 0.9801
[1m 61/125[0m [32m━━━━━━━━━[0m[37m━━━━━━━━━━━[0m [1m27:47[0m 26s/step - accuracy: 0.9228 - dice_coeff: 0.9274 - iou_score: 0.9125 - loss: 0.2774 - precision: 0.9298 - recall: 0.9801
[1m 62/125[0m [32m━━━━━━━━━[0m[37m━━━━━━━━━━━[0m [1m27:25[0m 26s/step - accuracy: 0.9227 - dice_coeff: 0.9274 - iou_score: 0.9125 - loss: 0.2775 - precision: 0.9298 - recall: 0.9801
[1m 63/125[0m [32m━━━━━━━━━━[0m[37m━━━━━━━━━━[0m [1m26:52[0m 26s/step - accuracy: 0.9227 - dice_coeff: 0.9274 - iou_score: 0.9125 - loss: 0.2776 - precision: 0.9298 - recall: 0.9801
[1m 64/125[0m [32m━━━━━━━━━━[0m[37m━━━━━━━━━━[0m [1m26:17[0m 26s/step - accuracy: 0.9227 - dice_coeff: 0.9274 - iou_score: 0.9124 - loss: 0.2777 - precision: 0.9297 - recall: 0.9800
[1m 65/125[0m [32m━━━━━━━━━━[0m[37m━━━━━━━━━━[0m [1m25:43[0m 26s/step - accuracy: 0.9227 - dice_coeff: 0.9273 - iou_score: 0.9124 - loss: 0.2778 - precision: 0.9297 - recall: 0.9800
[1m 66/125[0m [32m━━━━━━━━━━[0m[37m━━━━━━━━━━[0m [1m25:09[0m 26s/step - accuracy: 0.9226 - dice_coeff: 0.9273 - iou_score: 0.9124 - loss: 0.2778 - precision: 0.9297 - recall: 0.9800
[1m 67/125[0m [32m━━━━━━━━━━[0m[37m━━━━━━━━━━[0m [1m24:36[0m 25s/step - accuracy: 0.9226 - dice_coeff: 0.9273 - iou_score: 0.9123 - loss: 0.2779 - precision: 0.9297 - recall: 0.9800
[1m 68/125[0m [32m━━━━━━━━━━[0m[37m━━━━━━━━━━[0m [1m24:04[0m 25s/step - accuracy: 0.9226 - dice_coeff: 0.9273 - iou_score: 0.9123 - loss: 0.2780 - precision: 0.9296 - recall: 0.9800
[1m 69/125[0m [32m━━━━━━━━━━━[0m[37m━━━━━━━━━[0m [1m23:32[0m 25s/step - accuracy: 0.9226 - dice_coeff: 0.9273 - iou_score: 0.9123 - loss: 0.2780 - precision: 0.9296 - recall: 0.9800
[1m 70/125[0m [32m━━━━━━━━━━━[0m[37m━━━━━━━━━[0m [1m23:01[0m 25s/step - accuracy: 0.9226 - dice_coeff: 0.9273 - iou_score: 0.9123 - loss: 0.2781 - precision: 0.9296 - recall: 0.9800
[1m 71/125[0m [32m━━━━━━━━━━━[0m[37m━━━━━━━━━[0m [1m22:30[0m 25s/step - accuracy: 0.9225 - dice_coeff: 0.9272 - iou_score: 0.9123 - loss: 0.2781 - precision: 0.9296 - recall: 0.9800
[1m 72/125[0m [32m━━━━━━━━━━━[0m[37m━━━━━━━━━[0m [1m21:59[0m 25s/step - accuracy: 0.9225 - dice_coeff: 0.9272 - iou_score: 0.9122 - loss: 0.2782 - precision: 0.9296 - recall: 0.9800
[1m 73/125[0m [32m━━━━━━━━━━━[0m[37m━━━━━━━━━[0m [1m21:29[0m 25s/step - accuracy: 0.9225 - dice_coeff: 0.9272 - iou_score: 0.9122 - loss: 0.2782 - precision: 0.9296 - recall: 0.9800
[1m 74/125[0m [32m━━━━━━━━━━━[0m[37m━━━━━━━━━[0m [1m21:00[0m 25s/step - accuracy: 0.9225 - dice_coeff: 0.9272 - iou_score: 0.9122 - loss: 0.2783 - precision: 0.9295 - recall: 0.9800
[1m 75/125[0m [32m━━━━━━━━━━━━[0m[37m━━━━━━━━[0m [1m20:30[0m 25s/step - accuracy: 0.9225 - dice_coeff: 0.9272 - iou_score: 0.9122 - loss: 0.2783 - precision: 0.9295 - recall: 0.9800
[1m 76/125[0m [32m━━━━━━━━━━━━[0m[37m━━━━━━━━[0m [1m20:00[0m 24s/step - accuracy: 0.9225 - dice_coeff: 0.9272 - iou_score: 0.9122 - loss: 0.2783 - precision: 0.9295 - recall: 0.9800
[1m 77/125[0m [32m━━━━━━━━━━━━[0m[37m━━━━━━━━[0m [1m19:30[0m 24s/step - accuracy: 0.9225 - dice_coeff: 0.9272 - iou_score: 0.9121 - loss: 0.2784 - precision: 0.9295 - recall: 0.9800
[1m 78/125[0m [32m━━━━━━━━━━━━[0m[37m━━━━━━━━[0m [1m19:02[0m 24s/step - accuracy: 0.9224 - dice_coeff: 0.9272 - iou_score: 0.9121 - loss: 0.2784 - precision: 0.9295 - recall: 0.9800
[1m 79/125[0m [32m━━━━━━━━━━━━[0m[37m━━━━━━━━[0m [1m18:34[0m 24s/step - accuracy: 0.9224 - dice_coeff: 0.9271 - iou_score: 0.9121 - loss: 0.2785 - precision: 0.9295 - recall: 0.9800
[1m 80/125[0m [32m━━━━━━━━━━━━[0m[37m━━━━━━━━[0m [1m18:06[0m 24s/step - accuracy: 0.9224 - dice_coeff: 0.9271 - iou_score: 0.9121 - loss: 0.2785 - precision: 0.9295 - recall: 0.9800
[1m 81/125[0m [32m━━━━━━━━━━━━[0m[37m━━━━━━━━[0m [1m17:37[0m 24s/step - accuracy: 0.9224 - dice_coeff: 0.9271 - iou_score: 0.9121 - loss: 0.2785 - precision: 0.9294 - recall: 0.9800
[1m 82/125[0m [32m━━━━━━━━━━━━━[0m[37m━━━━━━━[0m [1m17:09[0m 24s/step - accuracy: 0.9224 - dice_coeff: 0.9271 - iou_score: 0.9121 - loss: 0.2786 - precision: 0.9294 - recall: 0.9799
[1m 83/125[0m [32m━━━━━━━━━━━━━[0m[37m━━━━━━━[0m [1m16:42[0m 24s/step - accuracy: 0.9224 - dice_coeff: 0.9271 - iou_score: 0.9120 - loss: 0.2786 - precision: 0.9294 - recall: 0.9799
[1m 84/125[0m [32m━━━━━━━━━━━━━[0m[37m━━━━━━━[0m [1m16:15[0m 24s/step - accuracy: 0.9224 - dice_coeff: 0.9271 - iou_score: 0.9120 - loss: 0.2787 - precision: 0.9294 - recall: 0.9799
[1m 85/125[0m [32m━━━━━━━━━━━━━[0m[37m━━━━━━━[0m [1m15:47[0m 24s/step - accuracy: 0.9223 - dice_coeff: 0.9271 - iou_score: 0.9120 - loss: 0.2787 - precision: 0.9294 - recall: 0.9799
[1m 86/125[0m [32m━━━━━━━━━━━━━[0m[37m━━━━━━━[0m [1m15:21[0m 24s/step - accuracy: 0.9223 - dice_coeff: 0.9271 - iou_score: 0.9120 - loss: 0.2788 - precision: 0.9294 - recall: 0.9799
[1m 87/125[0m [32m━━━━━━━━━━━━━[0m[37m━━━━━━━[0m [1m14:55[0m 24s/step - accuracy: 0.9223 - dice_coeff: 0.9270 - iou_score: 0.9120 - loss: 0.2788 - precision: 0.9294 - recall: 0.9799
[1m 88/125[0m [32m━━━━━━━━━━━━━━[0m[37m━━━━━━[0m [1m14:28[0m 23s/step - accuracy: 0.9223 - dice_coeff: 0.9270 - iou_score: 0.9119 - loss: 0.2788 - precision: 0.9293 - recall: 0.9799
[1m 89/125[0m [32m━━━━━━━━━━━━━━[0m[37m━━━━━━[0m [1m14:02[0m 23s/step - accuracy: 0.9223 - dice_coeff: 0.9270 - iou_score: 0.9119 - loss: 0.2789 - precision: 0.9293 - recall: 0.9799
[1m 90/125[0m [32m━━━━━━━━━━━━━━[0m[37m━━━━━━[0m [1m13:36[0m 23s/step - accuracy: 0.9223 - dice_coeff: 0.9270 - iou_score: 0.9119 - loss: 0.2789 - precision: 0.9293 - recall: 0.9799
[1m 91/125[0m [32m━━━━━━━━━━━━━━[0m[37m━━━━━━[0m [1m13:11[0m 23s/step - accuracy: 0.9223 - dice_coeff: 0.9270 - iou_score: 0.9119 - loss: 0.2790 - precision: 0.9293 - recall: 0.9799
[1m 92/125[0m [32m━━━━━━━━━━━━━━[0m[37m━━━━━━[0m [1m12:45[0m 23s/step - accuracy: 0.9222 - dice_coeff: 0.9270 - iou_score: 0.9119 - loss: 0.2790 - precision: 0.9293 - recall: 0.9799
[1m 93/125[0m [32m━━━━━━━━━━━━━━[0m[37m━━━━━━[0m [1m12:20[0m 23s/step - accuracy: 0.9222 - dice_coeff: 0.9270 - iou_score: 0.9119 - loss: 0.2790 - precision: 0.9293 - recall: 0.9799
[1m 94/125[0m [32m━━━━━━━━━━━━━━━[0m[37m━━━━━[0m [1m11:55[0m 23s/step - accuracy: 0.9222 - dice_coeff: 0.9270 - iou_score: 0.9119 - loss: 0.2791 - precision: 0.9293 - recall: 0.9799
[1m 95/125[0m [32m━━━━━━━━━━━━━━━[0m[37m━━━━━[0m [1m11:30[0m 23s/step - accuracy: 0.9222 - dice_coeff: 0.9270 - iou_score: 0.9118 - loss: 0.2791 - precision: 0.9292 - recall: 0.9799
[1m 96/125[0m [32m━━━━━━━━━━━━━━━[0m[37m━━━━━[0m [1m11:05[0m 23s/step - accuracy: 0.9222 - dice_coeff: 0.9270 - iou_score: 0.9118 - loss: 0.2791 - precision: 0.9292 - recall: 0.9799
[1m 97/125[0m [32m━━━━━━━━━━━━━━━[0m[37m━━━━━[0m [1m10:40[0m 23s/step - accuracy: 0.9222 - dice_coeff: 0.9270 - iou_score: 0.9118 - loss: 0.2792 - precision: 0.9292 - recall: 0.9799
[1m 98/125[0m [32m━━━━━━━━━━━━━━━[0m[37m━━━━━[0m [1m10:16[0m 23s/step - accuracy: 0.9222 - dice_coeff: 0.9269 - iou_score: 0.9118 - loss: 0.2792 - precision: 0.9292 - recall: 0.9799
[1m 99/125[0m [32m━━━━━━━━━━━━━━━[0m[37m━━━━━[0m [1m9:52[0m 23s/step - accuracy: 0.9222 - dice_coeff: 0.9269 - iou_score: 0.9118 - loss: 0.2792 - precision: 0.9292 - recall: 0.9799 
[1m100/125[0m [32m━━━━━━━━━━━━━━━━[0m[37m━━━━[0m [1m9:28[0m 23s/step - accuracy: 0.9222 - dice_coeff: 0.9269 - iou_score: 0.9118 - loss: 0.2793 - precision: 0.9292 - recall: 0.9799
[1m101/125[0m [32m━━━━━━━━━━━━━━━━[0m[37m━━━━[0m [1m9:04[0m 23s/step - accuracy: 0.9221 - dice_coeff: 0.9269 - iou_score: 0.9118 - loss: 0.2793 - precision: 0.9292 - recall: 0.9799
[1m102/125[0m [32m━━━━━━━━━━━━━━━━[0m[37m━━━━[0m [1m8:40[0m 23s/step - accuracy: 0.9221 - dice_coeff: 0.9269 - iou_score: 0.9118 - loss: 0.2793 - precision: 0.9291 - recall: 0.9799
[1m103/125[0m [32m━━━━━━━━━━━━━━━━[0m[37m━━━━[0m [1m8:16[0m 23s/step - accuracy: 0.9221 - dice_coeff: 0.9269 - iou_score: 0.9117 - loss: 0.2794 - precision: 0.9291 - recall: 0.9799
[1m104/125[0m [32m━━━━━━━━━━━━━━━━[0m[37m━━━━[0m [1m7:53[0m 23s/step - accuracy: 0.9221 - dice_coeff: 0.9269 - iou_score: 0.9117 - loss: 0.2794 - precision: 0.9291 - recall: 0.9799
[1m105/125[0m [32m━━━━━━━━━━━━━━━━[0m[37m━━━━[0m [1m7:30[0m 23s/step - accuracy: 0.9221 - dice_coeff: 0.9269 - iou_score: 0.9117 - loss: 0.2794 - precision: 0.9291 - recall: 0.9799
[1m106/125[0m [32m━━━━━━━━━━━━━━━━[0m[37m━━━━[0m [1m7:06[0m 22s/step - accuracy: 0.9221 - dice_coeff: 0.9269 - iou_score: 0.9117 - loss: 0.2794 - precision: 0.9291 - recall: 0.9799
[1m107/125[0m [32m━━━━━━━━━━━━━━━━━[0m[37m━━━[0m [1m6:43[0m 22s/step - accuracy: 0.9221 - dice_coeff: 0.9269 - iou_score: 0.9117 - loss: 0.2794 - precision: 0.9291 - recall: 0.9799
[1m108/125[0m [32m━━━━━━━━━━━━━━━━━[0m[37m━━━[0m [1m6:20[0m 22s/step - accuracy: 0.9221 - dice_coeff: 0.9269 - iou_score: 0.9117 - loss: 0.2795 - precision: 0.9291 - recall: 0.9799
[1m109/125[0m [32m━━━━━━━━━━━━━━━━━[0m[37m━━━[0m [1m5:57[0m 22s/step - accuracy: 0.9221 - dice_coeff: 0.9269 - iou_score: 0.9117 - loss: 0.2795 - precision: 0.9291 - recall: 0.9799
[1m110/125[0m [32m━━━━━━━━━━━━━━━━━[0m[37m━━━[0m [1m5:34[0m 22s/step - accuracy: 0.9221 - dice_coeff: 0.9269 - iou_score: 0.9117 - loss: 0.2795 - precision: 0.9291 - recall: 0.9799
[1m111/125[0m [32m━━━━━━━━━━━━━━━━━[0m[37m━━━[0m [1m5:11[0m 22s/step - accuracy: 0.9221 - dice_coeff: 0.9269 - iou_score: 0.9117 - loss: 0.2795 - precision: 0.9291 - recall: 0.9799
[1m112/125[0m [32m━━━━━━━━━━━━━━━━━[0m[37m━━━[0m [1m4:49[0m 22s/step - accuracy: 0.9221 - dice_coeff: 0.9269 - iou_score: 0.9117 - loss: 0.2796 - precision: 0.9291 - recall: 0.9799
[1m113/125[0m [32m━━━━━━━━━━━━━━━━━━[0m[37m━━[0m [1m4:26[0m 22s/step - accuracy: 0.9220 - dice_coeff: 0.9269 - iou_score: 0.9116 - loss: 0.2796 - precision: 0.9291 - recall: 0.9799
[1m114/125[0m [32m━━━━━━━━━━━━━━━━━━[0m[37m━━[0m [1m4:03[0m 22s/step - accuracy: 0.9220 - dice_coeff: 0.9268 - iou_score: 0.9116 - loss: 0.2796 - precision: 0.9291 - recall: 0.9799
[1m115/125[0m [32m━━━━━━━━━━━━━━━━━━[0m[37m━━[0m [1m3:40[0m 22s/step - accuracy: 0.9220 - dice_coeff: 0.9268 - iou_score: 0.9116 - loss: 0.2796 - precision: 0.9290 - recall: 0.9799
[1m116/125[0m [32m━━━━━━━━━━━━━━━━━━[0m[37m━━[0m [1m3:17[0m 22s/step - accuracy: 0.9220 - dice_coeff: 0.9268 - iou_score: 0.9116 - loss: 0.2796 - precision: 0.9290 - recall: 0.9799
[1m117/125[0m [32m━━━━━━━━━━━━━━━━━━[0m[37m━━[0m [1m2:54[0m 22s/step - accuracy: 0.9220 - dice_coeff: 0.9268 - iou_score: 0.9116 - loss: 0.2797 - precision: 0.9290 - recall: 0.9799
[1m118/125[0m [32m━━━━━━━━━━━━━━━━━━[0m[37m━━[0m [1m2:32[0m 22s/step - accuracy: 0.9220 - dice_coeff: 0.9268 - iou_score: 0.9116 - loss: 0.2797 - precision: 0.9290 - recall: 0.9799
[1m119/125[0m [32m━━━━━━━━━━━━━━━━━━━[0m[37m━[0m [1m2:09[0m 22s/step - accuracy: 0.9220 - dice_coeff: 0.9268 - iou_score: 0.9116 - loss: 0.2797 - precision: 0.9290 - recall: 0.9799
[1m120/125[0m [32m━━━━━━━━━━━━━━━━━━━[0m[37m━[0m [1m1:47[0m 22s/step - accuracy: 0.9220 - dice_coeff: 0.9268 - iou_score: 0.9116 - loss: 0.2797 - precision: 0.9290 - recall: 0.9799
[1m121/125[0m [32m━━━━━━━━━━━━━━━━━━━[0m[37m━[0m [1m1:25[0m 21s/step - accuracy: 0.9220 - dice_coeff: 0.9268 - iou_score: 0.9116 - loss: 0.2797 - precision: 0.9290 - recall: 0.9799
[1m122/125[0m [32m━━━━━━━━━━━━━━━━━━━[0m[37m━[0m [1m1:04[0m 21s/step - accuracy: 0.9220 - dice_coeff: 0.9268 - iou_score: 0.9116 - loss: 0.2798 - precision: 0.9290 - recall: 0.9799
[1m123/125[0m [32m━━━━━━━━━━━━━━━━━━━[0m[37m━[0m [1m42s[0m 21s/step - accuracy: 0.9220 - dice_coeff: 0.9268 - iou_score: 0.9116 - loss: 0.2798 - precision: 0.9290 - recall: 0.9799 
[1m124/125[0m [32m━━━━━━━━━━━━━━━━━━━[0m[37m━[0m [1m21s[0m 21s/step - accuracy: 0.9220 - dice_coeff: 0.9268 - iou_score: 0.9116 - loss: 0.2798 - precision: 0.9290 - recall: 0.9799
[1m125/125[0m [32m━━━━━━━━━━━━━━━━━━━━[0m[37m[0m [1m0s[0m 21s/step - accuracy: 0.9220 - dice_coeff: 0.9268 - iou_score: 0.9116 - loss: 0.2798 - precision: 0.9290 - recall: 0.9799 