[TeeLogger] Saving terminal output to:
            d:\labdatanew@aniket\unet++\outputs\terminal_20260531_100553.log

[1/5] Loading dataset …
      TRAIN ← d:/labdatanew@aniket/500_rgb_mask/
      TEST  ← d:/labdatanew@aniket/137_rgb_mask/
[TRAIN] Loaded 500 pairs  |  skipped 0  from d:\labdatanew@aniket\500_rgb_mask\RGB
[TEST] Loaded 137 pairs  |  skipped 0  from d:\labdatanew@aniket\137_rgb_mask\RGB
      Train: (500, 256, 256, 3)  |  Test: (137, 256, 256, 3)

[2/5] Building UNet++ model …
      Variant       : UNet++ with ResNet50 encoder (ImageNet)
      Freeze layers : first 120 backbone layers
      Frozen params : 0 backbone sub-layers
Model: "UNetPlusPlus_ResNet50"
┏━━━━━━━━━━━━━━━━━━━━━━━━━━━━━━━━┳━━━━━━━━━━━━━━━━━━━━━━━━━━━┳━━━━━━━━
┃ Layer (type)                   ┃ Output Shape              ┃        
┡━━━━━━━━━━━━━━━━━━━━━━━━━━━━━━━━╇━━━━━━━━━━━━━━━━━━━━━━━━━━━╇━━━━━━━━
│ rgb_input (InputLayer)         │ (None, 256, 256, 3)       │        
├────────────────────────────────┼───────────────────────────┼────────
│ conv1_pad (ZeroPadding2D)      │ (None, 262, 262, 3)       │        
├────────────────────────────────┼───────────────────────────┼────────
│ conv1_conv (Conv2D)            │ (None, 128, 128, 64)      │        
├────────────────────────────────┼───────────────────────────┼────────
│ conv1_bn (BatchNormalization)  │ (None, 128, 128, 64)      │        
├────────────────────────────────┼───────────────────────────┼────────
│ conv1_relu (Activation)        │ (None, 128, 128, 64)      │        
├────────────────────────────────┼───────────────────────────┼────────
│ pool1_pad (ZeroPadding2D)      │ (None, 130, 130, 64)      │        
├────────────────────────────────┼───────────────────────────┼────────
│ pool1_pool (MaxPooling2D)      │ (None, 64, 64, 64)        │        
├────────────────────────────────┼───────────────────────────┼────────
│ conv2_block1_1_conv (Conv2D)   │ (None, 64, 64, 64)        │        
├────────────────────────────────┼───────────────────────────┼────────
│ conv2_block1_1_bn              │ (None, 64, 64, 64)        │        
│ (BatchNormalization)           │                           │        
├────────────────────────────────┼───────────────────────────┼────────
│ conv2_block1_1_relu            │ (None, 64, 64, 64)        │        
│ (Activation)                   │                           │        
├────────────────────────────────┼───────────────────────────┼────────
│ conv2_block1_2_conv (Conv2D)   │ (None, 64, 64, 64)        │        
├────────────────────────────────┼───────────────────────────┼────────
│ conv2_block1_2_bn              │ (None, 64, 64, 64)        │        
│ (BatchNormalization)           │                           │        
├────────────────────────────────┼───────────────────────────┼────────
│ conv2_block1_2_relu            │ (None, 64, 64, 64)        │        
│ (Activation)                   │                           │        
├────────────────────────────────┼───────────────────────────┼────────
│ conv2_block1_0_conv (Conv2D)   │ (None, 64, 64, 256)       │        
├────────────────────────────────┼───────────────────────────┼────────
│ conv2_block1_3_conv (Conv2D)   │ (None, 64, 64, 256)       │        
├────────────────────────────────┼───────────────────────────┼────────
│ conv2_block1_0_bn              │ (None, 64, 64, 256)       │        
│ (BatchNormalization)           │                           │        
├────────────────────────────────┼───────────────────────────┼────────
│ conv2_block1_3_bn              │ (None, 64, 64, 256)       │        
│ (BatchNormalization)           │                           │        
├────────────────────────────────┼───────────────────────────┼────────
│ conv2_block1_add (Add)         │ (None, 64, 64, 256)       │        
│                                │                           │        
├────────────────────────────────┼───────────────────────────┼────────
│ conv2_block1_out (Activation)  │ (None, 64, 64, 256)       │        
├────────────────────────────────┼───────────────────────────┼────────
│ conv2_block2_1_conv (Conv2D)   │ (None, 64, 64, 64)        │        
├────────────────────────────────┼───────────────────────────┼────────
│ conv2_block2_1_bn              │ (None, 64, 64, 64)        │        
│ (BatchNormalization)           │                           │        
├────────────────────────────────┼───────────────────────────┼────────
│ conv2_block2_1_relu            │ (None, 64, 64, 64)        │        
│ (Activation)                   │                           │        
├────────────────────────────────┼───────────────────────────┼────────
│ conv2_block2_2_conv (Conv2D)   │ (None, 64, 64, 64)        │        
├────────────────────────────────┼───────────────────────────┼────────
│ conv2_block2_2_bn              │ (None, 64, 64, 64)        │        
│ (BatchNormalization)           │                           │        
├────────────────────────────────┼───────────────────────────┼────────
│ conv2_block2_2_relu            │ (None, 64, 64, 64)        │        
│ (Activation)                   │                           │        
├────────────────────────────────┼───────────────────────────┼────────
│ conv2_block2_3_conv (Conv2D)   │ (None, 64, 64, 256)       │        
├────────────────────────────────┼───────────────────────────┼────────
│ conv2_block2_3_bn              │ (None, 64, 64, 256)       │        
│ (BatchNormalization)           │                           │        
├────────────────────────────────┼───────────────────────────┼────────
│ conv2_block2_add (Add)         │ (None, 64, 64, 256)       │        
│                                │                           │        
├────────────────────────────────┼───────────────────────────┼────────
│ conv2_block2_out (Activation)  │ (None, 64, 64, 256)       │        
├────────────────────────────────┼───────────────────────────┼────────
│ conv2_block3_1_conv (Conv2D)   │ (None, 64, 64, 64)        │        
├────────────────────────────────┼───────────────────────────┼────────
│ conv2_block3_1_bn              │ (None, 64, 64, 64)        │        
│ (BatchNormalization)           │                           │        
├────────────────────────────────┼───────────────────────────┼────────
│ conv2_block3_1_relu            │ (None, 64, 64, 64)        │        
│ (Activation)                   │                           │        
├────────────────────────────────┼───────────────────────────┼────────
│ conv2_block3_2_conv (Conv2D)   │ (None, 64, 64, 64)        │        
├────────────────────────────────┼───────────────────────────┼────────
│ conv2_block3_2_bn              │ (None, 64, 64, 64)        │        
│ (BatchNormalization)           │                           │        
├────────────────────────────────┼───────────────────────────┼────────
│ conv2_block3_2_relu            │ (None, 64, 64, 64)        │        
│ (Activation)                   │                           │        
├────────────────────────────────┼───────────────────────────┼────────
│ conv2_block3_3_conv (Conv2D)   │ (None, 64, 64, 256)       │        
├────────────────────────────────┼───────────────────────────┼────────
│ conv2_block3_3_bn              │ (None, 64, 64, 256)       │        
│ (BatchNormalization)           │                           │        
├────────────────────────────────┼───────────────────────────┼────────
│ conv2_block3_add (Add)         │ (None, 64, 64, 256)       │        
│                                │                           │        
├────────────────────────────────┼───────────────────────────┼────────
│ conv2_block3_out (Activation)  │ (None, 64, 64, 256)       │        
├────────────────────────────────┼───────────────────────────┼────────
│ conv3_block1_1_conv (Conv2D)   │ (None, 32, 32, 128)       │        
├────────────────────────────────┼───────────────────────────┼────────
│ conv3_block1_1_bn              │ (None, 32, 32, 128)       │        
│ (BatchNormalization)           │                           │        
├────────────────────────────────┼───────────────────────────┼────────
│ conv3_block1_1_relu            │ (None, 32, 32, 128)       │        
│ (Activation)                   │                           │        
├────────────────────────────────┼───────────────────────────┼────────
│ conv3_block1_2_conv (Conv2D)   │ (None, 32, 32, 128)       │        
├────────────────────────────────┼───────────────────────────┼────────
│ conv3_block1_2_bn              │ (None, 32, 32, 128)       │        
│ (BatchNormalization)           │                           │        
├────────────────────────────────┼───────────────────────────┼────────
│ conv3_block1_2_relu            │ (None, 32, 32, 128)       │        
│ (Activation)                   │                           │        
├────────────────────────────────┼───────────────────────────┼────────
│ conv3_block1_0_conv (Conv2D)   │ (None, 32, 32, 512)       │        
├────────────────────────────────┼───────────────────────────┼────────
│ conv3_block1_3_conv (Conv2D)   │ (None, 32, 32, 512)       │        
├────────────────────────────────┼───────────────────────────┼────────
│ conv3_block1_0_bn              │ (None, 32, 32, 512)       │        
│ (BatchNormalization)           │                           │        
├────────────────────────────────┼───────────────────────────┼────────
│ conv3_block1_3_bn              │ (None, 32, 32, 512)       │        
│ (BatchNormalization)           │                           │        
├────────────────────────────────┼───────────────────────────┼────────
│ conv3_block1_add (Add)         │ (None, 32, 32, 512)       │        
│                                │                           │        
├────────────────────────────────┼───────────────────────────┼────────
│ conv3_block1_out (Activation)  │ (None, 32, 32, 512)       │        
├────────────────────────────────┼───────────────────────────┼────────
│ conv3_block2_1_conv (Conv2D)   │ (None, 32, 32, 128)       │        
├────────────────────────────────┼───────────────────────────┼────────
│ conv3_block2_1_bn              │ (None, 32, 32, 128)       │        
│ (BatchNormalization)           │                           │        
├────────────────────────────────┼───────────────────────────┼────────
│ conv3_block2_1_relu            │ (None, 32, 32, 128)       │        
│ (Activation)                   │                           │        
├────────────────────────────────┼───────────────────────────┼────────
│ conv3_block2_2_conv (Conv2D)   │ (None, 32, 32, 128)       │        
├────────────────────────────────┼───────────────────────────┼────────
│ conv3_block2_2_bn              │ (None, 32, 32, 128)       │        
│ (BatchNormalization)           │                           │        
├────────────────────────────────┼───────────────────────────┼────────
│ conv3_block2_2_relu            │ (None, 32, 32, 128)       │        
│ (Activation)                   │                           │        
├────────────────────────────────┼───────────────────────────┼────────
│ conv3_block2_3_conv (Conv2D)   │ (None, 32, 32, 512)       │        
├────────────────────────────────┼───────────────────────────┼────────
│ conv3_block2_3_bn              │ (None, 32, 32, 512)       │        
│ (BatchNormalization)           │                           │        
├────────────────────────────────┼───────────────────────────┼────────
│ conv3_block2_add (Add)         │ (None, 32, 32, 512)       │        
│                                │                           │        
├────────────────────────────────┼───────────────────────────┼────────
│ conv3_block2_out (Activation)  │ (None, 32, 32, 512)       │        
├────────────────────────────────┼───────────────────────────┼────────
│ conv3_block3_1_conv (Conv2D)   │ (None, 32, 32, 128)       │        
├────────────────────────────────┼───────────────────────────┼────────
│ conv3_block3_1_bn              │ (None, 32, 32, 128)       │        
│ (BatchNormalization)           │                           │        
├────────────────────────────────┼───────────────────────────┼────────
│ conv3_block3_1_relu            │ (None, 32, 32, 128)       │        
│ (Activation)                   │                           │        
├────────────────────────────────┼───────────────────────────┼────────
│ conv3_block3_2_conv (Conv2D)   │ (None, 32, 32, 128)       │        
├────────────────────────────────┼───────────────────────────┼────────
│ conv3_block3_2_bn              │ (None, 32, 32, 128)       │        
│ (BatchNormalization)           │                           │        
├────────────────────────────────┼───────────────────────────┼────────
│ conv3_block3_2_relu            │ (None, 32, 32, 128)       │        
│ (Activation)                   │                           │        
├────────────────────────────────┼───────────────────────────┼────────
│ conv3_block3_3_conv (Conv2D)   │ (None, 32, 32, 512)       │        
├────────────────────────────────┼───────────────────────────┼────────
│ conv3_block3_3_bn              │ (None, 32, 32, 512)       │        
│ (BatchNormalization)           │                           │        
├────────────────────────────────┼───────────────────────────┼────────
│ conv3_block3_add (Add)         │ (None, 32, 32, 512)       │        
│                                │                           │        
├────────────────────────────────┼───────────────────────────┼────────
│ conv3_block3_out (Activation)  │ (None, 32, 32, 512)       │        
├────────────────────────────────┼───────────────────────────┼────────
│ conv3_block4_1_conv (Conv2D)   │ (None, 32, 32, 128)       │        
├────────────────────────────────┼───────────────────────────┼────────
│ conv3_block4_1_bn              │ (None, 32, 32, 128)       │        
│ (BatchNormalization)           │                           │        
├────────────────────────────────┼───────────────────────────┼────────
│ conv3_block4_1_relu            │ (None, 32, 32, 128)       │        
│ (Activation)                   │                           │        
├────────────────────────────────┼───────────────────────────┼────────
│ conv3_block4_2_conv (Conv2D)   │ (None, 32, 32, 128)       │        
├────────────────────────────────┼───────────────────────────┼────────
│ conv3_block4_2_bn              │ (None, 32, 32, 128)       │        
│ (BatchNormalization)           │                           │        
├────────────────────────────────┼───────────────────────────┼────────
│ conv3_block4_2_relu            │ (None, 32, 32, 128)       │        
│ (Activation)                   │                           │        
├────────────────────────────────┼───────────────────────────┼────────
│ conv3_block4_3_conv (Conv2D)   │ (None, 32, 32, 512)       │        
├────────────────────────────────┼───────────────────────────┼────────
│ conv3_block4_3_bn              │ (None, 32, 32, 512)       │        
│ (BatchNormalization)           │                           │        
├────────────────────────────────┼───────────────────────────┼────────
│ conv3_block4_add (Add)         │ (None, 32, 32, 512)       │        
│                                │                           │        
├────────────────────────────────┼───────────────────────────┼────────
│ conv3_block4_out (Activation)  │ (None, 32, 32, 512)       │        
├────────────────────────────────┼───────────────────────────┼────────
│ conv4_block1_1_conv (Conv2D)   │ (None, 16, 16, 256)       │        
├────────────────────────────────┼───────────────────────────┼────────
│ conv4_block1_1_bn              │ (None, 16, 16, 256)       │        
│ (BatchNormalization)           │                           │        
├────────────────────────────────┼───────────────────────────┼────────
│ conv4_block1_1_relu            │ (None, 16, 16, 256)       │        
│ (Activation)                   │                           │        
├────────────────────────────────┼───────────────────────────┼────────
│ conv4_block1_2_conv (Conv2D)   │ (None, 16, 16, 256)       │        
├────────────────────────────────┼───────────────────────────┼────────
│ conv4_block1_2_bn              │ (None, 16, 16, 256)       │        
│ (BatchNormalization)           │                           │        
├────────────────────────────────┼───────────────────────────┼────────
│ conv4_block1_2_relu            │ (None, 16, 16, 256)       │        
│ (Activation)                   │                           │        
├────────────────────────────────┼───────────────────────────┼────────
│ conv4_block1_0_conv (Conv2D)   │ (None, 16, 16, 1024)      │        
├────────────────────────────────┼───────────────────────────┼────────
│ conv4_block1_3_conv (Conv2D)   │ (None, 16, 16, 1024)      │        
├────────────────────────────────┼───────────────────────────┼────────
│ conv4_block1_0_bn              │ (None, 16, 16, 1024)      │        
│ (BatchNormalization)           │                           │        
├────────────────────────────────┼───────────────────────────┼────────
│ conv4_block1_3_bn              │ (None, 16, 16, 1024)      │        
│ (BatchNormalization)           │                           │        
├────────────────────────────────┼───────────────────────────┼────────
│ conv4_block1_add (Add)         │ (None, 16, 16, 1024)      │        
│                                │                           │        
├────────────────────────────────┼───────────────────────────┼────────
│ conv4_block1_out (Activation)  │ (None, 16, 16, 1024)      │        
├────────────────────────────────┼───────────────────────────┼────────
│ conv4_block2_1_conv (Conv2D)   │ (None, 16, 16, 256)       │        
├────────────────────────────────┼───────────────────────────┼────────
│ conv4_block2_1_bn              │ (None, 16, 16, 256)       │        
│ (BatchNormalization)           │                           │        
├────────────────────────────────┼───────────────────────────┼────────
│ conv4_block2_1_relu            │ (None, 16, 16, 256)       │        
│ (Activation)                   │                           │        
├────────────────────────────────┼───────────────────────────┼────────
│ conv4_block2_2_conv (Conv2D)   │ (None, 16, 16, 256)       │        
├────────────────────────────────┼───────────────────────────┼────────
│ conv4_block2_2_bn              │ (None, 16, 16, 256)       │        
│ (BatchNormalization)           │                           │        
├────────────────────────────────┼───────────────────────────┼────────
│ conv4_block2_2_relu            │ (None, 16, 16, 256)       │        
│ (Activation)                   │                           │        
├────────────────────────────────┼───────────────────────────┼────────
│ conv4_block2_3_conv (Conv2D)   │ (None, 16, 16, 1024)      │        
├────────────────────────────────┼───────────────────────────┼────────
│ conv4_block2_3_bn              │ (None, 16, 16, 1024)      │        
│ (BatchNormalization)           │                           │        
├────────────────────────────────┼───────────────────────────┼────────
│ conv4_block2_add (Add)         │ (None, 16, 16, 1024)      │        
│                                │                           │        
├────────────────────────────────┼───────────────────────────┼────────
│ conv4_block2_out (Activation)  │ (None, 16, 16, 1024)      │        
├────────────────────────────────┼───────────────────────────┼────────
│ conv4_block3_1_conv (Conv2D)   │ (None, 16, 16, 256)       │        
├────────────────────────────────┼───────────────────────────┼────────
│ conv4_block3_1_bn              │ (None, 16, 16, 256)       │        
│ (BatchNormalization)           │                           │        
├────────────────────────────────┼───────────────────────────┼────────
│ conv4_block3_1_relu            │ (None, 16, 16, 256)       │        
│ (Activation)                   │                           │        
├────────────────────────────────┼───────────────────────────┼────────
│ conv4_block3_2_conv (Conv2D)   │ (None, 16, 16, 256)       │        
├────────────────────────────────┼───────────────────────────┼────────
│ conv4_block3_2_bn              │ (None, 16, 16, 256)       │        
│ (BatchNormalization)           │                           │        
├────────────────────────────────┼───────────────────────────┼────────
│ conv4_block3_2_relu            │ (None, 16, 16, 256)       │        
│ (Activation)                   │                           │        
├────────────────────────────────┼───────────────────────────┼────────
│ conv4_block3_3_conv (Conv2D)   │ (None, 16, 16, 1024)      │        
├────────────────────────────────┼───────────────────────────┼────────
│ conv4_block3_3_bn              │ (None, 16, 16, 1024)      │        
│ (BatchNormalization)           │                           │        
├────────────────────────────────┼───────────────────────────┼────────
│ conv4_block3_add (Add)         │ (None, 16, 16, 1024)      │        
│                                │                           │        
├────────────────────────────────┼───────────────────────────┼────────
│ conv4_block3_out (Activation)  │ (None, 16, 16, 1024)      │        
├────────────────────────────────┼───────────────────────────┼────────
│ conv4_block4_1_conv (Conv2D)   │ (None, 16, 16, 256)       │        
├────────────────────────────────┼───────────────────────────┼────────
│ conv4_block4_1_bn              │ (None, 16, 16, 256)       │        
│ (BatchNormalization)           │                           │        
├────────────────────────────────┼───────────────────────────┼────────
│ conv4_block4_1_relu            │ (None, 16, 16, 256)       │        
│ (Activation)                   │                           │        
├────────────────────────────────┼───────────────────────────┼────────
│ conv4_block4_2_conv (Conv2D)   │ (None, 16, 16, 256)       │        
├────────────────────────────────┼───────────────────────────┼────────
│ conv4_block4_2_bn              │ (None, 16, 16, 256)       │        
│ (BatchNormalization)           │                           │        
├────────────────────────────────┼───────────────────────────┼────────
│ conv4_block4_2_relu            │ (None, 16, 16, 256)       │        
│ (Activation)                   │                           │        
├────────────────────────────────┼───────────────────────────┼────────
│ conv4_block4_3_conv (Conv2D)   │ (None, 16, 16, 1024)      │        
├────────────────────────────────┼───────────────────────────┼────────
│ conv4_block4_3_bn              │ (None, 16, 16, 1024)      │        
│ (BatchNormalization)           │                           │        
├────────────────────────────────┼───────────────────────────┼────────
│ conv4_block4_add (Add)         │ (None, 16, 16, 1024)      │        
│                                │                           │        
├────────────────────────────────┼───────────────────────────┼────────
│ conv4_block4_out (Activation)  │ (None, 16, 16, 1024)      │        
├────────────────────────────────┼───────────────────────────┼────────
│ conv4_block5_1_conv (Conv2D)   │ (None, 16, 16, 256)       │        
├────────────────────────────────┼───────────────────────────┼────────
│ conv4_block5_1_bn              │ (None, 16, 16, 256)       │        
│ (BatchNormalization)           │                           │        
├────────────────────────────────┼───────────────────────────┼────────
│ conv4_block5_1_relu            │ (None, 16, 16, 256)       │        
│ (Activation)                   │                           │        
├────────────────────────────────┼───────────────────────────┼────────
│ conv4_block5_2_conv (Conv2D)   │ (None, 16, 16, 256)       │        
├────────────────────────────────┼───────────────────────────┼────────
│ conv4_block5_2_bn              │ (None, 16, 16, 256)       │        
│ (BatchNormalization)           │                           │        
├────────────────────────────────┼───────────────────────────┼────────
│ conv4_block5_2_relu            │ (None, 16, 16, 256)       │        
│ (Activation)                   │                           │        
├────────────────────────────────┼───────────────────────────┼────────
│ conv4_block5_3_conv (Conv2D)   │ (None, 16, 16, 1024)      │        
├────────────────────────────────┼───────────────────────────┼────────
│ conv4_block5_3_bn              │ (None, 16, 16, 1024)      │        
│ (BatchNormalization)           │                           │        
├────────────────────────────────┼───────────────────────────┼────────
│ conv4_block5_add (Add)         │ (None, 16, 16, 1024)      │        
│                                │                           │        
├────────────────────────────────┼───────────────────────────┼────────
│ conv4_block5_out (Activation)  │ (None, 16, 16, 1024)      │        
├────────────────────────────────┼───────────────────────────┼────────
│ conv4_block6_1_conv (Conv2D)   │ (None, 16, 16, 256)       │        
├────────────────────────────────┼───────────────────────────┼────────
│ conv4_block6_1_bn              │ (None, 16, 16, 256)       │        
│ (BatchNormalization)           │                           │        
├────────────────────────────────┼───────────────────────────┼────────
│ conv4_block6_1_relu            │ (None, 16, 16, 256)       │        
│ (Activation)                   │                           │        
├────────────────────────────────┼───────────────────────────┼────────
│ conv4_block6_2_conv (Conv2D)   │ (None, 16, 16, 256)       │        
├────────────────────────────────┼───────────────────────────┼────────
│ conv4_block6_2_bn              │ (None, 16, 16, 256)       │        
│ (BatchNormalization)           │                           │        
├────────────────────────────────┼───────────────────────────┼────────
│ conv4_block6_2_relu            │ (None, 16, 16, 256)       │        
│ (Activation)                   │                           │        
├────────────────────────────────┼───────────────────────────┼────────
│ conv4_block6_3_conv (Conv2D)   │ (None, 16, 16, 1024)      │        
├────────────────────────────────┼───────────────────────────┼────────
│ conv4_block6_3_bn              │ (None, 16, 16, 1024)      │        
│ (BatchNormalization)           │                           │        
├────────────────────────────────┼───────────────────────────┼────────
│ conv4_block6_add (Add)         │ (None, 16, 16, 1024)      │        
│                                │                           │        
├────────────────────────────────┼───────────────────────────┼────────
│ conv4_block6_out (Activation)  │ (None, 16, 16, 1024)      │        
├────────────────────────────────┼───────────────────────────┼────────
│ conv5_block1_1_conv (Conv2D)   │ (None, 8, 8, 512)         │        
├────────────────────────────────┼───────────────────────────┼────────
│ conv5_block1_1_bn              │ (None, 8, 8, 512)         │        
│ (BatchNormalization)           │                           │        
├────────────────────────────────┼───────────────────────────┼────────
│ conv5_block1_1_relu            │ (None, 8, 8, 512)         │        
│ (Activation)                   │                           │        
├────────────────────────────────┼───────────────────────────┼────────
│ conv5_block1_2_conv (Conv2D)   │ (None, 8, 8, 512)         │        
├────────────────────────────────┼───────────────────────────┼────────
│ conv5_block1_2_bn              │ (None, 8, 8, 512)         │        
│ (BatchNormalization)           │                           │        
├────────────────────────────────┼───────────────────────────┼────────
│ conv5_block1_2_relu            │ (None, 8, 8, 512)         │        
│ (Activation)                   │                           │        
├────────────────────────────────┼───────────────────────────┼────────
│ conv5_block1_0_conv (Conv2D)   │ (None, 8, 8, 2048)        │        
├────────────────────────────────┼───────────────────────────┼────────
│ conv5_block1_3_conv (Conv2D)   │ (None, 8, 8, 2048)        │        
├────────────────────────────────┼───────────────────────────┼────────
│ conv5_block1_0_bn              │ (None, 8, 8, 2048)        │        
│ (BatchNormalization)           │                           │        
├────────────────────────────────┼───────────────────────────┼────────
│ conv5_block1_3_bn              │ (None, 8, 8, 2048)        │        
│ (BatchNormalization)           │                           │        
├────────────────────────────────┼───────────────────────────┼────────
│ conv5_block1_add (Add)         │ (None, 8, 8, 2048)        │        
│                                │                           │        
├────────────────────────────────┼───────────────────────────┼────────
│ conv5_block1_out (Activation)  │ (None, 8, 8, 2048)        │        
├────────────────────────────────┼───────────────────────────┼────────
│ conv5_block2_1_conv (Conv2D)   │ (None, 8, 8, 512)         │        
├────────────────────────────────┼───────────────────────────┼────────
│ conv5_block2_1_bn              │ (None, 8, 8, 512)         │        
│ (BatchNormalization)           │                           │        
├────────────────────────────────┼───────────────────────────┼────────
│ conv5_block2_1_relu            │ (None, 8, 8, 512)         │        
│ (Activation)                   │                           │        
├────────────────────────────────┼───────────────────────────┼────────
│ conv5_block2_2_conv (Conv2D)   │ (None, 8, 8, 512)         │        
├────────────────────────────────┼───────────────────────────┼────────
│ conv5_block2_2_bn              │ (None, 8, 8, 512)         │        
│ (BatchNormalization)           │                           │        
├────────────────────────────────┼───────────────────────────┼────────
│ conv5_block2_2_relu            │ (None, 8, 8, 512)         │        
│ (Activation)                   │                           │        
├────────────────────────────────┼───────────────────────────┼────────
│ conv5_block2_3_conv (Conv2D)   │ (None, 8, 8, 2048)        │        
├────────────────────────────────┼───────────────────────────┼────────
│ conv5_block2_3_bn              │ (None, 8, 8, 2048)        │        
│ (BatchNormalization)           │                           │        
├────────────────────────────────┼───────────────────────────┼────────
│ conv5_block2_add (Add)         │ (None, 8, 8, 2048)        │        
│                                │                           │        
├────────────────────────────────┼───────────────────────────┼────────
│ conv5_block2_out (Activation)  │ (None, 8, 8, 2048)        │        
├────────────────────────────────┼───────────────────────────┼────────
│ conv5_block3_1_conv (Conv2D)   │ (None, 8, 8, 512)         │        
├────────────────────────────────┼───────────────────────────┼────────
│ conv5_block3_1_bn              │ (None, 8, 8, 512)         │        
│ (BatchNormalization)           │                           │        
├────────────────────────────────┼───────────────────────────┼────────
│ conv5_block3_1_relu            │ (None, 8, 8, 512)         │        
│ (Activation)                   │                           │        
├────────────────────────────────┼───────────────────────────┼────────
│ conv5_block3_2_conv (Conv2D)   │ (None, 8, 8, 512)         │        
├────────────────────────────────┼───────────────────────────┼────────
│ conv5_block3_2_bn              │ (None, 8, 8, 512)         │        
│ (BatchNormalization)           │                           │        
├────────────────────────────────┼───────────────────────────┼────────
│ conv5_block3_2_relu            │ (None, 8, 8, 512)         │        
│ (Activation)                   │                           │        
├────────────────────────────────┼───────────────────────────┼────────
│ conv5_block3_3_conv (Conv2D)   │ (None, 8, 8, 2048)        │        
├────────────────────────────────┼───────────────────────────┼────────
│ conv5_block3_3_bn              │ (None, 8, 8, 2048)        │        
│ (BatchNormalization)           │                           │        
├────────────────────────────────┼───────────────────────────┼────────
│ conv5_block3_add (Add)         │ (None, 8, 8, 2048)        │        
│                                │                           │        
├────────────────────────────────┼───────────────────────────┼────────
│ conv5_block3_out (Activation)  │ (None, 8, 8, 2048)        │        
├────────────────────────────────┼───────────────────────────┼────────
│ enc4_conv1 (Conv2D)            │ (None, 8, 8, 128)         │        
├────────────────────────────────┼───────────────────────────┼────────
│ enc3_conv1 (Conv2D)            │ (None, 16, 16, 128)       │        
├────────────────────────────────┼───────────────────────────┼────────
│ enc4_bn1 (BatchNormalization)  │ (None, 8, 8, 128)         │        
├────────────────────────────────┼───────────────────────────┼────────
│ enc2_conv1 (Conv2D)            │ (None, 32, 32, 128)       │        
├────────────────────────────────┼───────────────────────────┼────────
│ enc3_bn1 (BatchNormalization)  │ (None, 16, 16, 128)       │        
├────────────────────────────────┼───────────────────────────┼────────
│ enc4_relu1 (Activation)        │ (None, 8, 8, 128)         │        
├────────────────────────────────┼───────────────────────────┼────────
│ enc1_conv1 (Conv2D)            │ (None, 64, 64, 128)       │        
├────────────────────────────────┼───────────────────────────┼────────
│ enc2_bn1 (BatchNormalization)  │ (None, 32, 32, 128)       │        
├────────────────────────────────┼───────────────────────────┼────────
│ enc3_relu1 (Activation)        │ (None, 16, 16, 128)       │        
├────────────────────────────────┼───────────────────────────┼────────
│ dropout_4 (Dropout)            │ (None, 8, 8, 128)         │        
├────────────────────────────────┼───────────────────────────┼────────
│ enc0_conv1 (Conv2D)            │ (None, 128, 128, 128)     │        
├────────────────────────────────┼───────────────────────────┼────────
│ enc1_bn1 (BatchNormalization)  │ (None, 64, 64, 128)       │        
├────────────────────────────────┼───────────────────────────┼────────
│ enc2_relu1 (Activation)        │ (None, 32, 32, 128)       │        
├────────────────────────────────┼───────────────────────────┼────────
│ dropout_3 (Dropout)            │ (None, 16, 16, 128)       │        
├────────────────────────────────┼───────────────────────────┼────────
│ enc4_conv2 (Conv2D)            │ (None, 8, 8, 128)         │        
├────────────────────────────────┼───────────────────────────┼────────
│ enc0_bn1 (BatchNormalization)  │ (None, 128, 128, 128)     │        
├────────────────────────────────┼───────────────────────────┼────────
│ enc1_relu1 (Activation)        │ (None, 64, 64, 128)       │        
├────────────────────────────────┼───────────────────────────┼────────
│ dropout_2 (Dropout)            │ (None, 32, 32, 128)       │        
├────────────────────────────────┼───────────────────────────┼────────
│ enc3_conv2 (Conv2D)            │ (None, 16, 16, 128)       │        
├────────────────────────────────┼───────────────────────────┼────────
│ enc4_bn2 (BatchNormalization)  │ (None, 8, 8, 128)         │        
├────────────────────────────────┼───────────────────────────┼────────
│ enc0_relu1 (Activation)        │ (None, 128, 128, 128)     │        
├────────────────────────────────┼───────────────────────────┼────────
│ dropout_1 (Dropout)            │ (None, 64, 64, 128)       │        
├────────────────────────────────┼───────────────────────────┼────────
│ enc2_conv2 (Conv2D)            │ (None, 32, 32, 128)       │        
├────────────────────────────────┼───────────────────────────┼────────
│ enc3_bn2 (BatchNormalization)  │ (None, 16, 16, 128)       │        
├────────────────────────────────┼───────────────────────────┼────────
│ enc4_relu2 (Activation)        │ (None, 8, 8, 128)         │        
├────────────────────────────────┼───────────────────────────┼────────
│ dropout (Dropout)              │ (None, 128, 128, 128)     │        
├────────────────────────────────┼───────────────────────────┼────────
│ enc1_conv2 (Conv2D)            │ (None, 64, 64, 128)       │        
├────────────────────────────────┼───────────────────────────┼────────
│ enc2_bn2 (BatchNormalization)  │ (None, 32, 32, 128)       │        
├────────────────────────────────┼───────────────────────────┼────────
│ enc3_relu2 (Activation)        │ (None, 16, 16, 128)       │        
├────────────────────────────────┼───────────────────────────┼────────
│ up_sampling2d_3 (UpSampling2D) │ (None, 16, 16, 128)       │        
├────────────────────────────────┼───────────────────────────┼────────
│ enc0_conv2 (Conv2D)            │ (None, 128, 128, 128)     │        
├────────────────────────────────┼───────────────────────────┼────────
│ enc1_bn2 (BatchNormalization)  │ (None, 64, 64, 128)       │        
├────────────────────────────────┼───────────────────────────┼────────
│ enc2_relu2 (Activation)        │ (None, 32, 32, 128)       │        
├────────────────────────────────┼───────────────────────────┼────────
│ up_sampling2d_2 (UpSampling2D) │ (None, 32, 32, 128)       │        
├────────────────────────────────┼───────────────────────────┼────────
│ concatenate_3 (Concatenate)    │ (None, 16, 16, 256)       │        
│                                │                           │        
├────────────────────────────────┼───────────────────────────┼────────
│ enc0_bn2 (BatchNormalization)  │ (None, 128, 128, 128)     │        
├────────────────────────────────┼───────────────────────────┼────────
│ enc1_relu2 (Activation)        │ (None, 64, 64, 128)       │        
├────────────────────────────────┼───────────────────────────┼────────
│ up_sampling2d_1 (UpSampling2D) │ (None, 64, 64, 128)       │        
├────────────────────────────────┼───────────────────────────┼────────
│ concatenate_2 (Concatenate)    │ (None, 32, 32, 256)       │        
│                                │                           │        
├────────────────────────────────┼───────────────────────────┼────────
│ d31_conv1 (Conv2D)             │ (None, 16, 16, 128)       │        
├────────────────────────────────┼───────────────────────────┼────────
│ enc0_relu2 (Activation)        │ (None, 128, 128, 128)     │        
├────────────────────────────────┼───────────────────────────┼────────
│ up_sampling2d (UpSampling2D)   │ (None, 128, 128, 128)     │        
├────────────────────────────────┼───────────────────────────┼────────
│ concatenate_1 (Concatenate)    │ (None, 64, 64, 256)       │        
│                                │                           │        
├────────────────────────────────┼───────────────────────────┼────────
│ d21_conv1 (Conv2D)             │ (None, 32, 32, 128)       │        
├────────────────────────────────┼───────────────────────────┼────────
│ d31_bn1 (BatchNormalization)   │ (None, 16, 16, 128)       │        
├────────────────────────────────┼───────────────────────────┼────────
│ concatenate (Concatenate)      │ (None, 128, 128, 256)     │        
│                                │                           │        
├────────────────────────────────┼───────────────────────────┼────────
│ d11_conv1 (Conv2D)             │ (None, 64, 64, 128)       │        
├────────────────────────────────┼───────────────────────────┼────────
│ d21_bn1 (BatchNormalization)   │ (None, 32, 32, 128)       │        
├────────────────────────────────┼───────────────────────────┼────────
│ d31_relu1 (Activation)         │ (None, 16, 16, 128)       │        
├────────────────────────────────┼───────────────────────────┼────────
│ d01_conv1 (Conv2D)             │ (None, 128, 128, 128)     │        
├────────────────────────────────┼───────────────────────────┼────────
│ d11_bn1 (BatchNormalization)   │ (None, 64, 64, 128)       │        
├────────────────────────────────┼───────────────────────────┼────────
│ d21_relu1 (Activation)         │ (None, 32, 32, 128)       │        
├────────────────────────────────┼───────────────────────────┼────────
│ dropout_8 (Dropout)            │ (None, 16, 16, 128)       │        
├────────────────────────────────┼───────────────────────────┼────────
│ d01_bn1 (BatchNormalization)   │ (None, 128, 128, 128)     │        
├────────────────────────────────┼───────────────────────────┼────────
│ d11_relu1 (Activation)         │ (None, 64, 64, 128)       │        
├────────────────────────────────┼───────────────────────────┼────────
│ dropout_7 (Dropout)            │ (None, 32, 32, 128)       │        
├────────────────────────────────┼───────────────────────────┼────────
│ d31_conv2 (Conv2D)             │ (None, 16, 16, 128)       │        
├────────────────────────────────┼───────────────────────────┼────────
│ d01_relu1 (Activation)         │ (None, 128, 128, 128)     │        
├────────────────────────────────┼───────────────────────────┼────────
│ dropout_6 (Dropout)            │ (None, 64, 64, 128)       │        
├────────────────────────────────┼───────────────────────────┼────────
│ d21_conv2 (Conv2D)             │ (None, 32, 32, 128)       │        
├────────────────────────────────┼───────────────────────────┼────────
│ d31_bn2 (BatchNormalization)   │ (None, 16, 16, 128)       │        
├────────────────────────────────┼───────────────────────────┼────────
│ dropout_5 (Dropout)            │ (None, 128, 128, 128)     │        
├────────────────────────────────┼───────────────────────────┼────────
│ d11_conv2 (Conv2D)             │ (None, 64, 64, 128)       │        
├────────────────────────────────┼───────────────────────────┼────────
│ d21_bn2 (BatchNormalization)   │ (None, 32, 32, 128)       │        
├────────────────────────────────┼───────────────────────────┼────────
│ d31_relu2 (Activation)         │ (None, 16, 16, 128)       │        
├────────────────────────────────┼───────────────────────────┼────────
│ d01_conv2 (Conv2D)             │ (None, 128, 128, 128)     │        
├────────────────────────────────┼───────────────────────────┼────────
│ d11_bn2 (BatchNormalization)   │ (None, 64, 64, 128)       │        
├────────────────────────────────┼───────────────────────────┼────────
│ d21_relu2 (Activation)         │ (None, 32, 32, 128)       │        
├────────────────────────────────┼───────────────────────────┼────────
│ up_sampling2d_6 (UpSampling2D) │ (None, 32, 32, 128)       │        
├────────────────────────────────┼───────────────────────────┼────────
│ d01_bn2 (BatchNormalization)   │ (None, 128, 128, 128)     │        
├────────────────────────────────┼───────────────────────────┼────────
│ d11_relu2 (Activation)         │ (None, 64, 64, 128)       │        
├────────────────────────────────┼───────────────────────────┼────────
│ up_sampling2d_5 (UpSampling2D) │ (None, 64, 64, 128)       │        
├────────────────────────────────┼───────────────────────────┼────────
│ concatenate_6 (Concatenate)    │ (None, 32, 32, 384)       │        
│                                │                           │        
│                                │                           │        
├────────────────────────────────┼───────────────────────────┼────────
│ d01_relu2 (Activation)         │ (None, 128, 128, 128)     │        
├────────────────────────────────┼───────────────────────────┼────────
│ up_sampling2d_4 (UpSampling2D) │ (None, 128, 128, 128)     │        
├────────────────────────────────┼───────────────────────────┼────────
│ concatenate_5 (Concatenate)    │ (None, 64, 64, 384)       │        
│                                │                           │        
│                                │                           │        
├────────────────────────────────┼───────────────────────────┼────────
│ d22_conv1 (Conv2D)             │ (None, 32, 32, 128)       │        
├────────────────────────────────┼───────────────────────────┼────────
│ concatenate_4 (Concatenate)    │ (None, 128, 128, 384)     │        
│                                │                           │        
│                                │                           │        
├────────────────────────────────┼───────────────────────────┼────────
│ d12_conv1 (Conv2D)             │ (None, 64, 64, 128)       │        
├────────────────────────────────┼───────────────────────────┼────────
│ d22_bn1 (BatchNormalization)   │ (None, 32, 32, 128)       │        
├────────────────────────────────┼───────────────────────────┼────────
│ d02_conv1 (Conv2D)             │ (None, 128, 128, 128)     │        
├────────────────────────────────┼───────────────────────────┼────────
│ d12_bn1 (BatchNormalization)   │ (None, 64, 64, 128)       │        
├────────────────────────────────┼───────────────────────────┼────────
│ d22_relu1 (Activation)         │ (None, 32, 32, 128)       │        
├────────────────────────────────┼───────────────────────────┼────────
│ d02_bn1 (BatchNormalization)   │ (None, 128, 128, 128)     │        
├────────────────────────────────┼───────────────────────────┼────────
│ d12_relu1 (Activation)         │ (None, 64, 64, 128)       │        
├────────────────────────────────┼───────────────────────────┼────────
│ dropout_11 (Dropout)           │ (None, 32, 32, 128)       │        
├────────────────────────────────┼───────────────────────────┼────────
│ d02_relu1 (Activation)         │ (None, 128, 128, 128)     │        
├────────────────────────────────┼───────────────────────────┼────────
│ dropout_10 (Dropout)           │ (None, 64, 64, 128)       │        
├────────────────────────────────┼───────────────────────────┼────────
│ d22_conv2 (Conv2D)             │ (None, 32, 32, 128)       │        
├────────────────────────────────┼───────────────────────────┼────────
│ dropout_9 (Dropout)            │ (None, 128, 128, 128)     │        
├────────────────────────────────┼───────────────────────────┼────────
│ d12_conv2 (Conv2D)             │ (None, 64, 64, 128)       │        
├────────────────────────────────┼───────────────────────────┼────────
│ d22_bn2 (BatchNormalization)   │ (None, 32, 32, 128)       │        
├────────────────────────────────┼───────────────────────────┼────────
│ d02_conv2 (Conv2D)             │ (None, 128, 128, 128)     │        
├────────────────────────────────┼───────────────────────────┼────────
│ d12_bn2 (BatchNormalization)   │ (None, 64, 64, 128)       │        
├────────────────────────────────┼───────────────────────────┼────────
│ d22_relu2 (Activation)         │ (None, 32, 32, 128)       │        
├────────────────────────────────┼───────────────────────────┼────────
│ d02_bn2 (BatchNormalization)   │ (None, 128, 128, 128)     │        
├────────────────────────────────┼───────────────────────────┼────────
│ d12_relu2 (Activation)         │ (None, 64, 64, 128)       │        
├────────────────────────────────┼───────────────────────────┼────────
│ up_sampling2d_8 (UpSampling2D) │ (None, 64, 64, 128)       │        
├────────────────────────────────┼───────────────────────────┼────────
│ d02_relu2 (Activation)         │ (None, 128, 128, 128)     │        
├────────────────────────────────┼───────────────────────────┼────────
│ up_sampling2d_7 (UpSampling2D) │ (None, 128, 128, 128)     │        
├────────────────────────────────┼───────────────────────────┼────────
│ concatenate_8 (Concatenate)    │ (None, 64, 64, 512)       │        
│                                │                           │        
│                                │                           │        
│                                │                           │        
├────────────────────────────────┼───────────────────────────┼────────
│ concatenate_7 (Concatenate)    │ (None, 128, 128, 512)     │        
│                                │                           │        
│                                │                           │        
│                                │                           │        
├────────────────────────────────┼───────────────────────────┼────────
│ d13_conv1 (Conv2D)             │ (None, 64, 64, 128)       │        
├────────────────────────────────┼───────────────────────────┼────────
│ d03_conv1 (Conv2D)             │ (None, 128, 128, 128)     │        
├────────────────────────────────┼───────────────────────────┼────────
│ d13_bn1 (BatchNormalization)   │ (None, 64, 64, 128)       │        
├────────────────────────────────┼───────────────────────────┼────────
│ d03_bn1 (BatchNormalization)   │ (None, 128, 128, 128)     │        
├────────────────────────────────┼───────────────────────────┼────────
│ d13_relu1 (Activation)         │ (None, 64, 64, 128)       │        
├────────────────────────────────┼───────────────────────────┼────────
│ d03_relu1 (Activation)         │ (None, 128, 128, 128)     │        
├────────────────────────────────┼───────────────────────────┼────────
│ dropout_13 (Dropout)           │ (None, 64, 64, 128)       │        
├────────────────────────────────┼───────────────────────────┼────────
│ dropout_12 (Dropout)           │ (None, 128, 128, 128)     │        
├────────────────────────────────┼───────────────────────────┼────────
│ d13_conv2 (Conv2D)             │ (None, 64, 64, 128)       │        
├────────────────────────────────┼───────────────────────────┼────────
│ d03_conv2 (Conv2D)             │ (None, 128, 128, 128)     │        
├────────────────────────────────┼───────────────────────────┼────────
│ d13_bn2 (BatchNormalization)   │ (None, 64, 64, 128)       │        
├────────────────────────────────┼───────────────────────────┼────────
│ d03_bn2 (BatchNormalization)   │ (None, 128, 128, 128)     │        
├────────────────────────────────┼───────────────────────────┼────────
│ d13_relu2 (Activation)         │ (None, 64, 64, 128)       │        
├────────────────────────────────┼───────────────────────────┼────────
│ d03_relu2 (Activation)         │ (None, 128, 128, 128)     │        
├────────────────────────────────┼───────────────────────────┼────────
│ up_sampling2d_9 (UpSampling2D) │ (None, 128, 128, 128)     │        
├────────────────────────────────┼───────────────────────────┼────────
│ concatenate_9 (Concatenate)    │ (None, 128, 128, 640)     │        
│                                │                           │        
│                                │                           │        
│                                │                           │        
│                                │                           │        
├────────────────────────────────┼───────────────────────────┼────────
│ d04_conv1 (Conv2D)             │ (None, 128, 128, 128)     │        
├────────────────────────────────┼───────────────────────────┼────────
│ d04_bn1 (BatchNormalization)   │ (None, 128, 128, 128)     │        
├────────────────────────────────┼───────────────────────────┼────────
│ d04_relu1 (Activation)         │ (None, 128, 128, 128)     │        
├────────────────────────────────┼───────────────────────────┼────────
│ dropout_14 (Dropout)           │ (None, 128, 128, 128)     │        
├────────────────────────────────┼───────────────────────────┼────────
│ d04_conv2 (Conv2D)             │ (None, 128, 128, 128)     │        
├────────────────────────────────┼───────────────────────────┼────────
│ d04_bn2 (BatchNormalization)   │ (None, 128, 128, 128)     │        
├────────────────────────────────┼───────────────────────────┼────────
│ d04_relu2 (Activation)         │ (None, 128, 128, 128)     │        
├────────────────────────────────┼───────────────────────────┼────────
│ up_sampling2d_10               │ (None, 256, 256, 128)     │        
│ (UpSampling2D)                 │                           │        
├────────────────────────────────┼───────────────────────────┼────────
│ seg_output (Conv2D)            │ (None, 256, 256, 1)       │        
└────────────────────────────────┴───────────────────────────┴────────
 Total params: 34,736,129 (132.51 MB)
 Trainable params: 34,675,329 (132.28 MB)
 Non-trainable params: 60,800 (237.50 KB)

      Trainable parameters     : 34,675,329
      Non-trainable parameters : 60,800

[3/5] Compiling ...
D:\labdatanew@aniket\.venv\Lib\site-packages\keras\src\saving\saving_lib.py:798: UserWarning: Skipping variable loading for optimizer 'adam', because it has 2 variables whereas the saved optimizer has 610 variables. 
  saveable.load_own_variables(weights_store.get(inner_path))

[RESUME] Loaded weights  : d:\labdatanew@aniket\unet++\models\last_checkpoint.keras
[RESUME] Resuming from   : Epoch 12/100

[4/5] Training ...
      Epochs       : 100
      Start epoch  : 12
      Batch size   : 4
      LR           : 5e-05
Epoch 12/100

[1m  1/125[0m [37m━━━━━━━━━━━━━━━━━━━━[0m [1m1:21:40[0m 40s/step - accuracy: 0.9229 - dice_coeff: 0.9309 - iou_score: 0.9120 - loss: 0.2734 - precision: 0.9265 - recall: 0.9831
[1m  2/125[0m [37m━━━━━━━━━━━━━━━━━━━━[0m [1m14:19[0m 7s/step - accuracy: 0.9248 - dice_coeff: 0.9315 - iou_score: 0.9142 - loss: 0.2692 - precision: 0.9305 - recall: 0.9813   
[1m  3/125[0m [37m━━━━━━━━━━━━━━━━━━━━[0m [1m14:03[0m 7s/step - accuracy: 0.9241 - dice_coeff: 0.9308 - iou_score: 0.9135 - loss: 0.2715 - precision: 0.9301 - recall: 0.9809
[1m  4/125[0m [37m━━━━━━━━━━━━━━━━━━━━[0m [1m13:53[0m 7s/step - accuracy: 0.9238 - dice_coeff: 0.9303 - iou_score: 0.9132 - loss: 0.2731 - precision: 0.9302 - recall: 0.9804
[1m  5/125[0m [37m━━━━━━━━━━━━━━━━━━━━[0m [1m13:46[0m 7s/step - accuracy: 0.9239 - dice_coeff: 0.9301 - iou_score: 0.9134 - loss: 0.2729 - precision: 0.9306 - recall: 0.9802
[1m  6/125[0m [37m━━━━━━━━━━━━━━━━━━━━[0m [1m13:40[0m 7s/step - accuracy: 0.9240 - dice_coeff: 0.9301 - iou_score: 0.9136 - loss: 0.2725 - precision: 0.9309 - recall: 0.9801
[1m  7/125[0m [32m━[0m[37m━━━━━━━━━━━━━━━━━━━[0m [1m13:34[0m 7s/step - accuracy: 0.9244 - dice_coeff: 0.9303 - iou_score: 0.9140 - loss: 0.2715 - precision: 0.9313 - recall: 0.9801
[1m  8/125[0m [32m━[0m[37m━━━━━━━━━━━━━━━━━━━[0m [1m13:28[0m 7s/step - accuracy: 0.9245 - dice_coeff: 0.9303 - iou_score: 0.9142 - loss: 0.2712 - precision: 0.9315 - recall: 0.9801
[1m  9/125[0m [32m━[0m[37m━━━━━━━━━━━━━━━━━━━[0m [1m13:21[0m 7s/step - accuracy: 0.9246 - dice_coeff: 0.9303 - iou_score: 0.9143 - loss: 0.2711 - precision: 0.9316 - recall: 0.9801
[1m 10/125[0m [32m━[0m[37m━━━━━━━━━━━━━━━━━━━[0m [1m13:13[0m 7s/step - accuracy: 0.9244 - dice_coeff: 0.9302 - iou_score: 0.9142 - loss: 0.2715 - precision: 0.9315 - recall: 0.9801
[1m 11/125[0m [32m━[0m[37m━━━━━━━━━━━━━━━━━━━[0m [1m13:06[0m 7s/step - accuracy: 0.9243 - dice_coeff: 0.9301 - iou_score: 0.9141 - loss: 0.2718 - precision: 0.9313 - recall: 0.9802
[1m 12/125[0m [32m━[0m[37m━━━━━━━━━━━━━━━━━━━[0m [1m13:00[0m 7s/step - accuracy: 0.9243 - dice_coeff: 0.9300 - iou_score: 0.9140 - loss: 0.2720 - precision: 0.9313 - recall: 0.9802
[1m 13/125[0m [32m━━[0m[37m━━━━━━━━━━━━━━━━━━[0m [1m12:53[0m 7s/step - accuracy: 0.9241 - dice_coeff: 0.9299 - iou_score: 0.9139 - loss: 0.2724 - precision: 0.9311 - recall: 0.9802
[1m 14/125[0m [32m━━[0m[37m━━━━━━━━━━━━━━━━━━[0m [1m12:47[0m 7s/step - accuracy: 0.9240 - dice_coeff: 0.9299 - iou_score: 0.9138 - loss: 0.2727 - precision: 0.9310 - recall: 0.9802
[1m 15/125[0m [32m━━[0m[37m━━━━━━━━━━━━━━━━━━[0m [1m12:40[0m 7s/step - accuracy: 0.9239 - dice_coeff: 0.9298 - iou_score: 0.9136 - loss: 0.2730 - precision: 0.9308 - recall: 0.9803
[1m 16/125[0m [32m━━[0m[37m━━━━━━━━━━━━━━━━━━[0m [1m12:33[0m 7s/step - accuracy: 0.9238 - dice_coeff: 0.9297 - iou_score: 0.9135 - loss: 0.2732 - precision: 0.9307 - recall: 0.9803
[1m 17/125[0m [32m━━[0m[37m━━━━━━━━━━━━━━━━━━[0m [1m12:25[0m 7s/step - accuracy: 0.9238 - dice_coeff: 0.9297 - iou_score: 0.9135 - loss: 0.2733 - precision: 0.9306 - recall: 0.9803
[1m 18/125[0m [32m━━[0m[37m━━━━━━━━━━━━━━━━━━[0m [1m12:18[0m 7s/step - accuracy: 0.9238 - dice_coeff: 0.9297 - iou_score: 0.9135 - loss: 0.2733 - precision: 0.9306 - recall: 0.9804
[1m 19/125[0m [32m━━━[0m[37m━━━━━━━━━━━━━━━━━[0m [1m12:11[0m 7s/step - accuracy: 0.9238 - dice_coeff: 0.9296 - iou_score: 0.9135 - loss: 0.2734 - precision: 0.9305 - recall: 0.9804
[1m 20/125[0m [32m━━━[0m[37m━━━━━━━━━━━━━━━━━[0m [1m12:04[0m 7s/step - accuracy: 0.9238 - dice_coeff: 0.9296 - iou_score: 0.9134 - loss: 0.2735 - precision: 0.9305 - recall: 0.9804
[1m 21/125[0m [32m━━━[0m[37m━━━━━━━━━━━━━━━━━[0m [1m11:57[0m 7s/step - accuracy: 0.9237 - dice_coeff: 0.9296 - iou_score: 0.9134 - loss: 0.2736 - precision: 0.9304 - recall: 0.9804
[1m 22/125[0m [32m━━━[0m[37m━━━━━━━━━━━━━━━━━[0m [1m11:50[0m 7s/step - accuracy: 0.9236 - dice_coeff: 0.9295 - iou_score: 0.9133 - loss: 0.2738 - precision: 0.9304 - recall: 0.9804
[1m 23/125[0m [32m━━━[0m[37m━━━━━━━━━━━━━━━━━[0m [1m11:43[0m 7s/step - accuracy: 0.9236 - dice_coeff: 0.9295 - iou_score: 0.9133 - loss: 0.2739 - precision: 0.9303 - recall: 0.9804
[1m 24/125[0m [32m━━━[0m[37m━━━━━━━━━━━━━━━━━[0m [1m11:37[0m 7s/step - accuracy: 0.9236 - dice_coeff: 0.9294 - iou_score: 0.9132 - loss: 0.2739 - precision: 0.9303 - recall: 0.9803
[1m 25/125[0m [32m━━━━[0m[37m━━━━━━━━━━━━━━━━[0m [1m11:30[0m 7s/step - accuracy: 0.9235 - dice_coeff: 0.9294 - iou_score: 0.9132 - loss: 0.2740 - precision: 0.9303 - recall: 0.9803
[1m 26/125[0m [32m━━━━[0m[37m━━━━━━━━━━━━━━━━[0m [1m11:23[0m 7s/step - accuracy: 0.9235 - dice_coeff: 0.9294 - iou_score: 0.9131 - loss: 0.2742 - precision: 0.9302 - recall: 0.9803
[1m 27/125[0m [32m━━━━[0m[37m━━━━━━━━━━━━━━━━[0m [1m11:16[0m 7s/step - accuracy: 0.9234 - dice_coeff: 0.9293 - iou_score: 0.9131 - loss: 0.2743 - precision: 0.9301 - recall: 0.9803
[1m 28/125[0m [32m━━━━[0m[37m━━━━━━━━━━━━━━━━[0m [1m11:09[0m 7s/step - accuracy: 0.9234 - dice_coeff: 0.9293 - iou_score: 0.9130 - loss: 0.2745 - precision: 0.9301 - recall: 0.9803
[1m 29/125[0m [32m━━━━[0m[37m━━━━━━━━━━━━━━━━[0m [1m11:02[0m 7s/step - accuracy: 0.9233 - dice_coeff: 0.9292 - iou_score: 0.9129 - loss: 0.2747 - precision: 0.9300 - recall: 0.9803
[1m 30/125[0m [32m━━━━[0m[37m━━━━━━━━━━━━━━━━[0m [1m10:55[0m 7s/step - accuracy: 0.9232 - dice_coeff: 0.9292 - iou_score: 0.9128 - loss: 0.2749 - precision: 0.9299 - recall: 0.9803
[1m 31/125[0m [32m━━━━[0m[37m━━━━━━━━━━━━━━━━[0m [1m10:49[0m 7s/step - accuracy: 0.9232 - dice_coeff: 0.9291 - iou_score: 0.9128 - loss: 0.2751 - precision: 0.9298 - recall: 0.9803
[1m 32/125[0m [32m━━━━━[0m[37m━━━━━━━━━━━━━━━[0m [1m10:42[0m 7s/step - accuracy: 0.9231 - dice_coeff: 0.9291 - iou_score: 0.9127 - loss: 0.2753 - precision: 0.9298 - recall: 0.9803
[1m 33/125[0m [32m━━━━━[0m[37m━━━━━━━━━━━━━━━[0m [1m10:35[0m 7s/step - accuracy: 0.9231 - dice_coeff: 0.9290 - iou_score: 0.9127 - loss: 0.2754 - precision: 0.9297 - recall: 0.9803
[1m 34/125[0m [32m━━━━━[0m[37m━━━━━━━━━━━━━━━[0m [1m10:28[0m 7s/step - accuracy: 0.9230 - dice_coeff: 0.9290 - iou_score: 0.9126 - loss: 0.2756 - precision: 0.9297 - recall: 0.9803
[1m 35/125[0m [32m━━━━━[0m[37m━━━━━━━━━━━━━━━[0m [1m10:21[0m 7s/step - accuracy: 0.9230 - dice_coeff: 0.9289 - iou_score: 0.9126 - loss: 0.2757 - precision: 0.9297 - recall: 0.9803
[1m 36/125[0m [32m━━━━━[0m[37m━━━━━━━━━━━━━━━[0m [1m10:14[0m 7s/step - accuracy: 0.9229 - dice_coeff: 0.9289 - iou_score: 0.9125 - loss: 0.2758 - precision: 0.9296 - recall: 0.9803
[1m 37/125[0m [32m━━━━━[0m[37m━━━━━━━━━━━━━━━[0m [1m10:07[0m 7s/step - accuracy: 0.9229 - dice_coeff: 0.9289 - iou_score: 0.9125 - loss: 0.2760 - precision: 0.9296 - recall: 0.9803
[1m 38/125[0m [32m━━━━━━[0m[37m━━━━━━━━━━━━━━[0m [1m10:00[0m 7s/step - accuracy: 0.9229 - dice_coeff: 0.9288 - iou_score: 0.9124 - loss: 0.2761 - precision: 0.9296 - recall: 0.9803
[1m 39/125[0m [32m━━━━━━[0m[37m━━━━━━━━━━━━━━[0m [1m9:54[0m 7s/step - accuracy: 0.9228 - dice_coeff: 0.9288 - iou_score: 0.9124 - loss: 0.2762 - precision: 0.9295 - recall: 0.9802 
[1m 40/125[0m [32m━━━━━━[0m[37m━━━━━━━━━━━━━━[0m [1m9:47[0m 7s/step - accuracy: 0.9228 - dice_coeff: 0.9288 - iou_score: 0.9124 - loss: 0.2763 - precision: 0.9295 - recall: 0.9802
[1m 41/125[0m [32m━━━━━━[0m[37m━━━━━━━━━━━━━━[0m [1m9:40[0m 7s/step - accuracy: 0.9228 - dice_coeff: 0.9288 - iou_score: 0.9123 - loss: 0.2764 - precision: 0.9295 - recall: 0.9802
[1m 42/125[0m [32m━━━━━━[0m[37m━━━━━━━━━━━━━━[0m [1m9:33[0m 7s/step - accuracy: 0.9227 - dice_coeff: 0.9287 - iou_score: 0.9123 - loss: 0.2765 - precision: 0.9294 - recall: 0.9802
[1m 43/125[0m [32m━━━━━━[0m[37m━━━━━━━━━━━━━━[0m [1m9:26[0m 7s/step - accuracy: 0.9227 - dice_coeff: 0.9287 - iou_score: 0.9123 - loss: 0.2765 - precision: 0.9294 - recall: 0.9802
[1m 44/125[0m [32m━━━━━━━[0m[37m━━━━━━━━━━━━━[0m [1m9:20[0m 7s/step - accuracy: 0.9227 - dice_coeff: 0.9287 - iou_score: 0.9123 - loss: 0.2766 - precision: 0.9294 - recall: 0.9802
[1m 45/125[0m [32m━━━━━━━[0m[37m━━━━━━━━━━━━━[0m [1m9:13[0m 7s/step - accuracy: 0.9227 - dice_coeff: 0.9287 - iou_score: 0.9123 - loss: 0.2766 - precision: 0.9294 - recall: 0.9802
[1m 46/125[0m [32m━━━━━━━[0m[37m━━━━━━━━━━━━━[0m [1m9:06[0m 7s/step - accuracy: 0.9227 - dice_coeff: 0.9287 - iou_score: 0.9123 - loss: 0.2766 - precision: 0.9294 - recall: 0.9802
[1m 47/125[0m [32m━━━━━━━[0m[37m━━━━━━━━━━━━━[0m [1m8:59[0m 7s/step - accuracy: 0.9227 - dice_coeff: 0.9287 - iou_score: 0.9123 - loss: 0.2766 - precision: 0.9294 - recall: 0.9802
[1m 48/125[0m [32m━━━━━━━[0m[37m━━━━━━━━━━━━━[0m [1m8:52[0m 7s/step - accuracy: 0.9227 - dice_coeff: 0.9287 - iou_score: 0.9123 - loss: 0.2766 - precision: 0.9294 - recall: 0.9802
[1m 49/125[0m [32m━━━━━━━[0m[37m━━━━━━━━━━━━━[0m [1m8:45[0m 7s/step - accuracy: 0.9227 - dice_coeff: 0.9287 - iou_score: 0.9123 - loss: 0.2766 - precision: 0.9294 - recall: 0.9802
[1m 50/125[0m [32m━━━━━━━━[0m[37m━━━━━━━━━━━━[0m [1m8:38[0m 7s/step - accuracy: 0.9227 - dice_coeff: 0.9287 - iou_score: 0.9123 - loss: 0.2766 - precision: 0.9294 - recall: 0.9802
[1m 51/125[0m [32m━━━━━━━━[0m[37m━━━━━━━━━━━━[0m [1m8:32[0m 7s/step - accuracy: 0.9227 - dice_coeff: 0.9287 - iou_score: 0.9123 - loss: 0.2766 - precision: 0.9294 - recall: 0.9802
[1m 52/125[0m [32m━━━━━━━━[0m[37m━━━━━━━━━━━━[0m [1m8:25[0m 7s/step - accuracy: 0.9227 - dice_coeff: 0.9287 - iou_score: 0.9123 - loss: 0.2766 - precision: 0.9294 - recall: 0.9802
[1m 53/125[0m [32m━━━━━━━━[0m[37m━━━━━━━━━━━━[0m [1m8:18[0m 7s/step - accuracy: 0.9227 - dice_coeff: 0.9287 - iou_score: 0.9123 - loss: 0.2766 - precision: 0.9294 - recall: 0.9802
[1m 54/125[0m [32m━━━━━━━━[0m[37m━━━━━━━━━━━━[0m [1m8:11[0m 7s/step - accuracy: 0.9227 - dice_coeff: 0.9287 - iou_score: 0.9123 - loss: 0.2766 - precision: 0.9294 - recall: 0.9803
[1m 55/125[0m [32m━━━━━━━━[0m[37m━━━━━━━━━━━━[0m [1m8:04[0m 7s/step - accuracy: 0.9227 - dice_coeff: 0.9287 - iou_score: 0.9123 - loss: 0.2766 - precision: 0.9294 - recall: 0.9803
[1m 56/125[0m [32m━━━━━━━━[0m[37m━━━━━━━━━━━━[0m [1m7:57[0m 7s/step - accuracy: 0.9227 - dice_coeff: 0.9287 - iou_score: 0.9123 - loss: 0.2766 - precision: 0.9294 - recall: 0.9803
[1m 57/125[0m [32m━━━━━━━━━[0m[37m━━━━━━━━━━━[0m [1m7:50[0m 7s/step - accuracy: 0.9227 - dice_coeff: 0.9287 - iou_score: 0.9123 - loss: 0.2766 - precision: 0.9294 - recall: 0.9803
[1m 58/125[0m [32m━━━━━━━━━[0m[37m━━━━━━━━━━━[0m [1m7:43[0m 7s/step - accuracy: 0.9227 - dice_coeff: 0.9287 - iou_score: 0.9123 - loss: 0.2765 - precision: 0.9294 - recall: 0.9803
[1m 59/125[0m [32m━━━━━━━━━[0m[37m━━━━━━━━━━━[0m [1m7:36[0m 7s/step - accuracy: 0.9227 - dice_coeff: 0.9287 - iou_score: 0.9123 - loss: 0.2765 - precision: 0.9294 - recall: 0.9803
[1m 60/125[0m [32m━━━━━━━━━[0m[37m━━━━━━━━━━━[0m [1m7:29[0m 7s/step - accuracy: 0.9227 - dice_coeff: 0.9287 - iou_score: 0.9123 - loss: 0.2766 - precision: 0.9294 - recall: 0.9802
[1m 61/125[0m [32m━━━━━━━━━[0m[37m━━━━━━━━━━━[0m [1m7:22[0m 7s/step - accuracy: 0.9227 - dice_coeff: 0.9287 - iou_score: 0.9123 - loss: 0.2765 - precision: 0.9294 - recall: 0.9802
[1m 62/125[0m [32m━━━━━━━━━[0m[37m━━━━━━━━━━━[0m [1m7:15[0m 7s/step - accuracy: 0.9227 - dice_coeff: 0.9287 - iou_score: 0.9122 - loss: 0.2766 - precision: 0.9294 - recall: 0.9802
[1m 63/125[0m [32m━━━━━━━━━━[0m[37m━━━━━━━━━━[0m [1m7:08[0m 7s/step - accuracy: 0.9227 - dice_coeff: 0.9287 - iou_score: 0.9122 - loss: 0.2766 - precision: 0.9294 - recall: 0.9802
[1m 64/125[0m [32m━━━━━━━━━━[0m[37m━━━━━━━━━━[0m [1m7:01[0m 7s/step - accuracy: 0.9226 - dice_coeff: 0.9287 - iou_score: 0.9122 - loss: 0.2766 - precision: 0.9294 - recall: 0.9802
[1m 65/125[0m [32m━━━━━━━━━━[0m[37m━━━━━━━━━━[0m [1m6:54[0m 7s/step - accuracy: 0.9226 - dice_coeff: 0.9287 - iou_score: 0.9122 - loss: 0.2766 - precision: 0.9294 - recall: 0.9802
[1m 66/125[0m [32m━━━━━━━━━━[0m[37m━━━━━━━━━━[0m [1m6:47[0m 7s/step - accuracy: 0.9226 - dice_coeff: 0.9287 - iou_score: 0.9122 - loss: 0.2766 - precision: 0.9294 - recall: 0.9802
[1m 67/125[0m [32m━━━━━━━━━━[0m[37m━━━━━━━━━━[0m [1m6:40[0m 7s/step - accuracy: 0.9226 - dice_coeff: 0.9287 - iou_score: 0.9122 - loss: 0.2766 - precision: 0.9293 - recall: 0.9802
[1m 68/125[0m [32m━━━━━━━━━━[0m[37m━━━━━━━━━━[0m [1m6:33[0m 7s/step - accuracy: 0.9226 - dice_coeff: 0.9287 - iou_score: 0.9122 - loss: 0.2766 - precision: 0.9293 - recall: 0.9802
[1m 69/125[0m [32m━━━━━━━━━━━[0m[37m━━━━━━━━━[0m [1m6:26[0m 7s/step - accuracy: 0.9226 - dice_coeff: 0.9287 - iou_score: 0.9122 - loss: 0.2766 - precision: 0.9293 - recall: 0.9802
[1m 70/125[0m [32m━━━━━━━━━━━[0m[37m━━━━━━━━━[0m [1m6:19[0m 7s/step - accuracy: 0.9226 - dice_coeff: 0.9287 - iou_score: 0.9122 - loss: 0.2766 - precision: 0.9293 - recall: 0.9802
[1m 71/125[0m [32m━━━━━━━━━━━[0m[37m━━━━━━━━━[0m [1m6:12[0m 7s/step - accuracy: 0.9226 - dice_coeff: 0.9287 - iou_score: 0.9122 - loss: 0.2766 - precision: 0.9293 - recall: 0.9802
[1m 72/125[0m [32m━━━━━━━━━━━[0m[37m━━━━━━━━━[0m [1m6:06[0m 7s/step - accuracy: 0.9226 - dice_coeff: 0.9287 - iou_score: 0.9122 - loss: 0.2767 - precision: 0.9293 - recall: 0.9802
[1m 73/125[0m [32m━━━━━━━━━━━[0m[37m━━━━━━━━━[0m [1m5:59[0m 7s/step - accuracy: 0.9226 - dice_coeff: 0.9287 - iou_score: 0.9122 - loss: 0.2767 - precision: 0.9293 - recall: 0.9802
[1m 74/125[0m [32m━━━━━━━━━━━[0m[37m━━━━━━━━━[0m [1m5:52[0m 7s/step - accuracy: 0.9226 - dice_coeff: 0.9287 - iou_score: 0.9121 - loss: 0.2767 - precision: 0.9293 - recall: 0.9802
[1m 75/125[0m [32m━━━━━━━━━━━━[0m[37m━━━━━━━━[0m [1m5:45[0m 7s/step - accuracy: 0.9226 - dice_coeff: 0.9287 - iou_score: 0.9121 - loss: 0.2767 - precision: 0.9293 - recall: 0.9802
[1m 76/125[0m [32m━━━━━━━━━━━━[0m[37m━━━━━━━━[0m [1m5:38[0m 7s/step - accuracy: 0.9226 - dice_coeff: 0.9287 - iou_score: 0.9121 - loss: 0.2768 - precision: 0.9293 - recall: 0.9802
[1m 77/125[0m [32m━━━━━━━━━━━━[0m[37m━━━━━━━━[0m [1m5:31[0m 7s/step - accuracy: 0.9226 - dice_coeff: 0.9287 - iou_score: 0.9121 - loss: 0.2768 - precision: 0.9293 - recall: 0.9802
[1m 78/125[0m [32m━━━━━━━━━━━━[0m[37m━━━━━━━━[0m [1m5:24[0m 7s/step - accuracy: 0.9225 - dice_coeff: 0.9286 - iou_score: 0.9121 - loss: 0.2768 - precision: 0.9293 - recall: 0.9802
[1m 79/125[0m [32m━━━━━━━━━━━━[0m[37m━━━━━━━━[0m [1m5:17[0m 7s/step - accuracy: 0.9225 - dice_coeff: 0.9286 - iou_score: 0.9121 - loss: 0.2768 - precision: 0.9293 - recall: 0.9802
[1m 80/125[0m [32m━━━━━━━━━━━━[0m[37m━━━━━━━━[0m [1m5:10[0m 7s/step - accuracy: 0.9225 - dice_coeff: 0.9286 - iou_score: 0.9121 - loss: 0.2768 - precision: 0.9292 - recall: 0.9802
[1m 81/125[0m [32m━━━━━━━━━━━━[0m[37m━━━━━━━━[0m [1m5:03[0m 7s/step - accuracy: 0.9225 - dice_coeff: 0.9286 - iou_score: 0.9121 - loss: 0.2768 - precision: 0.9292 - recall: 0.9802
[1m 82/125[0m [32m━━━━━━━━━━━━━[0m[37m━━━━━━━[0m [1m4:56[0m 7s/step - accuracy: 0.9225 - dice_coeff: 0.9286 - iou_score: 0.9121 - loss: 0.2768 - precision: 0.9292 - recall: 0.9802
[1m 83/125[0m [32m━━━━━━━━━━━━━[0m[37m━━━━━━━[0m [1m4:49[0m 7s/step - accuracy: 0.9225 - dice_coeff: 0.9286 - iou_score: 0.9121 - loss: 0.2768 - precision: 0.9292 - recall: 0.9802
[1m 84/125[0m [32m━━━━━━━━━━━━━[0m[37m━━━━━━━[0m [1m4:42[0m 7s/step - accuracy: 0.9225 - dice_coeff: 0.9286 - iou_score: 0.9121 - loss: 0.2769 - precision: 0.9292 - recall: 0.9802
[1m 85/125[0m [32m━━━━━━━━━━━━━[0m[37m━━━━━━━[0m [1m4:35[0m 7s/step - accuracy: 0.9225 - dice_coeff: 0.9286 - iou_score: 0.9121 - loss: 0.2769 - precision: 0.9292 - recall: 0.9802
[1m 86/125[0m [32m━━━━━━━━━━━━━[0m[37m━━━━━━━[0m [1m4:29[0m 7s/step - accuracy: 0.9225 - dice_coeff: 0.9286 - iou_score: 0.9121 - loss: 0.2769 - precision: 0.9292 - recall: 0.9802
[1m 87/125[0m [32m━━━━━━━━━━━━━[0m[37m━━━━━━━[0m [1m4:22[0m 7s/step - accuracy: 0.9225 - dice_coeff: 0.9286 - iou_score: 0.9120 - loss: 0.2769 - precision: 0.9292 - recall: 0.9802
[1m 88/125[0m [32m━━━━━━━━━━━━━━[0m[37m━━━━━━[0m [1m4:15[0m 7s/step - accuracy: 0.9225 - dice_coeff: 0.9286 - iou_score: 0.9120 - loss: 0.2769 - precision: 0.9292 - recall: 0.9802
[1m 89/125[0m [32m━━━━━━━━━━━━━━[0m[37m━━━━━━[0m [1m4:08[0m 7s/step - accuracy: 0.9225 - dice_coeff: 0.9286 - iou_score: 0.9120 - loss: 0.2769 - precision: 0.9292 - recall: 0.9802
[1m 90/125[0m [32m━━━━━━━━━━━━━━[0m[37m━━━━━━[0m [1m4:01[0m 7s/step - accuracy: 0.9225 - dice_coeff: 0.9286 - iou_score: 0.9120 - loss: 0.2769 - precision: 0.9292 - recall: 0.9802
[1m 91/125[0m [32m━━━━━━━━━━━━━━[0m[37m━━━━━━[0m [1m3:54[0m 7s/step - accuracy: 0.9225 - dice_coeff: 0.9286 - iou_score: 0.9120 - loss: 0.2769 - precision: 0.9292 - recall: 0.9802
[1m 92/125[0m [32m━━━━━━━━━━━━━━[0m[37m━━━━━━[0m [1m3:47[0m 7s/step - accuracy: 0.9225 - dice_coeff: 0.9286 - iou_score: 0.9120 - loss: 0.2769 - precision: 0.9292 - recall: 0.9802
[1m 93/125[0m [32m━━━━━━━━━━━━━━[0m[37m━━━━━━[0m [1m3:40[0m 7s/step - accuracy: 0.9225 - dice_coeff: 0.9286 - iou_score: 0.9120 - loss: 0.2769 - precision: 0.9292 - recall: 0.9802
[1m 94/125[0m [32m━━━━━━━━━━━━━━━[0m[37m━━━━━[0m [1m3:33[0m 7s/step - accuracy: 0.9225 - dice_coeff: 0.9286 - iou_score: 0.9120 - loss: 0.2769 - precision: 0.9292 - recall: 0.9802
[1m 95/125[0m [32m━━━━━━━━━━━━━━━[0m[37m━━━━━[0m [1m3:26[0m 7s/step - accuracy: 0.9225 - dice_coeff: 0.9286 - iou_score: 0.9120 - loss: 0.2770 - precision: 0.9292 - recall: 0.9802
[1m 96/125[0m [32m━━━━━━━━━━━━━━━[0m[37m━━━━━[0m [1m3:19[0m 7s/step - accuracy: 0.9224 - dice_coeff: 0.9286 - iou_score: 0.9120 - loss: 0.2770 - precision: 0.9292 - recall: 0.9802
[1m 97/125[0m [32m━━━━━━━━━━━━━━━[0m[37m━━━━━[0m [1m3:12[0m 7s/step - accuracy: 0.9224 - dice_coeff: 0.9286 - iou_score: 0.9120 - loss: 0.2770 - precision: 0.9292 - recall: 0.9802
[1m 98/125[0m [32m━━━━━━━━━━━━━━━[0m[37m━━━━━[0m [1m3:06[0m 7s/step - accuracy: 0.9224 - dice_coeff: 0.9286 - iou_score: 0.9120 - loss: 0.2770 - precision: 0.9292 - recall: 0.9802
[1m 99/125[0m [32m━━━━━━━━━━━━━━━[0m[37m━━━━━[0m [1m2:59[0m 7s/step - accuracy: 0.9224 - dice_coeff: 0.9286 - iou_score: 0.9120 - loss: 0.2770 - precision: 0.9291 - recall: 0.9802
[1m100/125[0m [32m━━━━━━━━━━━━━━━━[0m[37m━━━━[0m [1m2:52[0m 7s/step - accuracy: 0.9224 - dice_coeff: 0.9286 - iou_score: 0.9120 - loss: 0.2770 - precision: 0.9291 - recall: 0.9802
[1m101/125[0m [32m━━━━━━━━━━━━━━━━[0m[37m━━━━[0m [1m2:45[0m 7s/step - accuracy: 0.9224 - dice_coeff: 0.9286 - iou_score: 0.9120 - loss: 0.2770 - precision: 0.9291 - recall: 0.9802
[1m102/125[0m [32m━━━━━━━━━━━━━━━━[0m[37m━━━━[0m [1m2:38[0m 7s/step - accuracy: 0.9224 - dice_coeff: 0.9286 - iou_score: 0.9120 - loss: 0.2770 - precision: 0.9291 - recall: 0.9802
[1m103/125[0m [32m━━━━━━━━━━━━━━━━[0m[37m━━━━[0m [1m2:31[0m 7s/step - accuracy: 0.9224 - dice_coeff: 0.9286 - iou_score: 0.9119 - loss: 0.2770 - precision: 0.9291 - recall: 0.9802
[1m104/125[0m [32m━━━━━━━━━━━━━━━━[0m[37m━━━━[0m [1m2:24[0m 7s/step - accuracy: 0.9224 - dice_coeff: 0.9286 - iou_score: 0.9119 - loss: 0.2770 - precision: 0.9291 - recall: 0.9802
[1m105/125[0m [32m━━━━━━━━━━━━━━━━[0m[37m━━━━[0m [1m2:17[0m 7s/step - accuracy: 0.9224 - dice_coeff: 0.9286 - iou_score: 0.9119 - loss: 0.2771 - precision: 0.9291 - recall: 0.9802
[1m106/125[0m [32m━━━━━━━━━━━━━━━━[0m[37m━━━━[0m [1m2:10[0m 7s/step - accuracy: 0.9224 - dice_coeff: 0.9286 - iou_score: 0.9119 - loss: 0.2771 - precision: 0.9291 - recall: 0.9802
[1m107/125[0m [32m━━━━━━━━━━━━━━━━━[0m[37m━━━[0m [1m2:04[0m 7s/step - accuracy: 0.9224 - dice_coeff: 0.9286 - iou_score: 0.9119 - loss: 0.2771 - precision: 0.9291 - recall: 0.9802
[1m108/125[0m [32m━━━━━━━━━━━━━━━━━[0m[37m━━━[0m [1m1:57[0m 7s/step - accuracy: 0.9224 - dice_coeff: 0.9286 - iou_score: 0.9119 - loss: 0.2771 - precision: 0.9291 - recall: 0.9802
[1m109/125[0m [32m━━━━━━━━━━━━━━━━━[0m[37m━━━[0m [1m1:50[0m 7s/step - accuracy: 0.9224 - dice_coeff: 0.9286 - iou_score: 0.9119 - loss: 0.2771 - precision: 0.9291 - recall: 0.9802
[1m110/125[0m [32m━━━━━━━━━━━━━━━━━[0m[37m━━━[0m [1m1:43[0m 7s/step - accuracy: 0.9224 - dice_coeff: 0.9286 - iou_score: 0.9119 - loss: 0.2771 - precision: 0.9291 - recall: 0.9802
[1m111/125[0m [32m━━━━━━━━━━━━━━━━━[0m[37m━━━[0m [1m1:36[0m 7s/step - accuracy: 0.9224 - dice_coeff: 0.9286 - iou_score: 0.9119 - loss: 0.2771 - precision: 0.9291 - recall: 0.9802
[1m112/125[0m [32m━━━━━━━━━━━━━━━━━[0m[37m━━━[0m [1m1:29[0m 7s/step - accuracy: 0.9224 - dice_coeff: 0.9286 - iou_score: 0.9119 - loss: 0.2771 - precision: 0.9291 - recall: 0.9802
[1m113/125[0m [32m━━━━━━━━━━━━━━━━━━[0m[37m━━[0m [1m1:22[0m 7s/step - accuracy: 0.9224 - dice_coeff: 0.9286 - iou_score: 0.9119 - loss: 0.2771 - precision: 0.9291 - recall: 0.9802
[1m114/125[0m [32m━━━━━━━━━━━━━━━━━━[0m[37m━━[0m [1m1:15[0m 7s/step - accuracy: 0.9224 - dice_coeff: 0.9286 - iou_score: 0.9119 - loss: 0.2771 - precision: 0.9291 - recall: 0.9802
[1m115/125[0m [32m━━━━━━━━━━━━━━━━━━[0m[37m━━[0m [1m1:08[0m 7s/step - accuracy: 0.9224 - dice_coeff: 0.9286 - iou_score: 0.9119 - loss: 0.2771 - precision: 0.9291 - recall: 0.9802
[1m116/125[0m [32m━━━━━━━━━━━━━━━━━━[0m[37m━━[0m [1m1:02[0m 7s/step - accuracy: 0.9224 - dice_coeff: 0.9286 - iou_score: 0.9119 - loss: 0.2770 - precision: 0.9291 - recall: 0.9802
[1m117/125[0m [32m━━━━━━━━━━━━━━━━━━[0m[37m━━[0m [1m55s[0m 7s/step - accuracy: 0.9224 - dice_coeff: 0.9286 - iou_score: 0.9119 - loss: 0.2770 - precision: 0.9291 - recall: 0.9802 
[1m118/125[0m [32m━━━━━━━━━━━━━━━━━━[0m[37m━━[0m [1m48s[0m 7s/step - accuracy: 0.9224 - dice_coeff: 0.9286 - iou_score: 0.9119 - loss: 0.2770 - precision: 0.9291 - recall: 0.9802
[1m119/125[0m [32m━━━━━━━━━━━━━━━━━━━[0m[37m━[0m [1m41s[0m 7s/step - accuracy: 0.9224 - dice_coeff: 0.9286 - iou_score: 0.9119 - loss: 0.2770 - precision: 0.9291 - recall: 0.9802
[1m120/125[0m [32m━━━━━━━━━━━━━━━━━━━[0m[37m━[0m [1m34s[0m 7s/step - accuracy: 0.9224 - dice_coeff: 0.9286 - iou_score: 0.9119 - loss: 0.2770 - precision: 0.9291 - recall: 0.9802
[1m121/125[0m [32m━━━━━━━━━━━━━━━━━━━[0m[37m━[0m [1m27s[0m 7s/step - accuracy: 0.9224 - dice_coeff: 0.9286 - iou_score: 0.9119 - loss: 0.2770 - precision: 0.9291 - recall: 0.9802
[1m122/125[0m [32m━━━━━━━━━━━━━━━━━━━[0m[37m━[0m [1m20s[0m 7s/step - accuracy: 0.9224 - dice_coeff: 0.9286 - iou_score: 0.9119 - loss: 0.2770 - precision: 0.9291 - recall: 0.9802
[1m123/125[0m [32m━━━━━━━━━━━━━━━━━━━[0m[37m━[0m [1m13s[0m 7s/step - accuracy: 0.9224 - dice_coeff: 0.9286 - iou_score: 0.9119 - loss: 0.2770 - precision: 0.9291 - recall: 0.9802
[1m124/125[0m [32m━━━━━━━━━━━━━━━━━━━[0m[37m━[0m [1m6s[0m 7s/step - accuracy: 0.9224 - dice_coeff: 0.9286 - iou_score: 0.9119 - loss: 0.2770 - precision: 0.9291 - recall: 0.9802 
[1m125/125[0m [32m━━━━━━━━━━━━━━━━━━━━[0m[37m[0m [1m0s[0m 7s/step - accuracy: 0.9224 - dice_coeff: 0.9286 - iou_score: 0.9119 - loss: 0.2770 - precision: 0.9291 - recall: 0.9802
Epoch 12: val_dice_coeff improved from None to 0.91733, saving model to d:\labdatanew@aniket\unet++\models\best_model.keras

Epoch 12: finished saving model to d:\labdatanew@aniket\unet++\models\best_model.keras

[1m125/125[0m [32m━━━━━━━━━━━━━━━━━━━━[0m[37m[0m [1m963s[0m 7s/step - accuracy: 0.9227 - dice_coeff: 0.9289 - iou_score: 0.9123 - loss: 0.2753 - precision: 0.9295 - recall: 0.9801 - val_accuracy: 0.9072 - val_dice_coeff: 0.9173 - val_iou_score: 0.8938 - val_loss: 0.3239 - val_precision: 0.9072 - val_recall: 0.9837 - learning_rate: 5.0000e-05
Epoch 13/100

[1m  1/125[0m [37m━━━━━━━━━━━━━━━━━━━━[0m [1m14:14[0m 7s/step - accuracy: 0.9208 - dice_coeff: 0.9293 - iou_score: 0.9107 - loss: 0.2770 - precision: 0.9246 - recall: 0.9838
[1m  2/125[0m [37m━━━━━━━━━━━━━━━━━━━━[0m [1m14:14[0m 7s/step - accuracy: 0.9211 - dice_coeff: 0.9294 - iou_score: 0.9112 - loss: 0.2772 - precision: 0.9254 - recall: 0.9835
[1m  3/125[0m [37m━━━━━━━━━━━━━━━━━━━━[0m [1m14:07[0m 7s/step - accuracy: 0.9222 - dice_coeff: 0.9298 - iou_score: 0.9124 - loss: 0.2751 - precision: 0.9273 - recall: 0.9828
[1m  4/125[0m [37m━━━━━━━━━━━━━━━━━━━━[0m [1m13:59[0m 7s/step - accuracy: 0.9219 - dice_coeff: 0.9296 - iou_score: 0.9121 - loss: 0.2760 - precision: 0.9273 - recall: 0.9823
[1m  5/125[0m [37m━━━━━━━━━━━━━━━━━━━━[0m [1m13:47[0m 7s/step - accuracy: 0.9215 - dice_coeff: 0.9294 - iou_score: 0.9116 - loss: 0.2772 - precision: 0.9269 - recall: 0.9823
[1m  6/125[0m [37m━━━━━━━━━━━━━━━━━━━━[0m [1m13:37[0m 7s/step - accuracy: 0.9213 - dice_coeff: 0.9293 - iou_score: 0.9113 - loss: 0.2779 - precision: 0.9265 - recall: 0.9824
[1m  7/125[0m [32m━[0m[37m━━━━━━━━━━━━━━━━━━━[0m [1m13:30[0m 7s/step - accuracy: 0.9212 - dice_coeff: 0.9293 - iou_score: 0.9112 - loss: 0.2783 - precision: 0.9265 - recall: 0.9822
[1m  8/125[0m [32m━[0m[37m━━━━━━━━━━━━━━━━━━━[0m [1m13:26[0m 7s/step - accuracy: 0.9212 - dice_coeff: 0.9292 - iou_score: 0.9111 - loss: 0.2784 - precision: 0.9265 - recall: 0.9821
[1m  9/125[0m [32m━[0m[37m━━━━━━━━━━━━━━━━━━━[0m [1m13:19[0m 7s/step - accuracy: 0.9211 - dice_coeff: 0.9292 - iou_score: 0.9111 - loss: 0.2785 - precision: 0.9265 - recall: 0.9821
[1m 10/125[0m [32m━[0m[37m━━━━━━━━━━━━━━━━━━━[0m [1m13:12[0m 7s/step - accuracy: 0.9211 - dice_coeff: 0.9292 - iou_score: 0.9111 - loss: 0.2784 - precision: 0.9266 - recall: 0.9820
[1m 11/125[0m [32m━[0m[37m━━━━━━━━━━━━━━━━━━━[0m [1m13:06[0m 7s/step - accuracy: 0.9212 - dice_coeff: 0.9291 - iou_score: 0.9111 - loss: 0.2784 - precision: 0.9266 - recall: 0.9820
[1m 12/125[0m [32m━[0m[37m━━━━━━━━━━━━━━━━━━━[0m [1m12:59[0m 7s/step - accuracy: 0.9212 - dice_coeff: 0.9291 - iou_score: 0.9111 - loss: 0.2782 - precision: 0.9267 - recall: 0.9819
[1m 13/125[0m [32m━━[0m[37m━━━━━━━━━━━━━━━━━━[0m [1m12:52[0m 7s/step - accuracy: 0.9213 - dice_coeff: 0.9292 - iou_score: 0.9112 - loss: 0.2779 - precision: 0.9268 - recall: 0.9819
[1m 14/125[0m [32m━━[0m[37m━━━━━━━━━━━━━━━━━━[0m [1m12:45[0m 7s/step - accuracy: 0.9215 - dice_coeff: 0.9292 - iou_score: 0.9113 - loss: 0.2776 - precision: 0.9270 - recall: 0.9818
[1m 15/125[0m [32m━━[0m[37m━━━━━━━━━━━━━━━━━━[0m [1m12:38[0m 7s/step - accuracy: 0.9216 - dice_coeff: 0.9293 - iou_score: 0.9114 - loss: 0.2773 - precision: 0.9272 - recall: 0.9817
[1m 16/125[0m [32m━━[0m[37m━━━━━━━━━━━━━━━━━━[0m [1m12:31[0m 7s/step - accuracy: 0.9216 - dice_coeff: 0.9293 - iou_score: 0.9115 - loss: 0.2770 - precision: 0.9273 - recall: 0.9817
[1m 17/125[0m [32m━━[0m[37m━━━━━━━━━━━━━━━━━━[0m [1m12:24[0m 7s/step - accuracy: 0.9217 - dice_coeff: 0.9293 - iou_score: 0.9115 - loss: 0.2768 - precision: 0.9274 - recall: 0.9816
[1m 18/125[0m [32m━━[0m[37m━━━━━━━━━━━━━━━━━━[0m [1m12:16[0m 7s/step - accuracy: 0.9218 - dice_coeff: 0.9294 - iou_score: 0.9116 - loss: 0.2765 - precision: 0.9275 - recall: 0.9816
[1m 19/125[0m [32m━━━[0m[37m━━━━━━━━━━━━━━━━━[0m [1m12:09[0m 7s/step - accuracy: 0.9219 - dice_coeff: 0.9294 - iou_score: 0.9117 - loss: 0.2763 - precision: 0.9276 - recall: 0.9816
[1m 20/125[0m [32m━━━[0m[37m━━━━━━━━━━━━━━━━━[0m [1m12:02[0m 7s/step - accuracy: 0.9220 - dice_coeff: 0.9295 - iou_score: 0.9118 - loss: 0.2760 - precision: 0.9277 - recall: 0.9816
[1m 21/125[0m [32m━━━[0m[37m━━━━━━━━━━━━━━━━━[0m [1m11:55[0m 7s/step - accuracy: 0.9221 - dice_coeff: 0.9295 - iou_score: 0.9118 - loss: 0.2758 - precision: 0.9278 - recall: 0.9815
[1m 22/125[0m [32m━━━[0m[37m━━━━━━━━━━━━━━━━━[0m [1m11:48[0m 7s/step - accuracy: 0.9221 - dice_coeff: 0.9295 - iou_score: 0.9119 - loss: 0.2756 - precision: 0.9278 - recall: 0.9815
[1m 23/125[0m [32m━━━[0m[37m━━━━━━━━━━━━━━━━━[0m [1m11:40[0m 7s/step - accuracy: 0.9222 - dice_coeff: 0.9296 - iou_score: 0.9119 - loss: 0.2754 - precision: 0.9280 - recall: 0.9815
[1m 24/125[0m [32m━━━[0m[37m━━━━━━━━━━━━━━━━━[0m [1m11:33[0m 7s/step - accuracy: 0.9223 - dice_coeff: 0.9296 - iou_score: 0.9120 - loss: 0.2753 - precision: 0.9281 - recall: 0.9814
[1m 25/125[0m [32m━━━━[0m[37m━━━━━━━━━━━━━━━━[0m [1m11:26[0m 7s/step - accuracy: 0.9223 - dice_coeff: 0.9296 - iou_score: 0.9120 - loss: 0.2752 - precision: 0.9281 - recall: 0.9814
[1m 26/125[0m [32m━━━━[0m[37m━━━━━━━━━━━━━━━━[0m [1m11:19[0m 7s/step - accuracy: 0.9223 - dice_coeff: 0.9296 - iou_score: 0.9120 - loss: 0.2752 - precision: 0.9282 - recall: 0.9813
[1m 27/125[0m [32m━━━━[0m[37m━━━━━━━━━━━━━━━━[0m [1m11:12[0m 7s/step - accuracy: 0.9223 - dice_coeff: 0.9296 - iou_score: 0.9120 - loss: 0.2751 - precision: 0.9282 - recall: 0.9813
[1m 28/125[0m [32m━━━━[0m[37m━━━━━━━━━━━━━━━━[0m [1m11:06[0m 7s/step - accuracy: 0.9224 - dice_coeff: 0.9296 - iou_score: 0.9121 - loss: 0.2750 - precision: 0.9283 - recall: 0.9813
[1m 29/125[0m [32m━━━━[0m[37m━━━━━━━━━━━━━━━━[0m [1m10:59[0m 7s/step - accuracy: 0.9225 - dice_coeff: 0.9297 - iou_score: 0.9121 - loss: 0.2748 - precision: 0.9284 - recall: 0.9813
[1m 30/125[0m [32m━━━━[0m[37m━━━━━━━━━━━━━━━━[0m [1m10:52[0m 7s/step - accuracy: 0.9225 - dice_coeff: 0.9297 - iou_score: 0.9122 - loss: 0.2746 - precision: 0.9284 - recall: 0.9812
[1m 31/125[0m [32m━━━━[0m[37m━━━━━━━━━━━━━━━━[0m [1m10:45[0m 7s/step - accuracy: 0.9226 - dice_coeff: 0.9297 - iou_score: 0.9122 - loss: 0.2745 - precision: 0.9285 - recall: 0.9812
[1m 32/125[0m [32m━━━━━[0m[37m━━━━━━━━━━━━━━━[0m [1m10:38[0m 7s/step - accuracy: 0.9226 - dice_coeff: 0.9297 - iou_score: 0.9123 - loss: 0.2744 - precision: 0.9285 - recall: 0.9812
[1m 33/125[0m [32m━━━━━[0m[37m━━━━━━━━━━━━━━━[0m [1m10:32[0m 7s/step - accuracy: 0.9226 - dice_coeff: 0.9298 - iou_score: 0.9123 - loss: 0.2743 - precision: 0.9286 - recall: 0.9812
[1m 34/125[0m [32m━━━━━[0m[37m━━━━━━━━━━━━━━━[0m [1m10:25[0m 7s/step - accuracy: 0.9227 - dice_coeff: 0.9298 - iou_score: 0.9123 - loss: 0.2742 - precision: 0.9286 - recall: 0.9812
[1m 35/125[0m [32m━━━━━[0m[37m━━━━━━━━━━━━━━━[0m [1m10:18[0m 7s/step - accuracy: 0.9227 - dice_coeff: 0.9298 - iou_score: 0.9124 - loss: 0.2741 - precision: 0.9287 - recall: 0.9812
[1m 36/125[0m [32m━━━━━[0m[37m━━━━━━━━━━━━━━━[0m [1m10:11[0m 7s/step - accuracy: 0.9228 - dice_coeff: 0.9298 - iou_score: 0.9124 - loss: 0.2740 - precision: 0.9287 - recall: 0.9811
[1m 37/125[0m [32m━━━━━[0m[37m━━━━━━━━━━━━━━━[0m [1m10:04[0m 7s/step - accuracy: 0.9228 - dice_coeff: 0.9299 - iou_score: 0.9124 - loss: 0.2739 - precision: 0.9288 - recall: 0.9811
[1m 38/125[0m [32m━━━━━━[0m[37m━━━━━━━━━━━━━━[0m [1m9:57[0m 7s/step - accuracy: 0.9228 - dice_coeff: 0.9299 - iou_score: 0.9125 - loss: 0.2738 - precision: 0.9288 - recall: 0.9811 
[1m 39/125[0m [32m━━━━━━[0m[37m━━━━━━━━━━━━━━[0m [1m9:50[0m 7s/step - accuracy: 0.9228 - dice_coeff: 0.9299 - iou_score: 0.9125 - loss: 0.2737 - precision: 0.9289 - recall: 0.9811
[1m 40/125[0m [32m━━━━━━[0m[37m━━━━━━━━━━━━━━[0m [1m9:43[0m 7s/step - accuracy: 0.9229 - dice_coeff: 0.9299 - iou_score: 0.9125 - loss: 0.2736 - precision: 0.9289 - recall: 0.9811
[1m 41/125[0m [32m━━━━━━[0m[37m━━━━━━━━━━━━━━[0m [1m9:37[0m 7s/step - accuracy: 0.9229 - dice_coeff: 0.9299 - iou_score: 0.9126 - loss: 0.2735 - precision: 0.9290 - recall: 0.9811
[1m 42/125[0m [32m━━━━━━[0m[37m━━━━━━━━━━━━━━[0m [1m9:30[0m 7s/step - accuracy: 0.9230 - dice_coeff: 0.9300 - iou_score: 0.9126 - loss: 0.2734 - precision: 0.9290 - recall: 0.9811
[1m 43/125[0m [32m━━━━━━[0m[37m━━━━━━━━━━━━━━[0m [1m9:23[0m 7s/step - accuracy: 0.9230 - dice_coeff: 0.9300 - iou_score: 0.9127 - loss: 0.2733 - precision: 0.9291 - recall: 0.9810
[1m 44/125[0m [32m━━━━━━━[0m[37m━━━━━━━━━━━━━[0m [1m9:16[0m 7s/step - accuracy: 0.9230 - dice_coeff: 0.9300 - iou_score: 0.9127 - loss: 0.2732 - precision: 0.9291 - recall: 0.9810
[1m 45/125[0m [32m━━━━━━━[0m[37m━━━━━━━━━━━━━[0m [1m9:09[0m 7s/step - accuracy: 0.9231 - dice_coeff: 0.9300 - iou_score: 0.9127 - loss: 0.2731 - precision: 0.9292 - recall: 0.9810
[1m 46/125[0m [32m━━━━━━━[0m[37m━━━━━━━━━━━━━[0m [1m9:03[0m 7s/step - accuracy: 0.9231 - dice_coeff: 0.9301 - iou_score: 0.9128 - loss: 0.2730 - precision: 0.9292 - recall: 0.9810
[1m 47/125[0m [32m━━━━━━━[0m[37m━━━━━━━━━━━━━[0m [1m8:56[0m 7s/step - accuracy: 0.9231 - dice_coeff: 0.9301 - iou_score: 0.9128 - loss: 0.2729 - precision: 0.9292 - recall: 0.9810
[1m 48/125[0m [32m━━━━━━━[0m[37m━━━━━━━━━━━━━[0m [1m8:49[0m 7s/step - accuracy: 0.9231 - dice_coeff: 0.9301 - iou_score: 0.9128 - loss: 0.2729 - precision: 0.9293 - recall: 0.9810
[1m 49/125[0m [32m━━━━━━━[0m[37m━━━━━━━━━━━━━[0m [1m8:42[0m 7s/step - accuracy: 0.9231 - dice_coeff: 0.9301 - iou_score: 0.9128 - loss: 0.2728 - precision: 0.9293 - recall: 0.9810
[1m 50/125[0m [32m━━━━━━━━[0m[37m━━━━━━━━━━━━[0m [1m8:35[0m 7s/step - accuracy: 0.9232 - dice_coeff: 0.9301 - iou_score: 0.9128 - loss: 0.2728 - precision: 0.9293 - recall: 0.9810
[1m 51/125[0m [32m━━━━━━━━[0m[37m━━━━━━━━━━━━[0m [1m8:29[0m 7s/step - accuracy: 0.9232 - dice_coeff: 0.9301 - iou_score: 0.9129 - loss: 0.2727 - precision: 0.9293 - recall: 0.9810
[1m 52/125[0m [32m━━━━━━━━[0m[37m━━━━━━━━━━━━[0m [1m8:22[0m 7s/step - accuracy: 0.9232 - dice_coeff: 0.9302 - iou_score: 0.9129 - loss: 0.2727 - precision: 0.9294 - recall: 0.9810
[1m 53/125[0m [32m━━━━━━━━[0m[37m━━━━━━━━━━━━[0m [1m8:15[0m 7s/step - accuracy: 0.9232 - dice_coeff: 0.9302 - iou_score: 0.9129 - loss: 0.2727 - precision: 0.9294 - recall: 0.9810
[1m 54/125[0m [32m━━━━━━━━[0m[37m━━━━━━━━━━━━[0m [1m8:08[0m 7s/step - accuracy: 0.9232 - dice_coeff: 0.9302 - iou_score: 0.9129 - loss: 0.2726 - precision: 0.9294 - recall: 0.9810
[1m 55/125[0m [32m━━━━━━━━[0m[37m━━━━━━━━━━━━[0m [1m8:02[0m 7s/step - accuracy: 0.9232 - dice_coeff: 0.9302 - iou_score: 0.9129 - loss: 0.2726 - precision: 0.9294 - recall: 0.9810
[1m 56/125[0m [32m━━━━━━━━[0m[37m━━━━━━━━━━━━[0m [1m7:55[0m 7s/step - accuracy: 0.9232 - dice_coeff: 0.9302 - iou_score: 0.9129 - loss: 0.2726 - precision: 0.9294 - recall: 0.9810
[1m 57/125[0m [32m━━━━━━━━━[0m[37m━━━━━━━━━━━[0m [1m7:48[0m 7s/step - accuracy: 0.9232 - dice_coeff: 0.9302 - iou_score: 0.9129 - loss: 0.2726 - precision: 0.9294 - recall: 0.9810
[1m 58/125[0m [32m━━━━━━━━━[0m[37m━━━━━━━━━━━[0m [1m7:41[0m 7s/step - accuracy: 0.9232 - dice_coeff: 0.9302 - iou_score: 0.9129 - loss: 0.2726 - precision: 0.9295 - recall: 0.9810
[1m 59/125[0m [32m━━━━━━━━━[0m[37m━━━━━━━━━━━[0m [1m7:34[0m 7s/step - accuracy: 0.9232 - dice_coeff: 0.9302 - iou_score: 0.9129 - loss: 0.2725 - precision: 0.9295 - recall: 0.9809
[1m 60/125[0m [32m━━━━━━━━━[0m[37m━━━━━━━━━━━[0m [1m7:27[0m 7s/step - accuracy: 0.9233 - dice_coeff: 0.9302 - iou_score: 0.9130 - loss: 0.2725 - precision: 0.9295 - recall: 0.9809
[1m 61/125[0m [32m━━━━━━━━━[0m[37m━━━━━━━━━━━[0m [1m7:20[0m 7s/step - accuracy: 0.9233 - dice_coeff: 0.9302 - iou_score: 0.9130 - loss: 0.2725 - precision: 0.9295 - recall: 0.9809
[1m 62/125[0m [32m━━━━━━━━━[0m[37m━━━━━━━━━━━[0m [1m7:14[0m 7s/step - accuracy: 0.9233 - dice_coeff: 0.9302 - iou_score: 0.9130 - loss: 0.2725 - precision: 0.9295 - recall: 0.9809
[1m 63/125[0m [32m━━━━━━━━━━[0m[37m━━━━━━━━━━[0m [1m7:07[0m 7s/step - accuracy: 0.9233 - dice_coeff: 0.9302 - iou_score: 0.9130 - loss: 0.2725 - precision: 0.9295 - recall: 0.9809
[1m 64/125[0m [32m━━━━━━━━━━[0m[37m━━━━━━━━━━[0m [1m7:00[0m 7s/step - accuracy: 0.9233 - dice_coeff: 0.9302 - iou_score: 0.9130 - loss: 0.2725 - precision: 0.9295 - recall: 0.9809
[1m 65/125[0m [32m━━━━━━━━━━[0m[37m━━━━━━━━━━[0m [1m6:53[0m 7s/step - accuracy: 0.9233 - dice_coeff: 0.9302 - iou_score: 0.9130 - loss: 0.2725 - precision: 0.9296 - recall: 0.9809
[1m 66/125[0m [32m━━━━━━━━━━[0m[37m━━━━━━━━━━[0m [1m6:46[0m 7s/step - accuracy: 0.9233 - dice_coeff: 0.9302 - iou_score: 0.9130 - loss: 0.2724 - precision: 0.9296 - recall: 0.9809
[1m 67/125[0m [32m━━━━━━━━━━[0m[37m━━━━━━━━━━[0m [1m6:39[0m 7s/step - accuracy: 0.9233 - dice_coeff: 0.9302 - iou_score: 0.9130 - loss: 0.2724 - precision: 0.9296 - recall: 0.9809
[1m 68/125[0m [32m━━━━━━━━━━[0m[37m━━━━━━━━━━[0m [1m6:32[0m 7s/step - accuracy: 0.9233 - dice_coeff: 0.9302 - iou_score: 0.9130 - loss: 0.2724 - precision: 0.9296 - recall: 0.9809
[1m 69/125[0m [32m━━━━━━━━━━━[0m[37m━━━━━━━━━[0m [1m6:25[0m 7s/step - accuracy: 0.9233 - dice_coeff: 0.9302 - iou_score: 0.9130 - loss: 0.2724 - precision: 0.9296 - recall: 0.9809
[1m 70/125[0m [32m━━━━━━━━━━━[0m[37m━━━━━━━━━[0m [1m6:18[0m 7s/step - accuracy: 0.9233 - dice_coeff: 0.9302 - iou_score: 0.9130 - loss: 0.2723 - precision: 0.9296 - recall: 0.9808
[1m 71/125[0m [32m━━━━━━━━━━━[0m[37m━━━━━━━━━[0m [1m6:12[0m 7s/step - accuracy: 0.9233 - dice_coeff: 0.9302 - iou_score: 0.9130 - loss: 0.2723 - precision: 0.9296 - recall: 0.9808
[1m 72/125[0m [32m━━━━━━━━━━━[0m[37m━━━━━━━━━[0m [1m6:05[0m 7s/step - accuracy: 0.9233 - dice_coeff: 0.9302 - iou_score: 0.9130 - loss: 0.2723 - precision: 0.9296 - recall: 0.9808
[1m 73/125[0m [32m━━━━━━━━━━━[0m[37m━━━━━━━━━[0m [1m5:58[0m 7s/step - accuracy: 0.9233 - dice_coeff: 0.9302 - iou_score: 0.9130 - loss: 0.2723 - precision: 0.9297 - recall: 0.9808
[1m 74/125[0m [32m━━━━━━━━━━━[0m[37m━━━━━━━━━[0m [1m5:51[0m 7s/step - accuracy: 0.9233 - dice_coeff: 0.9302 - iou_score: 0.9130 - loss: 0.2723 - precision: 0.9297 - recall: 0.9808
[1m 75/125[0m [32m━━━━━━━━━━━━[0m[37m━━━━━━━━[0m [1m5:44[0m 7s/step - accuracy: 0.9233 - dice_coeff: 0.9303 - iou_score: 0.9130 - loss: 0.2723 - precision: 0.9297 - recall: 0.9808
[1m 76/125[0m [32m━━━━━━━━━━━━[0m[37m━━━━━━━━[0m [1m5:37[0m 7s/step - accuracy: 0.9233 - dice_coeff: 0.9303 - iou_score: 0.9130 - loss: 0.2723 - precision: 0.9297 - recall: 0.9808
[1m 77/125[0m [32m━━━━━━━━━━━━[0m[37m━━━━━━━━[0m [1m5:30[0m 7s/step - accuracy: 0.9233 - dice_coeff: 0.9303 - iou_score: 0.9130 - loss: 0.2723 - precision: 0.9297 - recall: 0.9808
[1m 78/125[0m [32m━━━━━━━━━━━━[0m[37m━━━━━━━━[0m [1m5:23[0m 7s/step - accuracy: 0.9233 - dice_coeff: 0.9303 - iou_score: 0.9131 - loss: 0.2722 - precision: 0.9297 - recall: 0.9808
[1m 79/125[0m [32m━━━━━━━━━━━━[0m[37m━━━━━━━━[0m [1m5:16[0m 7s/step - accuracy: 0.9233 - dice_coeff: 0.9303 - iou_score: 0.9131 - loss: 0.2722 - precision: 0.9297 - recall: 0.9808
[1m 80/125[0m [32m━━━━━━━━━━━━[0m[37m━━━━━━━━[0m [1m5:10[0m 7s/step - accuracy: 0.9233 - dice_coeff: 0.9303 - iou_score: 0.9131 - loss: 0.2722 - precision: 0.9297 - recall: 0.9808
[1m 81/125[0m [32m━━━━━━━━━━━━[0m[37m━━━━━━━━[0m [1m5:03[0m 7s/step - accuracy: 0.9233 - dice_coeff: 0.9303 - iou_score: 0.9131 - loss: 0.2722 - precision: 0.9297 - recall: 0.9808
[1m 82/125[0m [32m━━━━━━━━━━━━━[0m[37m━━━━━━━[0m [1m4:56[0m 7s/step - accuracy: 0.9233 - dice_coeff: 0.9303 - iou_score: 0.9131 - loss: 0.2722 - precision: 0.9297 - recall: 0.9808
[1m 83/125[0m [32m━━━━━━━━━━━━━[0m[37m━━━━━━━[0m [1m4:49[0m 7s/step - accuracy: 0.9233 - dice_coeff: 0.9303 - iou_score: 0.9131 - loss: 0.2722 - precision: 0.9297 - recall: 0.9808
[1m 84/125[0m [32m━━━━━━━━━━━━━[0m[37m━━━━━━━[0m [1m4:42[0m 7s/step - accuracy: 0.9233 - dice_coeff: 0.9303 - iou_score: 0.9131 - loss: 0.2722 - precision: 0.9297 - recall: 0.9808
[1m 85/125[0m [32m━━━━━━━━━━━━━[0m[37m━━━━━━━[0m [1m4:35[0m 7s/step - accuracy: 0.9233 - dice_coeff: 0.9303 - iou_score: 0.9131 - loss: 0.2722 - precision: 0.9297 - recall: 0.9808
[1m 86/125[0m [32m━━━━━━━━━━━━━[0m[37m━━━━━━━[0m [1m4:28[0m 7s/step - accuracy: 0.9233 - dice_coeff: 0.9303 - iou_score: 0.9131 - loss: 0.2722 - precision: 0.9297 - recall: 0.9808
[1m 87/125[0m [32m━━━━━━━━━━━━━[0m[37m━━━━━━━[0m [1m4:21[0m 7s/step - accuracy: 0.9233 - dice_coeff: 0.9303 - iou_score: 0.9131 - loss: 0.2722 - precision: 0.9297 - recall: 0.9808
[1m 88/125[0m [32m━━━━━━━━━━━━━━[0m[37m━━━━━━[0m [1m4:14[0m 7s/step - accuracy: 0.9234 - dice_coeff: 0.9303 - iou_score: 0.9131 - loss: 0.2722 - precision: 0.9297 - recall: 0.9808
[1m 89/125[0m [32m━━━━━━━━━━━━━━[0m[37m━━━━━━[0m [1m4:08[0m 7s/step - accuracy: 0.9234 - dice_coeff: 0.9303 - iou_score: 0.9131 - loss: 0.2722 - precision: 0.9297 - recall: 0.9808
[1m 90/125[0m [32m━━━━━━━━━━━━━━[0m[37m━━━━━━[0m [1m4:01[0m 7s/step - accuracy: 0.9234 - dice_coeff: 0.9303 - iou_score: 0.9131 - loss: 0.2722 - precision: 0.9297 - recall: 0.9808
[1m 91/125[0m [32m━━━━━━━━━━━━━━[0m[37m━━━━━━[0m [1m3:54[0m 7s/step - accuracy: 0.9234 - dice_coeff: 0.9303 - iou_score: 0.9131 - loss: 0.2722 - precision: 0.9297 - recall: 0.9808
[1m 92/125[0m [32m━━━━━━━━━━━━━━[0m[37m━━━━━━[0m [1m3:47[0m 7s/step - accuracy: 0.9234 - dice_coeff: 0.9303 - iou_score: 0.9131 - loss: 0.2722 - precision: 0.9297 - recall: 0.9808
[1m 93/125[0m [32m━━━━━━━━━━━━━━[0m[37m━━━━━━[0m [1m3:40[0m 7s/step - accuracy: 0.9234 - dice_coeff: 0.9303 - iou_score: 0.9131 - loss: 0.2722 - precision: 0.9297 - recall: 0.9808
[1m 94/125[0m [32m━━━━━━━━━━━━━━━[0m[37m━━━━━[0m [1m3:33[0m 7s/step - accuracy: 0.9234 - dice_coeff: 0.9303 - iou_score: 0.9131 - loss: 0.2722 - precision: 0.9298 - recall: 0.9808
[1m 95/125[0m [32m━━━━━━━━━━━━━━━[0m[37m━━━━━[0m [1m3:26[0m 7s/step - accuracy: 0.9234 - dice_coeff: 0.9303 - iou_score: 0.9131 - loss: 0.2722 - precision: 0.9298 - recall: 0.9808
[1m 96/125[0m [32m━━━━━━━━━━━━━━━[0m[37m━━━━━[0m [1m3:19[0m 7s/step - accuracy: 0.9234 - dice_coeff: 0.9303 - iou_score: 0.9131 - loss: 0.2722 - precision: 0.9298 - recall: 0.9807
[1m 97/125[0m [32m━━━━━━━━━━━━━━━[0m[37m━━━━━[0m [1m3:12[0m 7s/step - accuracy: 0.9234 - dice_coeff: 0.9303 - iou_score: 0.9131 - loss: 0.2722 - precision: 0.9298 - recall: 0.9807
[1m 98/125[0m [32m━━━━━━━━━━━━━━━[0m[37m━━━━━[0m [1m3:06[0m 7s/step - accuracy: 0.9234 - dice_coeff: 0.9303 - iou_score: 0.9131 - loss: 0.2722 - precision: 0.9298 - recall: 0.9807
[1m 99/125[0m [32m━━━━━━━━━━━━━━━[0m[37m━━━━━[0m [1m2:59[0m 7s/step - accuracy: 0.9234 - dice_coeff: 0.9303 - iou_score: 0.9131 - loss: 0.2722 - precision: 0.9298 - recall: 0.9807
[1m100/125[0m [32m━━━━━━━━━━━━━━━━[0m[37m━━━━[0m [1m2:52[0m 7s/step - accuracy: 0.9234 - dice_coeff: 0.9303 - iou_score: 0.9131 - loss: 0.2722 - precision: 0.9298 - recall: 0.9807
[1m101/125[0m [32m━━━━━━━━━━━━━━━━[0m[37m━━━━[0m [1m2:45[0m 7s/step - accuracy: 0.9234 - dice_coeff: 0.9303 - iou_score: 0.9131 - loss: 0.2722 - precision: 0.9298 - recall: 0.9807
[1m102/125[0m [32m━━━━━━━━━━━━━━━━[0m[37m━━━━[0m [1m2:38[0m 7s/step - accuracy: 0.9234 - dice_coeff: 0.9303 - iou_score: 0.9131 - loss: 0.2722 - precision: 0.9298 - recall: 0.9807
[1m103/125[0m [32m━━━━━━━━━━━━━━━━[0m[37m━━━━[0m [1m2:31[0m 7s/step - accuracy: 0.9234 - dice_coeff: 0.9303 - iou_score: 0.9131 - loss: 0.2722 - precision: 0.9298 - recall: 0.9807
[1m104/125[0m [32m━━━━━━━━━━━━━━━━[0m[37m━━━━[0m [1m2:24[0m 7s/step - accuracy: 0.9234 - dice_coeff: 0.9303 - iou_score: 0.9131 - loss: 0.2722 - precision: 0.9298 - recall: 0.9807
[1m105/125[0m [32m━━━━━━━━━━━━━━━━[0m[37m━━━━[0m [1m2:17[0m 7s/step - accuracy: 0.9234 - dice_coeff: 0.9303 - iou_score: 0.9131 - loss: 0.2722 - precision: 0.9298 - recall: 0.9807
[1m106/125[0m [32m━━━━━━━━━━━━━━━━[0m[37m━━━━[0m [1m2:10[0m 7s/step - accuracy: 0.9234 - dice_coeff: 0.9303 - iou_score: 0.9131 - loss: 0.2722 - precision: 0.9298 - recall: 0.9807
[1m107/125[0m [32m━━━━━━━━━━━━━━━━━[0m[37m━━━[0m [1m2:03[0m 7s/step - accuracy: 0.9234 - dice_coeff: 0.9303 - iou_score: 0.9131 - loss: 0.2722 - precision: 0.9298 - recall: 0.9807
[1m108/125[0m [32m━━━━━━━━━━━━━━━━━[0m[37m━━━[0m [1m1:57[0m 7s/step - accuracy: 0.9234 - dice_coeff: 0.9303 - iou_score: 0.9131 - loss: 0.2721 - precision: 0.9298 - recall: 0.9807
[1m109/125[0m [32m━━━━━━━━━━━━━━━━━[0m[37m━━━[0m [1m1:50[0m 7s/step - accuracy: 0.9234 - dice_coeff: 0.9303 - iou_score: 0.9131 - loss: 0.2721 - precision: 0.9298 - recall: 0.9807
[1m110/125[0m [32m━━━━━━━━━━━━━━━━━[0m[37m━━━[0m [1m1:43[0m 7s/step - accuracy: 0.9234 - dice_coeff: 0.9303 - iou_score: 0.9131 - loss: 0.2721 - precision: 0.9298 - recall: 0.9807
[1m111/125[0m [32m━━━━━━━━━━━━━━━━━[0m[37m━━━[0m [1m1:36[0m 7s/step - accuracy: 0.9234 - dice_coeff: 0.9303 - iou_score: 0.9131 - loss: 0.2721 - precision: 0.9298 - recall: 0.9807
[1m112/125[0m [32m━━━━━━━━━━━━━━━━━[0m[37m━━━[0m [1m1:29[0m 7s/step - accuracy: 0.9234 - dice_coeff: 0.9303 - iou_score: 0.9131 - loss: 0.2721 - precision: 0.9298 - recall: 0.9807
[1m113/125[0m [32m━━━━━━━━━━━━━━━━━━[0m[37m━━[0m [1m1:22[0m 7s/step - accuracy: 0.9234 - dice_coeff: 0.9303 - iou_score: 0.9131 - loss: 0.2721 - precision: 0.9298 - recall: 0.9807
[1m114/125[0m [32m━━━━━━━━━━━━━━━━━━[0m[37m━━[0m [1m1:15[0m 7s/step - accuracy: 0.9234 - dice_coeff: 0.9303 - iou_score: 0.9131 - loss: 0.2721 - precision: 0.9299 - recall: 0.9807
[1m115/125[0m [32m━━━━━━━━━━━━━━━━━━[0m[37m━━[0m [1m1:08[0m 7s/step - accuracy: 0.9234 - dice_coeff: 0.9303 - iou_score: 0.9131 - loss: 0.2721 - precision: 0.9299 - recall: 0.9807
[1m116/125[0m [32m━━━━━━━━━━━━━━━━━━[0m[37m━━[0m [1m1:01[0m 7s/step - accuracy: 0.9234 - dice_coeff: 0.9303 - iou_score: 0.9131 - loss: 0.2720 - precision: 0.9299 - recall: 0.9807
[1m117/125[0m [32m━━━━━━━━━━━━━━━━━━[0m[37m━━[0m [1m55s[0m 7s/step - accuracy: 0.9234 - dice_coeff: 0.9303 - iou_score: 0.9131 - loss: 0.2720 - precision: 0.9299 - recall: 0.9807 
[1m118/125[0m [32m━━━━━━━━━━━━━━━━━━[0m[37m━━[0m [1m48s[0m 7s/step - accuracy: 0.9234 - dice_coeff: 0.9303 - iou_score: 0.9131 - loss: 0.2720 - precision: 0.9299 - recall: 0.9807
[1m119/125[0m [32m━━━━━━━━━━━━━━━━━━━[0m[37m━[0m [1m41s[0m 7s/step - accuracy: 0.9234 - dice_coeff: 0.9303 - iou_score: 0.9131 - loss: 0.2720 - precision: 0.9299 - recall: 0.9807
[1m120/125[0m [32m━━━━━━━━━━━━━━━━━━━[0m[37m━[0m [1m34s[0m 7s/step - accuracy: 0.9234 - dice_coeff: 0.9303 - iou_score: 0.9131 - loss: 0.2720 - precision: 0.9299 - recall: 0.9807
[1m121/125[0m [32m━━━━━━━━━━━━━━━━━━━[0m[37m━[0m [1m27s[0m 7s/step - accuracy: 0.9234 - dice_coeff: 0.9303 - iou_score: 0.9131 - loss: 0.2720 - precision: 0.9299 - recall: 0.9807
[1m122/125[0m [32m━━━━━━━━━━━━━━━━━━━[0m[37m━[0m [1m20s[0m 7s/step - accuracy: 0.9234 - dice_coeff: 0.9303 - iou_score: 0.9131 - loss: 0.2720 - precision: 0.9299 - recall: 0.9807
[1m123/125[0m [32m━━━━━━━━━━━━━━━━━━━[0m[37m━[0m [1m13s[0m 7s/step - accuracy: 0.9234 - dice_coeff: 0.9303 - iou_score: 0.9131 - loss: 0.2720 - precision: 0.9299 - recall: 0.9807
[1m124/125[0m [32m━━━━━━━━━━━━━━━━━━━[0m[37m━[0m [1m6s[0m 7s/step - accuracy: 0.9235 - dice_coeff: 0.9303 - iou_score: 0.9131 - loss: 0.2719 - precision: 0.9299 - recall: 0.9807 
[1m125/125[0m [32m━━━━━━━━━━━━━━━━━━━━[0m[37m[0m [1m0s[0m 7s/step - accuracy: 0.9235 - dice_coeff: 0.9303 - iou_score: 0.9131 - loss: 0.2719 - precision: 0.9299 - recall: 0.9807
Epoch 13: val_dice_coeff did not improve from 0.91733

[1m125/125[0m [32m━━━━━━━━━━━━━━━━━━━━[0m[37m[0m [1m927s[0m 7s/step - accuracy: 0.9240 - dice_coeff: 0.9307 - iou_score: 0.9137 - loss: 0.2703 - precision: 0.9307 - recall: 0.9803 - val_accuracy: 0.9098 - val_dice_coeff: 0.9117 - val_iou_score: 0.8953 - val_loss: 0.3273 - val_precision: 0.9192 - val_recall: 0.9718 - learning_rate: 5.0000e-05
Epoch 14/100

[1m  1/125[0m [37m━━━━━━━━━━━━━━━━━━━━[0m [1m14:23[0m 7s/step - accuracy: 0.9325 - dice_coeff: 0.9363 - iou_score: 0.9225 - loss: 0.2436 - precision: 0.9383 - recall: 0.9821
[1m  2/125[0m [37m━━━━━━━━━━━━━━━━━━━━[0m [1m14:27[0m 7s/step - accuracy: 0.9327 - dice_coeff: 0.9365 - iou_score: 0.9226 - loss: 0.2424 - precision: 0.9389 - recall: 0.9816
[1m  3/125[0m [37m━━━━━━━━━━━━━━━━━━━━[0m [1m14:19[0m 7s/step - accuracy: 0.9320 - dice_coeff: 0.9363 - iou_score: 0.9219 - loss: 0.2444 - precision: 0.9379 - recall: 0.9818
[1m  4/125[0m [37m━━━━━━━━━━━━━━━━━━━━[0m [1m14:17[0m 7s/step - accuracy: 0.9315 - dice_coeff: 0.9360 - iou_score: 0.9213 - loss: 0.2460 - precision: 0.9375 - recall: 0.9816
[1m  5/125[0m [37m━━━━━━━━━━━━━━━━━━━━[0m [1m14:13[0m 7s/step - accuracy: 0.9307 - dice_coeff: 0.9356 - iou_score: 0.9205 - loss: 0.2482 - precision: 0.9369 - recall: 0.9813
[1m  6/125[0m [37m━━━━━━━━━━━━━━━━━━━━[0m [1m14:08[0m 7s/step - accuracy: 0.9303 - dice_coeff: 0.9354 - iou_score: 0.9201 - loss: 0.2493 - precision: 0.9367 - recall: 0.9811
[1m  7/125[0m [32m━[0m[37m━━━━━━━━━━━━━━━━━━━[0m [1m14:02[0m 7s/step - accuracy: 0.9301 - dice_coeff: 0.9353 - iou_score: 0.9199 - loss: 0.2500 - precision: 0.9368 - recall: 0.9808
[1m  8/125[0m [32m━[0m[37m━━━━━━━━━━━━━━━━━━━[0m [1m13:56[0m 7s/step - accuracy: 0.9300 - dice_coeff: 0.9353 - iou_score: 0.9199 - loss: 0.2501 - precision: 0.9370 - recall: 0.9806
[1m  9/125[0m [32m━[0m[37m━━━━━━━━━━━━━━━━━━━[0m [1m13:48[0m 7s/step - accuracy: 0.9301 - dice_coeff: 0.9353 - iou_score: 0.9200 - loss: 0.2499 - precision: 0.9372 - recall: 0.9805
[1m 10/125[0m [32m━[0m[37m━━━━━━━━━━━━━━━━━━━[0m [1m13:43[0m 7s/step - accuracy: 0.9300 - dice_coeff: 0.9354 - iou_score: 0.9201 - loss: 0.2499 - precision: 0.9373 - recall: 0.9804
[1m 11/125[0m [32m━[0m[37m━━━━━━━━━━━━━━━━━━━[0m [1m13:35[0m 7s/step - accuracy: 0.9299 - dice_coeff: 0.9354 - iou_score: 0.9200 - loss: 0.2501 - precision: 0.9372 - recall: 0.9805
[1m 12/125[0m [32m━[0m[37m━━━━━━━━━━━━━━━━━━━[0m [1m13:28[0m 7s/step - accuracy: 0.9299 - dice_coeff: 0.9354 - iou_score: 0.9200 - loss: 0.2502 - precision: 0.9371 - recall: 0.9805
[1m 13/125[0m [32m━━[0m[37m━━━━━━━━━━━━━━━━━━[0m [1m13:20[0m 7s/step - accuracy: 0.9298 - dice_coeff: 0.9353 - iou_score: 0.9199 - loss: 0.2505 - precision: 0.9370 - recall: 0.9805
[1m 14/125[0m [32m━━[0m[37m━━━━━━━━━━━━━━━━━━[0m [1m13:12[0m 7s/step - accuracy: 0.9297 - dice_coeff: 0.9353 - iou_score: 0.9198 - loss: 0.2508 - precision: 0.9368 - recall: 0.9806
[1m 15/125[0m [32m━━[0m[37m━━━━━━━━━━━━━━━━━━[0m [1m13:04[0m 7s/step - accuracy: 0.9296 - dice_coeff: 0.9353 - iou_score: 0.9198 - loss: 0.2510 - precision: 0.9367 - recall: 0.9807
[1m 16/125[0m [32m━━[0m[37m━━━━━━━━━━━━━━━━━━[0m [1m12:57[0m 7s/step - accuracy: 0.9295 - dice_coeff: 0.9353 - iou_score: 0.9197 - loss: 0.2511 - precision: 0.9366 - recall: 0.9808
[1m 17/125[0m [32m━━[0m[37m━━━━━━━━━━━━━━━━━━[0m [1m12:49[0m 7s/step - accuracy: 0.9294 - dice_coeff: 0.9353 - iou_score: 0.9196 - loss: 0.2514 - precision: 0.9364 - recall: 0.9809
[1m 18/125[0m [32m━━[0m[37m━━━━━━━━━━━━━━━━━━[0m [1m12:42[0m 7s/step - accuracy: 0.9294 - dice_coeff: 0.9353 - iou_score: 0.9196 - loss: 0.2515 - precision: 0.9363 - recall: 0.9809
[1m 19/125[0m [32m━━━[0m[37m━━━━━━━━━━━━━━━━━[0m [1m12:34[0m 7s/step - accuracy: 0.9293 - dice_coeff: 0.9353 - iou_score: 0.9195 - loss: 0.2518 - precision: 0.9362 - recall: 0.9810
[1m 20/125[0m [32m━━━[0m[37m━━━━━━━━━━━━━━━━━[0m [1m12:26[0m 7s/step - accuracy: 0.9291 - dice_coeff: 0.9352 - iou_score: 0.9194 - loss: 0.2521 - precision: 0.9361 - recall: 0.9810
[1m 21/125[0m [32m━━━[0m[37m━━━━━━━━━━━━━━━━━[0m [1m12:19[0m 7s/step - accuracy: 0.9291 - dice_coeff: 0.9352 - iou_score: 0.9193 - loss: 0.2524 - precision: 0.9360 - recall: 0.9810
[1m 22/125[0m [32m━━━[0m[37m━━━━━━━━━━━━━━━━━[0m [1m12:11[0m 7s/step - accuracy: 0.9290 - dice_coeff: 0.9351 - iou_score: 0.9192 - loss: 0.2526 - precision: 0.9359 - recall: 0.9809
[1m 23/125[0m [32m━━━[0m[37m━━━━━━━━━━━━━━━━━[0m [1m12:04[0m 7s/step - accuracy: 0.9289 - dice_coeff: 0.9351 - iou_score: 0.9191 - loss: 0.2529 - precision: 0.9359 - recall: 0.9809
[1m 24/125[0m [32m━━━[0m[37m━━━━━━━━━━━━━━━━━[0m [1m11:56[0m 7s/step - accuracy: 0.9288 - dice_coeff: 0.9350 - iou_score: 0.9191 - loss: 0.2530 - precision: 0.9359 - recall: 0.9809
[1m 25/125[0m [32m━━━━[0m[37m━━━━━━━━━━━━━━━━[0m [1m11:49[0m 7s/step - accuracy: 0.9288 - dice_coeff: 0.9350 - iou_score: 0.9190 - loss: 0.2532 - precision: 0.9358 - recall: 0.9808
[1m 26/125[0m [32m━━━━[0m[37m━━━━━━━━━━━━━━━━[0m [1m11:42[0m 7s/step - accuracy: 0.9288 - dice_coeff: 0.9350 - iou_score: 0.9190 - loss: 0.2533 - precision: 0.9358 - recall: 0.9808
[1m 27/125[0m [32m━━━━[0m[37m━━━━━━━━━━━━━━━━[0m [1m11:34[0m 7s/step - accuracy: 0.9287 - dice_coeff: 0.9350 - iou_score: 0.9189 - loss: 0.2534 - precision: 0.9358 - recall: 0.9808
[1m 28/125[0m [32m━━━━[0m[37m━━━━━━━━━━━━━━━━[0m [1m11:27[0m 7s/step - accuracy: 0.9287 - dice_coeff: 0.9349 - iou_score: 0.9189 - loss: 0.2535 - precision: 0.9358 - recall: 0.9808
[1m 29/125[0m [32m━━━━[0m[37m━━━━━━━━━━━━━━━━[0m [1m11:20[0m 7s/step - accuracy: 0.9287 - dice_coeff: 0.9349 - iou_score: 0.9189 - loss: 0.2536 - precision: 0.9357 - recall: 0.9808
[1m 30/125[0m [32m━━━━[0m[37m━━━━━━━━━━━━━━━━[0m [1m11:12[0m 7s/step - accuracy: 0.9286 - dice_coeff: 0.9349 - iou_score: 0.9189 - loss: 0.2537 - precision: 0.9357 - recall: 0.9808
[1m 31/125[0m [32m━━━━[0m[37m━━━━━━━━━━━━━━━━[0m [1m11:05[0m 7s/step - accuracy: 0.9286 - dice_coeff: 0.9349 - iou_score: 0.9188 - loss: 0.2538 - precision: 0.9356 - recall: 0.9809
[1m 32/125[0m [32m━━━━━[0m[37m━━━━━━━━━━━━━━━[0m [1m10:58[0m 7s/step - accuracy: 0.9286 - dice_coeff: 0.9349 - iou_score: 0.9188 - loss: 0.2540 - precision: 0.9356 - recall: 0.9809
[1m 33/125[0m [32m━━━━━[0m[37m━━━━━━━━━━━━━━━[0m [1m10:50[0m 7s/step - accuracy: 0.9285 - dice_coeff: 0.9348 - iou_score: 0.9187 - loss: 0.2541 - precision: 0.9355 - recall: 0.9809
[1m 34/125[0m [32m━━━━━[0m[37m━━━━━━━━━━━━━━━[0m [1m10:43[0m 7s/step - accuracy: 0.9285 - dice_coeff: 0.9348 - iou_score: 0.9187 - loss: 0.2542 - precision: 0.9355 - recall: 0.9809
[1m 35/125[0m [32m━━━━━[0m[37m━━━━━━━━━━━━━━━[0m [1m10:36[0m 7s/step - accuracy: 0.9285 - dice_coeff: 0.9348 - iou_score: 0.9186 - loss: 0.2544 - precision: 0.9354 - recall: 0.9809
[1m 36/125[0m [32m━━━━━[0m[37m━━━━━━━━━━━━━━━[0m [1m10:29[0m 7s/step - accuracy: 0.9284 - dice_coeff: 0.9348 - iou_score: 0.9186 - loss: 0.2545 - precision: 0.9354 - recall: 0.9809
[1m 37/125[0m [32m━━━━━[0m[37m━━━━━━━━━━━━━━━[0m [1m10:22[0m 7s/step - accuracy: 0.9284 - dice_coeff: 0.9347 - iou_score: 0.9185 - loss: 0.2547 - precision: 0.9353 - recall: 0.9809
[1m 38/125[0m [32m━━━━━━[0m[37m━━━━━━━━━━━━━━[0m [1m10:15[0m 7s/step - accuracy: 0.9283 - dice_coeff: 0.9347 - iou_score: 0.9185 - loss: 0.2548 - precision: 0.9353 - recall: 0.9808
[1m 39/125[0m [32m━━━━━━[0m[37m━━━━━━━━━━━━━━[0m [1m10:08[0m 7s/step - accuracy: 0.9282 - dice_coeff: 0.9346 - iou_score: 0.9184 - loss: 0.2550 - precision: 0.9352 - recall: 0.9808
[1m 40/125[0m [32m━━━━━━[0m[37m━━━━━━━━━━━━━━[0m [1m10:00[0m 7s/step - accuracy: 0.9282 - dice_coeff: 0.9346 - iou_score: 0.9184 - loss: 0.2552 - precision: 0.9352 - recall: 0.9808
[1m 41/125[0m [32m━━━━━━[0m[37m━━━━━━━━━━━━━━[0m [1m9:53[0m 7s/step - accuracy: 0.9282 - dice_coeff: 0.9346 - iou_score: 0.9183 - loss: 0.2553 - precision: 0.9352 - recall: 0.9808 
[1m 42/125[0m [32m━━━━━━[0m[37m━━━━━━━━━━━━━━[0m [1m9:46[0m 7s/step - accuracy: 0.9281 - dice_coeff: 0.9345 - iou_score: 0.9183 - loss: 0.2555 - precision: 0.9351 - recall: 0.9808
[1m 43/125[0m [32m━━━━━━[0m[37m━━━━━━━━━━━━━━[0m [1m9:39[0m 7s/step - accuracy: 0.9281 - dice_coeff: 0.9345 - iou_score: 0.9182 - loss: 0.2556 - precision: 0.9351 - recall: 0.9808
[1m 44/125[0m [32m━━━━━━━[0m[37m━━━━━━━━━━━━━[0m [1m9:31[0m 7s/step - accuracy: 0.9280 - dice_coeff: 0.9345 - iou_score: 0.9182 - loss: 0.2558 - precision: 0.9351 - recall: 0.9808
[1m 45/125[0m [32m━━━━━━━[0m[37m━━━━━━━━━━━━━[0m [1m9:24[0m 7s/step - accuracy: 0.9280 - dice_coeff: 0.9344 - iou_score: 0.9181 - loss: 0.2559 - precision: 0.9350 - recall: 0.9808
[1m 46/125[0m [32m━━━━━━━[0m[37m━━━━━━━━━━━━━[0m [1m9:17[0m 7s/step - accuracy: 0.9280 - dice_coeff: 0.9344 - iou_score: 0.9181 - loss: 0.2561 - precision: 0.9350 - recall: 0.9807
[1m 47/125[0m [32m━━━━━━━[0m[37m━━━━━━━━━━━━━[0m [1m9:10[0m 7s/step - accuracy: 0.9279 - dice_coeff: 0.9344 - iou_score: 0.9180 - loss: 0.2562 - precision: 0.9349 - recall: 0.9807
[1m 48/125[0m [32m━━━━━━━[0m[37m━━━━━━━━━━━━━[0m [1m9:02[0m 7s/step - accuracy: 0.9279 - dice_coeff: 0.9343 - iou_score: 0.9180 - loss: 0.2563 - precision: 0.9349 - recall: 0.9807
[1m 49/125[0m [32m━━━━━━━[0m[37m━━━━━━━━━━━━━[0m [1m8:55[0m 7s/step - accuracy: 0.9278 - dice_coeff: 0.9343 - iou_score: 0.9180 - loss: 0.2565 - precision: 0.9349 - recall: 0.9807
[1m 50/125[0m [32m━━━━━━━━[0m[37m━━━━━━━━━━━━[0m [1m8:48[0m 7s/step - accuracy: 0.9278 - dice_coeff: 0.9343 - iou_score: 0.9179 - loss: 0.2566 - precision: 0.9348 - recall: 0.9807
[1m 51/125[0m [32m━━━━━━━━[0m[37m━━━━━━━━━━━━[0m [1m8:41[0m 7s/step - accuracy: 0.9278 - dice_coeff: 0.9343 - iou_score: 0.9179 - loss: 0.2567 - precision: 0.9348 - recall: 0.9807
[1m 52/125[0m [32m━━━━━━━━[0m[37m━━━━━━━━━━━━[0m [1m8:34[0m 7s/step - accuracy: 0.9277 - dice_coeff: 0.9342 - iou_score: 0.9178 - loss: 0.2568 - precision: 0.9348 - recall: 0.9807
[1m 53/125[0m [32m━━━━━━━━[0m[37m━━━━━━━━━━━━[0m [1m8:26[0m 7s/step - accuracy: 0.9277 - dice_coeff: 0.9342 - iou_score: 0.9178 - loss: 0.2569 - precision: 0.9347 - recall: 0.9807
[1m 54/125[0m [32m━━━━━━━━[0m[37m━━━━━━━━━━━━[0m [1m8:19[0m 7s/step - accuracy: 0.9277 - dice_coeff: 0.9342 - iou_score: 0.9178 - loss: 0.2570 - precision: 0.9347 - recall: 0.9807
[1m 55/125[0m [32m━━━━━━━━[0m[37m━━━━━━━━━━━━[0m [1m8:12[0m 7s/step - accuracy: 0.9276 - dice_coeff: 0.9342 - iou_score: 0.9177 - loss: 0.2571 - precision: 0.9347 - recall: 0.9807
[1m 56/125[0m [32m━━━━━━━━[0m[37m━━━━━━━━━━━━[0m [1m8:05[0m 7s/step - accuracy: 0.9276 - dice_coeff: 0.9341 - iou_score: 0.9177 - loss: 0.2572 - precision: 0.9346 - recall: 0.9807
[1m 57/125[0m [32m━━━━━━━━━[0m[37m━━━━━━━━━━━[0m [1m7:58[0m 7s/step - accuracy: 0.9276 - dice_coeff: 0.9341 - iou_score: 0.9177 - loss: 0.2574 - precision: 0.9346 - recall: 0.9807
[1m 58/125[0m [32m━━━━━━━━━[0m[37m━━━━━━━━━━━[0m [1m7:51[0m 7s/step - accuracy: 0.9275 - dice_coeff: 0.9341 - iou_score: 0.9176 - loss: 0.2575 - precision: 0.9346 - recall: 0.9807
[1m 59/125[0m [32m━━━━━━━━━[0m[37m━━━━━━━━━━━[0m [1m7:44[0m 7s/step - accuracy: 0.9275 - dice_coeff: 0.9341 - iou_score: 0.9176 - loss: 0.2576 - precision: 0.9345 - recall: 0.9807
[1m 60/125[0m [32m━━━━━━━━━[0m[37m━━━━━━━━━━━[0m [1m7:37[0m 7s/step - accuracy: 0.9275 - dice_coeff: 0.9341 - iou_score: 0.9176 - loss: 0.2577 - precision: 0.9345 - recall: 0.9807
[1m 61/125[0m [32m━━━━━━━━━[0m[37m━━━━━━━━━━━[0m [1m7:29[0m 7s/step - accuracy: 0.9275 - dice_coeff: 0.9340 - iou_score: 0.9175 - loss: 0.2578 - precision: 0.9345 - recall: 0.9807
[1m 62/125[0m [32m━━━━━━━━━[0m[37m━━━━━━━━━━━[0m [1m7:22[0m 7s/step - accuracy: 0.9274 - dice_coeff: 0.9340 - iou_score: 0.9175 - loss: 0.2579 - precision: 0.9344 - recall: 0.9807
[1m 63/125[0m [32m━━━━━━━━━━[0m[37m━━━━━━━━━━[0m [1m7:15[0m 7s/step - accuracy: 0.9274 - dice_coeff: 0.9340 - iou_score: 0.9175 - loss: 0.2579 - precision: 0.9344 - recall: 0.9807
[1m 64/125[0m [32m━━━━━━━━━━[0m[37m━━━━━━━━━━[0m [1m7:08[0m 7s/step - accuracy: 0.9274 - dice_coeff: 0.9340 - iou_score: 0.9175 - loss: 0.2580 - precision: 0.9344 - recall: 0.9807
[1m 65/125[0m [32m━━━━━━━━━━[0m[37m━━━━━━━━━━[0m [1m7:01[0m 7s/step - accuracy: 0.9274 - dice_coeff: 0.9339 - iou_score: 0.9174 - loss: 0.2581 - precision: 0.9344 - recall: 0.9806
[1m 66/125[0m [32m━━━━━━━━━━[0m[37m━━━━━━━━━━[0m [1m6:54[0m 7s/step - accuracy: 0.9273 - dice_coeff: 0.9339 - iou_score: 0.9174 - loss: 0.2582 - precision: 0.9344 - recall: 0.9806
[1m 67/125[0m [32m━━━━━━━━━━[0m[37m━━━━━━━━━━[0m [1m6:47[0m 7s/step - accuracy: 0.9273 - dice_coeff: 0.9339 - iou_score: 0.9174 - loss: 0.2583 - precision: 0.9343 - recall: 0.9806
[1m 68/125[0m [32m━━━━━━━━━━[0m[37m━━━━━━━━━━[0m [1m6:40[0m 7s/step - accuracy: 0.9273 - dice_coeff: 0.9339 - iou_score: 0.9174 - loss: 0.2583 - precision: 0.9343 - recall: 0.9806
[1m 69/125[0m [32m━━━━━━━━━━━[0m[37m━━━━━━━━━[0m [1m6:32[0m 7s/step - accuracy: 0.9273 - dice_coeff: 0.9339 - iou_score: 0.9173 - loss: 0.2584 - precision: 0.9343 - recall: 0.9806
[1m 70/125[0m [32m━━━━━━━━━━━[0m[37m━━━━━━━━━[0m [1m6:25[0m 7s/step - accuracy: 0.9273 - dice_coeff: 0.9339 - iou_score: 0.9173 - loss: 0.2585 - precision: 0.9343 - recall: 0.9806
[1m 71/125[0m [32m━━━━━━━━━━━[0m[37m━━━━━━━━━[0m [1m6:18[0m 7s/step - accuracy: 0.9272 - dice_coeff: 0.9338 - iou_score: 0.9173 - loss: 0.2585 - precision: 0.9342 - recall: 0.9806
[1m 72/125[0m [32m━━━━━━━━━━━[0m[37m━━━━━━━━━[0m [1m6:11[0m 7s/step - accuracy: 0.9272 - dice_coeff: 0.9338 - iou_score: 0.9173 - loss: 0.2586 - precision: 0.9342 - recall: 0.9806
[1m 73/125[0m [32m━━━━━━━━━━━[0m[37m━━━━━━━━━[0m [1m6:04[0m 7s/step - accuracy: 0.9272 - dice_coeff: 0.9338 - iou_score: 0.9173 - loss: 0.2587 - precision: 0.9342 - recall: 0.9806
[1m 74/125[0m [32m━━━━━━━━━━━[0m[37m━━━━━━━━━[0m [1m5:57[0m 7s/step - accuracy: 0.9272 - dice_coeff: 0.9338 - iou_score: 0.9172 - loss: 0.2587 - precision: 0.9342 - recall: 0.9806
[1m 75/125[0m [32m━━━━━━━━━━━━[0m[37m━━━━━━━━[0m [1m5:50[0m 7s/step - accuracy: 0.9272 - dice_coeff: 0.9338 - iou_score: 0.9172 - loss: 0.2588 - precision: 0.9342 - recall: 0.9806
[1m 76/125[0m [32m━━━━━━━━━━━━[0m[37m━━━━━━━━[0m [1m5:43[0m 7s/step - accuracy: 0.9272 - dice_coeff: 0.9338 - iou_score: 0.9172 - loss: 0.2588 - precision: 0.9342 - recall: 0.9806
[1m 77/125[0m [32m━━━━━━━━━━━━[0m[37m━━━━━━━━[0m [1m5:36[0m 7s/step - accuracy: 0.9271 - dice_coeff: 0.9338 - iou_score: 0.9172 - loss: 0.2589 - precision: 0.9341 - recall: 0.9806
[1m 78/125[0m [32m━━━━━━━━━━━━[0m[37m━━━━━━━━[0m [1m5:29[0m 7s/step - accuracy: 0.9271 - dice_coeff: 0.9338 - iou_score: 0.9172 - loss: 0.2590 - precision: 0.9341 - recall: 0.9806
[1m 79/125[0m [32m━━━━━━━━━━━━[0m[37m━━━━━━━━[0m [1m5:22[0m 7s/step - accuracy: 0.9271 - dice_coeff: 0.9337 - iou_score: 0.9171 - loss: 0.2590 - precision: 0.9341 - recall: 0.9806
[1m 80/125[0m [32m━━━━━━━━━━━━[0m[37m━━━━━━━━[0m [1m5:15[0m 7s/step - accuracy: 0.9271 - dice_coeff: 0.9337 - iou_score: 0.9171 - loss: 0.2591 - precision: 0.9341 - recall: 0.9806
[1m 81/125[0m [32m━━━━━━━━━━━━[0m[37m━━━━━━━━[0m [1m5:08[0m 7s/step - accuracy: 0.9271 - dice_coeff: 0.9337 - iou_score: 0.9171 - loss: 0.2592 - precision: 0.9341 - recall: 0.9806
[1m 82/125[0m [32m━━━━━━━━━━━━━[0m[37m━━━━━━━[0m [1m5:01[0m 7s/step - accuracy: 0.9270 - dice_coeff: 0.9337 - iou_score: 0.9171 - loss: 0.2592 - precision: 0.9340 - recall: 0.9806
[1m 83/125[0m [32m━━━━━━━━━━━━━[0m[37m━━━━━━━[0m [1m4:54[0m 7s/step - accuracy: 0.9270 - dice_coeff: 0.9337 - iou_score: 0.9171 - loss: 0.2593 - precision: 0.9340 - recall: 0.9806
[1m 84/125[0m [32m━━━━━━━━━━━━━[0m[37m━━━━━━━[0m [1m4:47[0m 7s/step - accuracy: 0.9270 - dice_coeff: 0.9337 - iou_score: 0.9170 - loss: 0.2594 - precision: 0.9340 - recall: 0.9806
[1m 85/125[0m [32m━━━━━━━━━━━━━[0m[37m━━━━━━━[0m [1m4:40[0m 7s/step - accuracy: 0.9270 - dice_coeff: 0.9336 - iou_score: 0.9170 - loss: 0.2594 - precision: 0.9340 - recall: 0.9806
[1m 86/125[0m [32m━━━━━━━━━━━━━[0m[37m━━━━━━━[0m [1m4:33[0m 7s/step - accuracy: 0.9270 - dice_coeff: 0.9336 - iou_score: 0.9170 - loss: 0.2595 - precision: 0.9340 - recall: 0.9806
[1m 87/125[0m [32m━━━━━━━━━━━━━[0m[37m━━━━━━━[0m [1m4:26[0m 7s/step - accuracy: 0.9270 - dice_coeff: 0.9336 - iou_score: 0.9170 - loss: 0.2595 - precision: 0.9339 - recall: 0.9806
[1m 88/125[0m [32m━━━━━━━━━━━━━━[0m[37m━━━━━━[0m [1m4:19[0m 7s/step - accuracy: 0.9269 - dice_coeff: 0.9336 - iou_score: 0.9170 - loss: 0.2596 - precision: 0.9339 - recall: 0.9806
[1m 89/125[0m [32m━━━━━━━━━━━━━━[0m[37m━━━━━━[0m [1m4:11[0m 7s/step - accuracy: 0.9269 - dice_coeff: 0.9336 - iou_score: 0.9169 - loss: 0.2597 - precision: 0.9339 - recall: 0.9806
[1m 90/125[0m [32m━━━━━━━━━━━━━━[0m[37m━━━━━━[0m [1m4:04[0m 7s/step - accuracy: 0.9269 - dice_coeff: 0.9336 - iou_score: 0.9169 - loss: 0.2597 - precision: 0.9339 - recall: 0.9806
[1m 91/125[0m [32m━━━━━━━━━━━━━━[0m[37m━━━━━━[0m [1m3:57[0m 7s/step - accuracy: 0.9269 - dice_coeff: 0.9336 - iou_score: 0.9169 - loss: 0.2598 - precision: 0.9339 - recall: 0.9806
[1m 92/125[0m [32m━━━━━━━━━━━━━━[0m[37m━━━━━━[0m [1m3:50[0m 7s/step - accuracy: 0.9269 - dice_coeff: 0.9335 - iou_score: 0.9169 - loss: 0.2598 - precision: 0.9339 - recall: 0.9806
[1m 93/125[0m [32m━━━━━━━━━━━━━━[0m[37m━━━━━━[0m [1m3:43[0m 7s/step - accuracy: 0.9269 - dice_coeff: 0.9335 - iou_score: 0.9169 - loss: 0.2599 - precision: 0.9338 - recall: 0.9806
[1m 94/125[0m [32m━━━━━━━━━━━━━━━[0m[37m━━━━━[0m [1m3:36[0m 7s/step - accuracy: 0.9268 - dice_coeff: 0.9335 - iou_score: 0.9168 - loss: 0.2599 - precision: 0.9338 - recall: 0.9806
[1m 95/125[0m [32m━━━━━━━━━━━━━━━[0m[37m━━━━━[0m [1m3:29[0m 7s/step - accuracy: 0.9268 - dice_coeff: 0.9335 - iou_score: 0.9168 - loss: 0.2600 - precision: 0.9338 - recall: 0.9806
[1m 96/125[0m [32m━━━━━━━━━━━━━━━[0m[37m━━━━━[0m [1m3:22[0m 7s/step - accuracy: 0.9268 - dice_coeff: 0.9335 - iou_score: 0.9168 - loss: 0.2600 - precision: 0.9338 - recall: 0.9806
[1m 97/125[0m [32m━━━━━━━━━━━━━━━[0m[37m━━━━━[0m [1m3:15[0m 7s/step - accuracy: 0.9268 - dice_coeff: 0.9335 - iou_score: 0.9168 - loss: 0.2601 - precision: 0.9338 - recall: 0.9806
[1m 98/125[0m [32m━━━━━━━━━━━━━━━[0m[37m━━━━━[0m [1m3:08[0m 7s/step - accuracy: 0.9268 - dice_coeff: 0.9335 - iou_score: 0.9168 - loss: 0.2601 - precision: 0.9338 - recall: 0.9806
[1m 99/125[0m [32m━━━━━━━━━━━━━━━[0m[37m━━━━━[0m [1m3:01[0m 7s/step - accuracy: 0.9268 - dice_coeff: 0.9335 - iou_score: 0.9168 - loss: 0.2602 - precision: 0.9337 - recall: 0.9806
[1m100/125[0m [32m━━━━━━━━━━━━━━━━[0m[37m━━━━[0m [1m2:54[0m 7s/step - accuracy: 0.9268 - dice_coeff: 0.9334 - iou_score: 0.9167 - loss: 0.2602 - precision: 0.9337 - recall: 0.9806
[1m101/125[0m [32m━━━━━━━━━━━━━━━━[0m[37m━━━━[0m [1m2:47[0m 7s/step - accuracy: 0.9267 - dice_coeff: 0.9334 - iou_score: 0.9167 - loss: 0.2603 - precision: 0.9337 - recall: 0.9806
[1m102/125[0m [32m━━━━━━━━━━━━━━━━[0m[37m━━━━[0m [1m2:40[0m 7s/step - accuracy: 0.9267 - dice_coeff: 0.9334 - iou_score: 0.9167 - loss: 0.2603 - precision: 0.9337 - recall: 0.9806
[1m103/125[0m [32m━━━━━━━━━━━━━━━━[0m[37m━━━━[0m [1m2:33[0m 7s/step - accuracy: 0.9267 - dice_coeff: 0.9334 - iou_score: 0.9167 - loss: 0.2604 - precision: 0.9337 - recall: 0.9806
[1m104/125[0m [32m━━━━━━━━━━━━━━━━[0m[37m━━━━[0m [1m2:26[0m 7s/step - accuracy: 0.9267 - dice_coeff: 0.9334 - iou_score: 0.9167 - loss: 0.2604 - precision: 0.9337 - recall: 0.9806
[1m105/125[0m [32m━━━━━━━━━━━━━━━━[0m[37m━━━━[0m [1m2:19[0m 7s/step - accuracy: 0.9267 - dice_coeff: 0.9334 - iou_score: 0.9167 - loss: 0.2605 - precision: 0.9336 - recall: 0.9806
[1m106/125[0m [32m━━━━━━━━━━━━━━━━[0m[37m━━━━[0m [1m2:12[0m 7s/step - accuracy: 0.9267 - dice_coeff: 0.9334 - iou_score: 0.9166 - loss: 0.2605 - precision: 0.9336 - recall: 0.9806
[1m107/125[0m [32m━━━━━━━━━━━━━━━━━[0m[37m━━━[0m [1m2:05[0m 7s/step - accuracy: 0.9267 - dice_coeff: 0.9334 - iou_score: 0.9166 - loss: 0.2605 - precision: 0.9336 - recall: 0.9806
[1m108/125[0m [32m━━━━━━━━━━━━━━━━━[0m[37m━━━[0m [1m1:58[0m 7s/step - accuracy: 0.9266 - dice_coeff: 0.9334 - iou_score: 0.9166 - loss: 0.2606 - precision: 0.9336 - recall: 0.9806
[1m109/125[0m [32m━━━━━━━━━━━━━━━━━[0m[37m━━━[0m [1m1:51[0m 7s/step - accuracy: 0.9266 - dice_coeff: 0.9333 - iou_score: 0.9166 - loss: 0.2606 - precision: 0.9336 - recall: 0.9806
[1m110/125[0m [32m━━━━━━━━━━━━━━━━━[0m[37m━━━[0m [1m1:44[0m 7s/step - accuracy: 0.9266 - dice_coeff: 0.9333 - iou_score: 0.9166 - loss: 0.2607 - precision: 0.9336 - recall: 0.9806
[1m111/125[0m [32m━━━━━━━━━━━━━━━━━[0m[37m━━━[0m [1m1:37[0m 7s/step - accuracy: 0.9266 - dice_coeff: 0.9333 - iou_score: 0.9166 - loss: 0.2607 - precision: 0.9336 - recall: 0.9806
[1m112/125[0m [32m━━━━━━━━━━━━━━━━━[0m[37m━━━[0m [1m1:30[0m 7s/step - accuracy: 0.9266 - dice_coeff: 0.9333 - iou_score: 0.9166 - loss: 0.2608 - precision: 0.9336 - recall: 0.9806
[1m113/125[0m [32m━━━━━━━━━━━━━━━━━━[0m[37m━━[0m [1m1:23[0m 7s/step - accuracy: 0.9266 - dice_coeff: 0.9333 - iou_score: 0.9165 - loss: 0.2608 - precision: 0.9335 - recall: 0.9806
[1m114/125[0m [32m━━━━━━━━━━━━━━━━━━[0m[37m━━[0m [1m1:16[0m 7s/step - accuracy: 0.9266 - dice_coeff: 0.9333 - iou_score: 0.9165 - loss: 0.2609 - precision: 0.9335 - recall: 0.9806
[1m115/125[0m [32m━━━━━━━━━━━━━━━━━━[0m[37m━━[0m [1m1:09[0m 7s/step - accuracy: 0.9266 - dice_coeff: 0.9333 - iou_score: 0.9165 - loss: 0.2609 - precision: 0.9335 - recall: 0.9806
[1m116/125[0m [32m━━━━━━━━━━━━━━━━━━[0m[37m━━[0m [1m1:02[0m 7s/step - accuracy: 0.9265 - dice_coeff: 0.9333 - iou_score: 0.9165 - loss: 0.2609 - precision: 0.9335 - recall: 0.9806
[1m117/125[0m [32m━━━━━━━━━━━━━━━━━━[0m[37m━━[0m [1m55s[0m 7s/step - accuracy: 0.9265 - dice_coeff: 0.9333 - iou_score: 0.9165 - loss: 0.2610 - precision: 0.9335 - recall: 0.9806 
[1m118/125[0m [32m━━━━━━━━━━━━━━━━━━[0m[37m━━[0m [1m48s[0m 7s/step - accuracy: 0.9265 - dice_coeff: 0.9333 - iou_score: 0.9165 - loss: 0.2610 - precision: 0.9335 - recall: 0.9806
[1m119/125[0m [32m━━━━━━━━━━━━━━━━━━━[0m[37m━[0m [1m41s[0m 7s/step - accuracy: 0.9265 - dice_coeff: 0.9332 - iou_score: 0.9165 - loss: 0.2611 - precision: 0.9334 - recall: 0.9806
[1m120/125[0m [32m━━━━━━━━━━━━━━━━━━━[0m[37m━[0m [1m34s[0m 7s/step - accuracy: 0.9265 - dice_coeff: 0.9332 - iou_score: 0.9164 - loss: 0.2611 - precision: 0.9334 - recall: 0.9806
[1m121/125[0m [32m━━━━━━━━━━━━━━━━━━━[0m[37m━[0m [1m27s[0m 7s/step - accuracy: 0.9265 - dice_coeff: 0.9332 - iou_score: 0.9164 - loss: 0.2612 - precision: 0.9334 - recall: 0.9806
[1m122/125[0m [32m━━━━━━━━━━━━━━━━━━━[0m[37m━[0m [1m20s[0m 7s/step - accuracy: 0.9265 - dice_coeff: 0.9332 - iou_score: 0.9164 - loss: 0.2612 - precision: 0.9334 - recall: 0.9806
[1m123/125[0m [32m━━━━━━━━━━━━━━━━━━━[0m[37m━[0m [1m13s[0m 7s/step - accuracy: 0.9265 - dice_coeff: 0.9332 - iou_score: 0.9164 - loss: 0.2612 - precision: 0.9334 - recall: 0.9806
[1m124/125[0m [32m━━━━━━━━━━━━━━━━━━━[0m[37m━[0m [1m6s[0m 7s/step - accuracy: 0.9264 - dice_coeff: 0.9332 - iou_score: 0.9164 - loss: 0.2613 - precision: 0.9334 - recall: 0.9806 
[1m125/125[0m [32m━━━━━━━━━━━━━━━━━━━━[0m[37m[0m [1m0s[0m 7s/step - accuracy: 0.9264 - dice_coeff: 0.9332 - iou_score: 0.9164 - loss: 0.2613 - precision: 0.9334 - recall: 0.9806
Epoch 14: val_dice_coeff improved from 0.91733 to 0.91774, saving model to d:\labdatanew@aniket\unet++\models\best_model.keras

Epoch 14: finished saving model to d:\labdatanew@aniket\unet++\models\best_model.keras

[1m125/125[0m [32m━━━━━━━━━━━━━━━━━━━━[0m[37m[0m [1m942s[0m 8s/step - accuracy: 0.9250 - dice_coeff: 0.9320 - iou_score: 0.9147 - loss: 0.2663 - precision: 0.9317 - recall: 0.9805 - val_accuracy: 0.9098 - val_dice_coeff: 0.9177 - val_iou_score: 0.8963 - val_loss: 0.3157 - val_precision: 0.9114 - val_recall: 0.9818 - learning_rate: 5.0000e-05
Epoch 15/100

[1m  1/125[0m [37m━━━━━━━━━━━━━━━━━━━━[0m [1m14:21[0m 7s/step - accuracy: 0.9178 - dice_coeff: 0.9272 - iou_score: 0.9069 - loss: 0.2898 - precision: 0.9237 - recall: 0.9804
[1m  2/125[0m [37m━━━━━━━━━━━━━━━━━━━━[0m [1m14:09[0m 7s/step - accuracy: 0.9155 - dice_coeff: 0.9260 - iou_score: 0.9044 - loss: 0.2973 - precision: 0.9214 - recall: 0.9800
[1m  3/125[0m [37m━━━━━━━━━━━━━━━━━━━━[0m [1m14:02[0m 7s/step - accuracy: 0.9160 - dice_coeff: 0.9261 - iou_score: 0.9050 - loss: 0.2959 - precision: 0.9223 - recall: 0.9797
[1m  4/125[0m [37m━━━━━━━━━━━━━━━━━━━━[0m [1m13:56[0m 7s/step - accuracy: 0.9168 - dice_coeff: 0.9264 - iou_score: 0.9058 - loss: 0.2937 - precision: 0.9231 - recall: 0.9797
[1m  5/125[0m [37m━━━━━━━━━━━━━━━━━━━━[0m [1m13:52[0m 7s/step - accuracy: 0.9176 - dice_coeff: 0.9269 - iou_score: 0.9066 - loss: 0.2913 - precision: 0.9238 - recall: 0.9798
[1m  6/125[0m [37m━━━━━━━━━━━━━━━━━━━━[0m [1m13:48[0m 7s/step - accuracy: 0.9185 - dice_coeff: 0.9274 - iou_score: 0.9075 - loss: 0.2884 - precision: 0.9245 - recall: 0.9801
[1m  7/125[0m [32m━[0m[37m━━━━━━━━━━━━━━━━━━━[0m [1m13:42[0m 7s/step - accuracy: 0.9193 - dice_coeff: 0.9278 - iou_score: 0.9084 - loss: 0.2858 - precision: 0.9253 - recall: 0.9802
[1m  8/125[0m [32m━[0m[37m━━━━━━━━━━━━━━━━━━━[0m [1m13:36[0m 7s/step - accuracy: 0.9199 - dice_coeff: 0.9282 - iou_score: 0.9090 - loss: 0.2838 - precision: 0.9259 - recall: 0.9803
[1m  9/125[0m [32m━[0m[37m━━━━━━━━━━━━━━━━━━━[0m [1m13:30[0m 7s/step - accuracy: 0.9205 - dice_coeff: 0.9285 - iou_score: 0.9097 - loss: 0.2818 - precision: 0.9267 - recall: 0.9802
[1m 10/125[0m [32m━[0m[37m━━━━━━━━━━━━━━━━━━━[0m [1m13:23[0m 7s/step - accuracy: 0.9208 - dice_coeff: 0.9287 - iou_score: 0.9100 - loss: 0.2809 - precision: 0.9271 - recall: 0.9802
[1m 11/125[0m [32m━[0m[37m━━━━━━━━━━━━━━━━━━━[0m [1m13:17[0m 7s/step - accuracy: 0.9212 - dice_coeff: 0.9289 - iou_score: 0.9104 - loss: 0.2798 - precision: 0.9275 - recall: 0.9802
[1m 12/125[0m [32m━[0m[37m━━━━━━━━━━━━━━━━━━━[0m [1m13:09[0m 7s/step - accuracy: 0.9215 - dice_coeff: 0.9291 - iou_score: 0.9107 - loss: 0.2788 - precision: 0.9278 - recall: 0.9802
[1m 13/125[0m [32m━━[0m[37m━━━━━━━━━━━━━━━━━━[0m [1m13:02[0m 7s/step - accuracy: 0.9218 - dice_coeff: 0.9293 - iou_score: 0.9111 - loss: 0.2777 - precision: 0.9282 - recall: 0.9801
[1m 14/125[0m [32m━━[0m[37m━━━━━━━━━━━━━━━━━━[0m [1m12:55[0m 7s/step - accuracy: 0.9220 - dice_coeff: 0.9295 - iou_score: 0.9114 - loss: 0.2769 - precision: 0.9285 - recall: 0.9801
[1m 15/125[0m [32m━━[0m[37m━━━━━━━━━━━━━━━━━━[0m [1m12:47[0m 7s/step - accuracy: 0.9222 - dice_coeff: 0.9297 - iou_score: 0.9115 - loss: 0.2763 - precision: 0.9287 - recall: 0.9801
[1m 16/125[0m [32m━━[0m[37m━━━━━━━━━━━━━━━━━━[0m [1m12:40[0m 7s/step - accuracy: 0.9223 - dice_coeff: 0.9298 - iou_score: 0.9116 - loss: 0.2759 - precision: 0.9289 - recall: 0.9801
[1m 17/125[0m [32m━━[0m[37m━━━━━━━━━━━━━━━━━━[0m [1m12:32[0m 7s/step - accuracy: 0.9224 - dice_coeff: 0.9298 - iou_score: 0.9117 - loss: 0.2757 - precision: 0.9289 - recall: 0.9801
[1m 18/125[0m [32m━━[0m[37m━━━━━━━━━━━━━━━━━━[0m [1m12:25[0m 7s/step - accuracy: 0.9225 - dice_coeff: 0.9299 - iou_score: 0.9118 - loss: 0.2753 - precision: 0.9290 - recall: 0.9801
[1m 19/125[0m [32m━━━[0m[37m━━━━━━━━━━━━━━━━━[0m [1m12:18[0m 7s/step - accuracy: 0.9226 - dice_coeff: 0.9300 - iou_score: 0.9120 - loss: 0.2750 - precision: 0.9292 - recall: 0.9801
[1m 20/125[0m [32m━━━[0m[37m━━━━━━━━━━━━━━━━━[0m [1m12:11[0m 7s/step - accuracy: 0.9227 - dice_coeff: 0.9301 - iou_score: 0.9121 - loss: 0.2746 - precision: 0.9293 - recall: 0.9802
[1m 21/125[0m [32m━━━[0m[37m━━━━━━━━━━━━━━━━━[0m [1m12:04[0m 7s/step - accuracy: 0.9228 - dice_coeff: 0.9302 - iou_score: 0.9122 - loss: 0.2742 - precision: 0.9294 - recall: 0.9802
[1m 22/125[0m [32m━━━[0m[37m━━━━━━━━━━━━━━━━━[0m [1m11:57[0m 7s/step - accuracy: 0.9229 - dice_coeff: 0.9303 - iou_score: 0.9124 - loss: 0.2738 - precision: 0.9295 - recall: 0.9802
[1m 23/125[0m [32m━━━[0m[37m━━━━━━━━━━━━━━━━━[0m [1m11:50[0m 7s/step - accuracy: 0.9230 - dice_coeff: 0.9304 - iou_score: 0.9125 - loss: 0.2734 - precision: 0.9296 - recall: 0.9802
[1m 24/125[0m [32m━━━[0m[37m━━━━━━━━━━━━━━━━━[0m [1m11:42[0m 7s/step - accuracy: 0.9231 - dice_coeff: 0.9305 - iou_score: 0.9126 - loss: 0.2730 - precision: 0.9298 - recall: 0.9802
[1m 25/125[0m [32m━━━━[0m[37m━━━━━━━━━━━━━━━━[0m [1m11:35[0m 7s/step - accuracy: 0.9233 - dice_coeff: 0.9306 - iou_score: 0.9128 - loss: 0.2726 - precision: 0.9299 - recall: 0.9802
[1m 26/125[0m [32m━━━━[0m[37m━━━━━━━━━━━━━━━━[0m [1m11:28[0m 7s/step - accuracy: 0.9234 - dice_coeff: 0.9307 - iou_score: 0.9129 - loss: 0.2722 - precision: 0.9300 - recall: 0.9803
[1m 27/125[0m [32m━━━━[0m[37m━━━━━━━━━━━━━━━━[0m [1m11:21[0m 7s/step - accuracy: 0.9235 - dice_coeff: 0.9308 - iou_score: 0.9131 - loss: 0.2718 - precision: 0.9302 - recall: 0.9803
[1m 28/125[0m [32m━━━━[0m[37m━━━━━━━━━━━━━━━━[0m [1m11:14[0m 7s/step - accuracy: 0.9236 - dice_coeff: 0.9309 - iou_score: 0.9132 - loss: 0.2715 - precision: 0.9303 - recall: 0.9803
[1m 29/125[0m [32m━━━━[0m[37m━━━━━━━━━━━━━━━━[0m [1m11:07[0m 7s/step - accuracy: 0.9237 - dice_coeff: 0.9309 - iou_score: 0.9132 - loss: 0.2713 - precision: 0.9303 - recall: 0.9803
[1m 30/125[0m [32m━━━━[0m[37m━━━━━━━━━━━━━━━━[0m [1m11:00[0m 7s/step - accuracy: 0.9237 - dice_coeff: 0.9310 - iou_score: 0.9133 - loss: 0.2710 - precision: 0.9304 - recall: 0.9803
[1m 31/125[0m [32m━━━━[0m[37m━━━━━━━━━━━━━━━━[0m [1m10:53[0m 7s/step - accuracy: 0.9238 - dice_coeff: 0.9311 - iou_score: 0.9134 - loss: 0.2708 - precision: 0.9304 - recall: 0.9803
[1m 32/125[0m [32m━━━━━[0m[37m━━━━━━━━━━━━━━━[0m [1m10:46[0m 7s/step - accuracy: 0.9238 - dice_coeff: 0.9311 - iou_score: 0.9135 - loss: 0.2706 - precision: 0.9305 - recall: 0.9804
[1m 33/125[0m [32m━━━━━[0m[37m━━━━━━━━━━━━━━━[0m [1m10:39[0m 7s/step - accuracy: 0.9239 - dice_coeff: 0.9312 - iou_score: 0.9135 - loss: 0.2704 - precision: 0.9306 - recall: 0.9804
[1m 34/125[0m [32m━━━━━[0m[37m━━━━━━━━━━━━━━━[0m [1m10:33[0m 7s/step - accuracy: 0.9240 - dice_coeff: 0.9313 - iou_score: 0.9136 - loss: 0.2701 - precision: 0.9307 - recall: 0.9804
[1m 35/125[0m [32m━━━━━[0m[37m━━━━━━━━━━━━━━━[0m [1m10:26[0m 7s/step - accuracy: 0.9240 - dice_coeff: 0.9313 - iou_score: 0.9137 - loss: 0.2700 - precision: 0.9307 - recall: 0.9804
[1m 36/125[0m [32m━━━━━[0m[37m━━━━━━━━━━━━━━━[0m [1m10:19[0m 7s/step - accuracy: 0.9241 - dice_coeff: 0.9313 - iou_score: 0.9137 - loss: 0.2698 - precision: 0.9308 - recall: 0.9804
[1m 37/125[0m [32m━━━━━[0m[37m━━━━━━━━━━━━━━━[0m [1m10:12[0m 7s/step - accuracy: 0.9241 - dice_coeff: 0.9314 - iou_score: 0.9138 - loss: 0.2697 - precision: 0.9308 - recall: 0.9804
[1m 38/125[0m [32m━━━━━━[0m[37m━━━━━━━━━━━━━━[0m [1m10:05[0m 7s/step - accuracy: 0.9242 - dice_coeff: 0.9314 - iou_score: 0.9138 - loss: 0.2695 - precision: 0.9309 - recall: 0.9804
[1m 39/125[0m [32m━━━━━━[0m[37m━━━━━━━━━━━━━━[0m [1m9:58[0m 7s/step - accuracy: 0.9242 - dice_coeff: 0.9315 - iou_score: 0.9139 - loss: 0.2693 - precision: 0.9309 - recall: 0.9804 
[1m 40/125[0m [32m━━━━━━[0m[37m━━━━━━━━━━━━━━[0m [1m9:51[0m 7s/step - accuracy: 0.9243 - dice_coeff: 0.9315 - iou_score: 0.9139 - loss: 0.2692 - precision: 0.9310 - recall: 0.9804
[1m 41/125[0m [32m━━━━━━[0m[37m━━━━━━━━━━━━━━[0m [1m9:44[0m 7s/step - accuracy: 0.9243 - dice_coeff: 0.9315 - iou_score: 0.9140 - loss: 0.2691 - precision: 0.9310 - recall: 0.9804
[1m 42/125[0m [32m━━━━━━[0m[37m━━━━━━━━━━━━━━[0m [1m9:37[0m 7s/step - accuracy: 0.9243 - dice_coeff: 0.9316 - iou_score: 0.9140 - loss: 0.2690 - precision: 0.9310 - recall: 0.9804
[1m 43/125[0m [32m━━━━━━[0m[37m━━━━━━━━━━━━━━[0m [1m9:30[0m 7s/step - accuracy: 0.9244 - dice_coeff: 0.9316 - iou_score: 0.9140 - loss: 0.2688 - precision: 0.9311 - recall: 0.9804
[1m 44/125[0m [32m━━━━━━━[0m[37m━━━━━━━━━━━━━[0m [1m9:23[0m 7s/step - accuracy: 0.9244 - dice_coeff: 0.9316 - iou_score: 0.9141 - loss: 0.2687 - precision: 0.9311 - recall: 0.9804
[1m 45/125[0m [32m━━━━━━━[0m[37m━━━━━━━━━━━━━[0m [1m9:16[0m 7s/step - accuracy: 0.9244 - dice_coeff: 0.9316 - iou_score: 0.9141 - loss: 0.2687 - precision: 0.9311 - recall: 0.9804
[1m 46/125[0m [32m━━━━━━━[0m[37m━━━━━━━━━━━━━[0m [1m9:09[0m 7s/step - accuracy: 0.9245 - dice_coeff: 0.9317 - iou_score: 0.9141 - loss: 0.2686 - precision: 0.9311 - recall: 0.9804
[1m 47/125[0m [32m━━━━━━━[0m[37m━━━━━━━━━━━━━[0m [1m9:02[0m 7s/step - accuracy: 0.9245 - dice_coeff: 0.9317 - iou_score: 0.9142 - loss: 0.2685 - precision: 0.9312 - recall: 0.9804
[1m 48/125[0m [32m━━━━━━━[0m[37m━━━━━━━━━━━━━[0m [1m8:55[0m 7s/step - accuracy: 0.9245 - dice_coeff: 0.9317 - iou_score: 0.9142 - loss: 0.2684 - precision: 0.9312 - recall: 0.9804
[1m 49/125[0m [32m━━━━━━━[0m[37m━━━━━━━━━━━━━[0m [1m8:48[0m 7s/step - accuracy: 0.9245 - dice_coeff: 0.9317 - iou_score: 0.9142 - loss: 0.2683 - precision: 0.9312 - recall: 0.9804
[1m 50/125[0m [32m━━━━━━━━[0m[37m━━━━━━━━━━━━[0m [1m8:42[0m 7s/step - accuracy: 0.9246 - dice_coeff: 0.9317 - iou_score: 0.9142 - loss: 0.2682 - precision: 0.9313 - recall: 0.9804
[1m 51/125[0m [32m━━━━━━━━[0m[37m━━━━━━━━━━━━[0m [1m8:35[0m 7s/step - accuracy: 0.9246 - dice_coeff: 0.9318 - iou_score: 0.9143 - loss: 0.2682 - precision: 0.9313 - recall: 0.9804
[1m 52/125[0m [32m━━━━━━━━[0m[37m━━━━━━━━━━━━[0m [1m8:28[0m 7s/step - accuracy: 0.9246 - dice_coeff: 0.9318 - iou_score: 0.9143 - loss: 0.2681 - precision: 0.9313 - recall: 0.9804
[1m 53/125[0m [32m━━━━━━━━[0m[37m━━━━━━━━━━━━[0m [1m8:21[0m 7s/step - accuracy: 0.9246 - dice_coeff: 0.9318 - iou_score: 0.9143 - loss: 0.2680 - precision: 0.9313 - recall: 0.9804
[1m 54/125[0m [32m━━━━━━━━[0m[37m━━━━━━━━━━━━[0m [1m8:14[0m 7s/step - accuracy: 0.9246 - dice_coeff: 0.9318 - iou_score: 0.9143 - loss: 0.2680 - precision: 0.9313 - recall: 0.9804
[1m 55/125[0m [32m━━━━━━━━[0m[37m━━━━━━━━━━━━[0m [1m8:07[0m 7s/step - accuracy: 0.9246 - dice_coeff: 0.9318 - iou_score: 0.9143 - loss: 0.2679 - precision: 0.9314 - recall: 0.9804
[1m 56/125[0m [32m━━━━━━━━[0m[37m━━━━━━━━━━━━[0m [1m8:00[0m 7s/step - accuracy: 0.9247 - dice_coeff: 0.9318 - iou_score: 0.9144 - loss: 0.2679 - precision: 0.9314 - recall: 0.9804
[1m 57/125[0m [32m━━━━━━━━━[0m[37m━━━━━━━━━━━[0m [1m7:53[0m 7s/step - accuracy: 0.9247 - dice_coeff: 0.9318 - iou_score: 0.9144 - loss: 0.2678 - precision: 0.9314 - recall: 0.9804
[1m 58/125[0m [32m━━━━━━━━━[0m[37m━━━━━━━━━━━[0m [1m7:46[0m 7s/step - accuracy: 0.9247 - dice_coeff: 0.9319 - iou_score: 0.9144 - loss: 0.2677 - precision: 0.9314 - recall: 0.9804
[1m 59/125[0m [32m━━━━━━━━━[0m[37m━━━━━━━━━━━[0m [1m7:39[0m 7s/step - accuracy: 0.9247 - dice_coeff: 0.9319 - iou_score: 0.9144 - loss: 0.2677 - precision: 0.9314 - recall: 0.9804
[1m 60/125[0m [32m━━━━━━━━━[0m[37m━━━━━━━━━━━[0m [1m7:32[0m 7s/step - accuracy: 0.9247 - dice_coeff: 0.9319 - iou_score: 0.9144 - loss: 0.2676 - precision: 0.9314 - recall: 0.9804
[1m 61/125[0m [32m━━━━━━━━━[0m[37m━━━━━━━━━━━[0m [1m7:25[0m 7s/step - accuracy: 0.9247 - dice_coeff: 0.9319 - iou_score: 0.9144 - loss: 0.2675 - precision: 0.9315 - recall: 0.9804
[1m 62/125[0m [32m━━━━━━━━━[0m[37m━━━━━━━━━━━[0m [1m7:18[0m 7s/step - accuracy: 0.9248 - dice_coeff: 0.9319 - iou_score: 0.9145 - loss: 0.2675 - precision: 0.9315 - recall: 0.9804
[1m 63/125[0m [32m━━━━━━━━━━[0m[37m━━━━━━━━━━[0m [1m7:11[0m 7s/step - accuracy: 0.9248 - dice_coeff: 0.9319 - iou_score: 0.9145 - loss: 0.2674 - precision: 0.9315 - recall: 0.9804
[1m 64/125[0m [32m━━━━━━━━━━[0m[37m━━━━━━━━━━[0m [1m7:04[0m 7s/step - accuracy: 0.9248 - dice_coeff: 0.9320 - iou_score: 0.9145 - loss: 0.2673 - precision: 0.9315 - recall: 0.9804
[1m 65/125[0m [32m━━━━━━━━━━[0m[37m━━━━━━━━━━[0m [1m6:57[0m 7s/step - accuracy: 0.9248 - dice_coeff: 0.9320 - iou_score: 0.9145 - loss: 0.2673 - precision: 0.9316 - recall: 0.9804
[1m 66/125[0m [32m━━━━━━━━━━[0m[37m━━━━━━━━━━[0m [1m6:50[0m 7s/step - accuracy: 0.9248 - dice_coeff: 0.9320 - iou_score: 0.9146 - loss: 0.2672 - precision: 0.9316 - recall: 0.9804
[1m 67/125[0m [32m━━━━━━━━━━[0m[37m━━━━━━━━━━[0m [1m6:43[0m 7s/step - accuracy: 0.9249 - dice_coeff: 0.9320 - iou_score: 0.9146 - loss: 0.2671 - precision: 0.9316 - recall: 0.9805
[1m 68/125[0m [32m━━━━━━━━━━[0m[37m━━━━━━━━━━[0m [1m6:36[0m 7s/step - accuracy: 0.9249 - dice_coeff: 0.9320 - iou_score: 0.9146 - loss: 0.2670 - precision: 0.9316 - recall: 0.9805
[1m 69/125[0m [32m━━━━━━━━━━━[0m[37m━━━━━━━━━[0m [1m6:29[0m 7s/step - accuracy: 0.9249 - dice_coeff: 0.9321 - iou_score: 0.9146 - loss: 0.2670 - precision: 0.9316 - recall: 0.9805
[1m 70/125[0m [32m━━━━━━━━━━━[0m[37m━━━━━━━━━[0m [1m6:22[0m 7s/step - accuracy: 0.9249 - dice_coeff: 0.9321 - iou_score: 0.9146 - loss: 0.2669 - precision: 0.9316 - recall: 0.9805
[1m 71/125[0m [32m━━━━━━━━━━━[0m[37m━━━━━━━━━[0m [1m6:15[0m 7s/step - accuracy: 0.9249 - dice_coeff: 0.9321 - iou_score: 0.9147 - loss: 0.2668 - precision: 0.9317 - recall: 0.9805
[1m 72/125[0m [32m━━━━━━━━━━━[0m[37m━━━━━━━━━[0m [1m6:08[0m 7s/step - accuracy: 0.9250 - dice_coeff: 0.9321 - iou_score: 0.9147 - loss: 0.2667 - precision: 0.9317 - recall: 0.9805
[1m 73/125[0m [32m━━━━━━━━━━━[0m[37m━━━━━━━━━[0m [1m6:01[0m 7s/step - accuracy: 0.9250 - dice_coeff: 0.9321 - iou_score: 0.9147 - loss: 0.2666 - precision: 0.9317 - recall: 0.9805
[1m 74/125[0m [32m━━━━━━━━━━━[0m[37m━━━━━━━━━[0m [1m5:54[0m 7s/step - accuracy: 0.9250 - dice_coeff: 0.9322 - iou_score: 0.9147 - loss: 0.2666 - precision: 0.9317 - recall: 0.9805
[1m 75/125[0m [32m━━━━━━━━━━━━[0m[37m━━━━━━━━[0m [1m5:47[0m 7s/step - accuracy: 0.9250 - dice_coeff: 0.9322 - iou_score: 0.9148 - loss: 0.2665 - precision: 0.9318 - recall: 0.9805
[1m 76/125[0m [32m━━━━━━━━━━━━[0m[37m━━━━━━━━[0m [1m5:40[0m 7s/step - accuracy: 0.9251 - dice_coeff: 0.9322 - iou_score: 0.9148 - loss: 0.2664 - precision: 0.9318 - recall: 0.9805
[1m 77/125[0m [32m━━━━━━━━━━━━[0m[37m━━━━━━━━[0m [1m5:33[0m 7s/step - accuracy: 0.9251 - dice_coeff: 0.9322 - iou_score: 0.9148 - loss: 0.2663 - precision: 0.9318 - recall: 0.9805
[1m 78/125[0m [32m━━━━━━━━━━━━[0m[37m━━━━━━━━[0m [1m5:26[0m 7s/step - accuracy: 0.9251 - dice_coeff: 0.9322 - iou_score: 0.9148 - loss: 0.2662 - precision: 0.9318 - recall: 0.9805
[1m 79/125[0m [32m━━━━━━━━━━━━[0m[37m━━━━━━━━[0m [1m5:20[0m 7s/step - accuracy: 0.9251 - dice_coeff: 0.9323 - iou_score: 0.9149 - loss: 0.2662 - precision: 0.9318 - recall: 0.9805
[1m 80/125[0m [32m━━━━━━━━━━━━[0m[37m━━━━━━━━[0m [1m5:13[0m 7s/step - accuracy: 0.9251 - dice_coeff: 0.9323 - iou_score: 0.9149 - loss: 0.2661 - precision: 0.9319 - recall: 0.9805
[1m 81/125[0m [32m━━━━━━━━━━━━[0m[37m━━━━━━━━[0m [1m5:06[0m 7s/step - accuracy: 0.9252 - dice_coeff: 0.9323 - iou_score: 0.9149 - loss: 0.2660 - precision: 0.9319 - recall: 0.9805
[1m 82/125[0m [32m━━━━━━━━━━━━━[0m[37m━━━━━━━[0m [1m4:59[0m 7s/step - accuracy: 0.9252 - dice_coeff: 0.9323 - iou_score: 0.9149 - loss: 0.2660 - precision: 0.9319 - recall: 0.9805
[1m 83/125[0m [32m━━━━━━━━━━━━━[0m[37m━━━━━━━[0m [1m4:52[0m 7s/step - accuracy: 0.9252 - dice_coeff: 0.9323 - iou_score: 0.9149 - loss: 0.2659 - precision: 0.9319 - recall: 0.9805
[1m 84/125[0m [32m━━━━━━━━━━━━━[0m[37m━━━━━━━[0m [1m4:45[0m 7s/step - accuracy: 0.9252 - dice_coeff: 0.9323 - iou_score: 0.9150 - loss: 0.2658 - precision: 0.9319 - recall: 0.9805
[1m 85/125[0m [32m━━━━━━━━━━━━━[0m[37m━━━━━━━[0m [1m4:38[0m 7s/step - accuracy: 0.9252 - dice_coeff: 0.9324 - iou_score: 0.9150 - loss: 0.2658 - precision: 0.9319 - recall: 0.9805
[1m 86/125[0m [32m━━━━━━━━━━━━━[0m[37m━━━━━━━[0m [1m4:31[0m 7s/step - accuracy: 0.9253 - dice_coeff: 0.9324 - iou_score: 0.9150 - loss: 0.2657 - precision: 0.9320 - recall: 0.9805
[1m 87/125[0m [32m━━━━━━━━━━━━━[0m[37m━━━━━━━[0m [1m4:24[0m 7s/step - accuracy: 0.9253 - dice_coeff: 0.9324 - iou_score: 0.9150 - loss: 0.2656 - precision: 0.9320 - recall: 0.9805
[1m 88/125[0m [32m━━━━━━━━━━━━━━[0m[37m━━━━━━[0m [1m4:17[0m 7s/step - accuracy: 0.9253 - dice_coeff: 0.9324 - iou_score: 0.9150 - loss: 0.2656 - precision: 0.9320 - recall: 0.9805
[1m 89/125[0m [32m━━━━━━━━━━━━━━[0m[37m━━━━━━[0m [1m4:10[0m 7s/step - accuracy: 0.9253 - dice_coeff: 0.9324 - iou_score: 0.9150 - loss: 0.2655 - precision: 0.9320 - recall: 0.9805
[1m 90/125[0m [32m━━━━━━━━━━━━━━[0m[37m━━━━━━[0m [1m4:03[0m 7s/step - accuracy: 0.9253 - dice_coeff: 0.9324 - iou_score: 0.9151 - loss: 0.2655 - precision: 0.9320 - recall: 0.9805
[1m 91/125[0m [32m━━━━━━━━━━━━━━[0m[37m━━━━━━[0m [1m3:56[0m 7s/step - accuracy: 0.9253 - dice_coeff: 0.9324 - iou_score: 0.9151 - loss: 0.2654 - precision: 0.9320 - recall: 0.9805
[1m 92/125[0m [32m━━━━━━━━━━━━━━[0m[37m━━━━━━[0m [1m3:49[0m 7s/step - accuracy: 0.9254 - dice_coeff: 0.9325 - iou_score: 0.9151 - loss: 0.2653 - precision: 0.9321 - recall: 0.9805
[1m 93/125[0m [32m━━━━━━━━━━━━━━[0m[37m━━━━━━[0m [1m3:42[0m 7s/step - accuracy: 0.9254 - dice_coeff: 0.9325 - iou_score: 0.9151 - loss: 0.2653 - precision: 0.9321 - recall: 0.9805
[1m 94/125[0m [32m━━━━━━━━━━━━━━━[0m[37m━━━━━[0m [1m3:35[0m 7s/step - accuracy: 0.9254 - dice_coeff: 0.9325 - iou_score: 0.9151 - loss: 0.2652 - precision: 0.9321 - recall: 0.9805
[1m 95/125[0m [32m━━━━━━━━━━━━━━━[0m[37m━━━━━[0m [1m3:28[0m 7s/step - accuracy: 0.9254 - dice_coeff: 0.9325 - iou_score: 0.9151 - loss: 0.2652 - precision: 0.9321 - recall: 0.9805
[1m 96/125[0m [32m━━━━━━━━━━━━━━━[0m[37m━━━━━[0m [1m3:21[0m 7s/step - accuracy: 0.9254 - dice_coeff: 0.9325 - iou_score: 0.9152 - loss: 0.2651 - precision: 0.9321 - recall: 0.9805
[1m 97/125[0m [32m━━━━━━━━━━━━━━━[0m[37m━━━━━[0m [1m3:14[0m 7s/step - accuracy: 0.9254 - dice_coeff: 0.9325 - iou_score: 0.9152 - loss: 0.2651 - precision: 0.9321 - recall: 0.9805
[1m 98/125[0m [32m━━━━━━━━━━━━━━━[0m[37m━━━━━[0m [1m3:07[0m 7s/step - accuracy: 0.9254 - dice_coeff: 0.9325 - iou_score: 0.9152 - loss: 0.2651 - precision: 0.9321 - recall: 0.9805
[1m 99/125[0m [32m━━━━━━━━━━━━━━━[0m[37m━━━━━[0m [1m3:00[0m 7s/step - accuracy: 0.9254 - dice_coeff: 0.9325 - iou_score: 0.9152 - loss: 0.2650 - precision: 0.9322 - recall: 0.9805
[1m100/125[0m [32m━━━━━━━━━━━━━━━━[0m[37m━━━━[0m [1m2:53[0m 7s/step - accuracy: 0.9254 - dice_coeff: 0.9326 - iou_score: 0.9152 - loss: 0.2650 - precision: 0.9322 - recall: 0.9805
[1m101/125[0m [32m━━━━━━━━━━━━━━━━[0m[37m━━━━[0m [1m2:46[0m 7s/step - accuracy: 0.9255 - dice_coeff: 0.9326 - iou_score: 0.9152 - loss: 0.2649 - precision: 0.9322 - recall: 0.9805
[1m102/125[0m [32m━━━━━━━━━━━━━━━━[0m[37m━━━━[0m [1m2:40[0m 7s/step - accuracy: 0.9255 - dice_coeff: 0.9326 - iou_score: 0.9152 - loss: 0.2649 - precision: 0.9322 - recall: 0.9805
[1m103/125[0m [32m━━━━━━━━━━━━━━━━[0m[37m━━━━[0m [1m2:33[0m 7s/step - accuracy: 0.9255 - dice_coeff: 0.9326 - iou_score: 0.9152 - loss: 0.2649 - precision: 0.9322 - recall: 0.9805
[1m104/125[0m [32m━━━━━━━━━━━━━━━━[0m[37m━━━━[0m [1m2:26[0m 7s/step - accuracy: 0.9255 - dice_coeff: 0.9326 - iou_score: 0.9152 - loss: 0.2648 - precision: 0.9322 - recall: 0.9805
[1m105/125[0m [32m━━━━━━━━━━━━━━━━[0m[37m━━━━[0m [1m2:19[0m 7s/step - accuracy: 0.9255 - dice_coeff: 0.9326 - iou_score: 0.9152 - loss: 0.2648 - precision: 0.9322 - recall: 0.9805
[1m106/125[0m [32m━━━━━━━━━━━━━━━━[0m[37m━━━━[0m [1m2:12[0m 7s/step - accuracy: 0.9255 - dice_coeff: 0.9326 - iou_score: 0.9152 - loss: 0.2648 - precision: 0.9322 - recall: 0.9805
[1m107/125[0m [32m━━━━━━━━━━━━━━━━━[0m[37m━━━[0m [1m2:05[0m 7s/step - accuracy: 0.9255 - dice_coeff: 0.9326 - iou_score: 0.9153 - loss: 0.2648 - precision: 0.9322 - recall: 0.9805
[1m108/125[0m [32m━━━━━━━━━━━━━━━━━[0m[37m━━━[0m [1m1:58[0m 7s/step - accuracy: 0.9255 - dice_coeff: 0.9326 - iou_score: 0.9153 - loss: 0.2648 - precision: 0.9322 - recall: 0.9805
[1m109/125[0m [32m━━━━━━━━━━━━━━━━━[0m[37m━━━[0m [1m1:51[0m 7s/step - accuracy: 0.9255 - dice_coeff: 0.9326 - iou_score: 0.9153 - loss: 0.2647 - precision: 0.9322 - recall: 0.9805
[1m110/125[0m [32m━━━━━━━━━━━━━━━━━[0m[37m━━━[0m [1m1:44[0m 7s/step - accuracy: 0.9255 - dice_coeff: 0.9326 - iou_score: 0.9153 - loss: 0.2647 - precision: 0.9322 - recall: 0.9805
[1m111/125[0m [32m━━━━━━━━━━━━━━━━━[0m[37m━━━[0m [1m8:27[0m 36s/step - accuracy: 0.9255 - dice_coeff: 0.9326 - iou_score: 0.9153 - loss: 0.2647 - precision: 0.9322 - recall: 0.9805
[1m112/125[0m [32m━━━━━━━━━━━━━━━━━[0m[37m━━━[0m [1m7:47[0m 36s/step - accuracy: 0.9255 - dice_coeff: 0.9326 - iou_score: 0.9153 - loss: 0.2647 - precision: 0.9322 - recall: 0.9805
[1m113/125[0m [32m━━━━━━━━━━━━━━━━━━[0m[37m━━[0m [1m7:08[0m 36s/step - accuracy: 0.9255 - dice_coeff: 0.9326 - iou_score: 0.9153 - loss: 0.2646 - precision: 0.9322 - recall: 0.9805
[1m114/125[0m [32m━━━━━━━━━━━━━━━━━━[0m[37m━━[0m [1m6:30[0m 35s/step - accuracy: 0.9255 - dice_coeff: 0.9326 - iou_score: 0.9153 - loss: 0.2646 - precision: 0.9323 - recall: 0.9805
[1m115/125[0m [32m━━━━━━━━━━━━━━━━━━[0m[37m━━[0m [1m5:52[0m 35s/step - accuracy: 0.9255 - dice_coeff: 0.9326 - iou_score: 0.9153 - loss: 0.2646 - precision: 0.9323 - recall: 0.9805
[1m116/125[0m [32m━━━━━━━━━━━━━━━━━━[0m[37m━━[0m [1m5:14[0m 35s/step - accuracy: 0.9255 - dice_coeff: 0.9327 - iou_score: 0.9153 - loss: 0.2646 - precision: 0.9323 - recall: 0.9805
[1m117/125[0m [32m━━━━━━━━━━━━━━━━━━[0m[37m━━[0m [1m4:37[0m 35s/step - accuracy: 0.9255 - dice_coeff: 0.9327 - iou_score: 0.9153 - loss: 0.2646 - precision: 0.9323 - recall: 0.9805
[1m118/125[0m [32m━━━━━━━━━━━━━━━━━━[0m[37m━━[0m [1m4:01[0m 34s/step - accuracy: 0.9255 - dice_coeff: 0.9327 - iou_score: 0.9153 - loss: 0.2645 - precision: 0.9323 - recall: 0.9805
[1m119/125[0m [32m━━━━━━━━━━━━━━━━━━━[0m[37m━[0m [1m3:25[0m 34s/step - accuracy: 0.9255 - dice_coeff: 0.9327 - iou_score: 0.9153 - loss: 0.2645 - precision: 0.9323 - recall: 0.9805
[1m120/125[0m [32m━━━━━━━━━━━━━━━━━━━[0m[37m━[0m [1m2:50[0m 34s/step - accuracy: 0.9256 - dice_coeff: 0.9327 - iou_score: 0.9153 - loss: 0.2645 - precision: 0.9323 - recall: 0.9805
[1m121/125[0m [32m━━━━━━━━━━━━━━━━━━━[0m[37m━[0m [1m2:15[0m 34s/step - accuracy: 0.9256 - dice_coeff: 0.9327 - iou_score: 0.9153 - loss: 0.2645 - precision: 0.9323 - recall: 0.9805
[1m122/125[0m [32m━━━━━━━━━━━━━━━━━━━[0m[37m━[0m [1m1:40[0m 34s/step - accuracy: 0.9256 - dice_coeff: 0.9327 - iou_score: 0.9153 - loss: 0.2645 - precision: 0.9323 - recall: 0.9805
[1m123/125[0m [32m━━━━━━━━━━━━━━━━━━━[0m[37m━[0m [1m1:06[0m 33s/step - accuracy: 0.9256 - dice_coeff: 0.9327 - iou_score: 0.9153 - loss: 0.2645 - precision: 0.9323 - recall: 0.9805
[1m124/125[0m [32m━━━━━━━━━━━━━━━━━━━[0m[37m━[0m [1m33s[0m 33s/step - accuracy: 0.9256 - dice_coeff: 0.9327 - iou_score: 0.9153 - loss: 0.2644 - precision: 0.9323 - recall: 0.9805 
[1m125/125[0m [32m━━━━━━━━━━━━━━━━━━━━[0m[37m[0m [1m0s[0m 33s/step - accuracy: 0.9256 - dice_coeff: 0.9327 - iou_score: 0.9153 - loss: 0.2644 - precision: 0.9323 - recall: 0.9805 
Epoch 15: val_dice_coeff did not improve from 0.91774

[1m125/125[0m [32m━━━━━━━━━━━━━━━━━━━━[0m[37m[0m [1m4162s[0m 34s/step - accuracy: 0.9259 - dice_coeff: 0.9331 - iou_score: 0.9157 - loss: 0.2626 - precision: 0.9326 - recall: 0.9806 - val_accuracy: 0.9120 - val_dice_coeff: 0.9167 - val_iou_score: 0.8980 - val_loss: 0.3117 - val_precision: 0.9179 - val_recall: 0.9763 - learning_rate: 5.0000e-05
Epoch 16/100

[1m  1/125[0m [37m━━━━━━━━━━━━━━━━━━━━[0m [1m15:01[0m 7s/step - accuracy: 0.9237 - dice_coeff: 0.9312 - iou_score: 0.9126 - loss: 0.2706 - precision: 0.9333 - recall: 0.9762
[1m  2/125[0m [37m━━━━━━━━━━━━━━━━━━━━[0m [1m14:53[0m 7s/step - accuracy: 0.9266 - dice_coeff: 0.9330 - iou_score: 0.9161 - loss: 0.2618 - precision: 0.9368 - recall: 0.9764
[1m  3/125[0m [37m━━━━━━━━━━━━━━━━━━━━[0m [1m14:42[0m 7s/step - accuracy: 0.9274 - dice_coeff: 0.9335 - iou_score: 0.9169 - loss: 0.2593 - precision: 0.9369 - recall: 0.9773
[1m  4/125[0m [37m━━━━━━━━━━━━━━━━━━━━[0m [1m14:34[0m 7s/step - accuracy: 0.9260 - dice_coeff: 0.9327 - iou_score: 0.9153 - loss: 0.2635 - precision: 0.9348 - recall: 0.9777
[1m  5/125[0m [37m━━━━━━━━━━━━━━━━━━━━[0m [1m14:27[0m 7s/step - accuracy: 0.9252 - dice_coeff: 0.9323 - iou_score: 0.9144 - loss: 0.2658 - precision: 0.9335 - recall: 0.9780
[1m  6/125[0m [37m━━━━━━━━━━━━━━━━━━━━[0m [1m14:19[0m 7s/step - accuracy: 0.9248 - dice_coeff: 0.9320 - iou_score: 0.9139 - loss: 0.2670 - precision: 0.9330 - recall: 0.9781
[1m  7/125[0m [32m━[0m[37m━━━━━━━━━━━━━━━━━━━[0m [1m14:13[0m 7s/step - accuracy: 0.9246 - dice_coeff: 0.9319 - iou_score: 0.9136 - loss: 0.2678 - precision: 0.9327 - recall: 0.9781
[1m  8/125[0m [32m━[0m[37m━━━━━━━━━━━━━━━━━━━[0m [1m14:07[0m 7s/step - accuracy: 0.9246 - dice_coeff: 0.9319 - iou_score: 0.9136 - loss: 0.2675 - precision: 0.9327 - recall: 0.9782
[1m  9/125[0m [32m━[0m[37m━━━━━━━━━━━━━━━━━━━[0m [1m14:01[0m 7s/step - accuracy: 0.9246 - dice_coeff: 0.9319 - iou_score: 0.9136 - loss: 0.2676 - precision: 0.9326 - recall: 0.9782
[1m 10/125[0m [32m━[0m[37m━━━━━━━━━━━━━━━━━━━[0m [1m13:55[0m 7s/step - accuracy: 0.9246 - dice_coeff: 0.9319 - iou_score: 0.9136 - loss: 0.2676 - precision: 0.9327 - recall: 0.9781
[1m 11/125[0m [32m━[0m[37m━━━━━━━━━━━━━━━━━━━[0m [1m13:50[0m 7s/step - accuracy: 0.9247 - dice_coeff: 0.9319 - iou_score: 0.9137 - loss: 0.2673 - precision: 0.9328 - recall: 0.9781
[1m 12/125[0m [32m━[0m[37m━━━━━━━━━━━━━━━━━━━[0m [1m13:44[0m 7s/step - accuracy: 0.9247 - dice_coeff: 0.9319 - iou_score: 0.9138 - loss: 0.2671 - precision: 0.9328 - recall: 0.9782
[1m 13/125[0m [32m━━[0m[37m━━━━━━━━━━━━━━━━━━[0m [1m13:37[0m 7s/step - accuracy: 0.9248 - dice_coeff: 0.9320 - iou_score: 0.9139 - loss: 0.2669 - precision: 0.9328 - recall: 0.9782
[1m 14/125[0m [32m━━[0m[37m━━━━━━━━━━━━━━━━━━[0m [1m13:30[0m 7s/step - accuracy: 0.9249 - dice_coeff: 0.9320 - iou_score: 0.9140 - loss: 0.2666 - precision: 0.9329 - recall: 0.9783
[1m 15/125[0m [32m━━[0m[37m━━━━━━━━━━━━━━━━━━[0m [1m13:22[0m 7s/step - accuracy: 0.9250 - dice_coeff: 0.9321 - iou_score: 0.9141 - loss: 0.2662 - precision: 0.9330 - recall: 0.9783
[1m 16/125[0m [32m━━[0m[37m━━━━━━━━━━━━━━━━━━[0m [1m13:16[0m 7s/step - accuracy: 0.9251 - dice_coeff: 0.9322 - iou_score: 0.9143 - loss: 0.2657 - precision: 0.9331 - recall: 0.9784
[1m 17/125[0m [32m━━[0m[37m━━━━━━━━━━━━━━━━━━[0m [1m13:09[0m 7s/step - accuracy: 0.9253 - dice_coeff: 0.9323 - iou_score: 0.9145 - loss: 0.2653 - precision: 0.9333 - recall: 0.9785
[1m 18/125[0m [32m━━[0m[37m━━━━━━━━━━━━━━━━━━[0m [1m13:03[0m 7s/step - accuracy: 0.9254 - dice_coeff: 0.9324 - iou_score: 0.9146 - loss: 0.2648 - precision: 0.9334 - recall: 0.9786
[1m 19/125[0m [32m━━━[0m[37m━━━━━━━━━━━━━━━━━[0m [1m12:57[0m 7s/step - accuracy: 0.9256 - dice_coeff: 0.9325 - iou_score: 0.9148 - loss: 0.2642 - precision: 0.9335 - recall: 0.9786
[1m 20/125[0m [32m━━━[0m[37m━━━━━━━━━━━━━━━━━[0m [1m12:51[0m 7s/step - accuracy: 0.9257 - dice_coeff: 0.9326 - iou_score: 0.9150 - loss: 0.2638 - precision: 0.9336 - recall: 0.9787
[1m 21/125[0m [32m━━━[0m[37m━━━━━━━━━━━━━━━━━[0m [1m12:45[0m 7s/step - accuracy: 0.9258 - dice_coeff: 0.9327 - iou_score: 0.9151 - loss: 0.2634 - precision: 0.9337 - recall: 0.9788
[1m 22/125[0m [32m━━━[0m[37m━━━━━━━━━━━━━━━━━[0m [1m12:38[0m 7s/step - accuracy: 0.9259 - dice_coeff: 0.9328 - iou_score: 0.9153 - loss: 0.2631 - precision: 0.9337 - recall: 0.9789
[1m 23/125[0m [32m━━━[0m[37m━━━━━━━━━━━━━━━━━[0m [1m12:31[0m 7s/step - accuracy: 0.9260 - dice_coeff: 0.9329 - iou_score: 0.9154 - loss: 0.2627 - precision: 0.9338 - recall: 0.9789
[1m 24/125[0m [32m━━━[0m[37m━━━━━━━━━━━━━━━━━[0m [1m12:24[0m 7s/step - accuracy: 0.9261 - dice_coeff: 0.9330 - iou_score: 0.9155 - loss: 0.2624 - precision: 0.9339 - recall: 0.9790
[1m 25/125[0m [32m━━━━[0m[37m━━━━━━━━━━━━━━━━[0m [1m12:17[0m 7s/step - accuracy: 0.9262 - dice_coeff: 0.9331 - iou_score: 0.9156 - loss: 0.2621 - precision: 0.9339 - recall: 0.9791
[1m 26/125[0m [32m━━━━[0m[37m━━━━━━━━━━━━━━━━[0m [1m12:10[0m 7s/step - accuracy: 0.9263 - dice_coeff: 0.9331 - iou_score: 0.9157 - loss: 0.2619 - precision: 0.9340 - recall: 0.9791
[1m 27/125[0m [32m━━━━[0m[37m━━━━━━━━━━━━━━━━[0m [1m12:03[0m 7s/step - accuracy: 0.9263 - dice_coeff: 0.9332 - iou_score: 0.9158 - loss: 0.2617 - precision: 0.9340 - recall: 0.9791
[1m 28/125[0m [32m━━━━[0m[37m━━━━━━━━━━━━━━━━[0m [1m11:56[0m 7s/step - accuracy: 0.9264 - dice_coeff: 0.9333 - iou_score: 0.9159 - loss: 0.2615 - precision: 0.9340 - recall: 0.9792
[1m 29/125[0m [32m━━━━[0m[37m━━━━━━━━━━━━━━━━[0m [1m11:48[0m 7s/step - accuracy: 0.9264 - dice_coeff: 0.9333 - iou_score: 0.9159 - loss: 0.2613 - precision: 0.9341 - recall: 0.9792
[1m 30/125[0m [32m━━━━[0m[37m━━━━━━━━━━━━━━━━[0m [1m11:41[0m 7s/step - accuracy: 0.9265 - dice_coeff: 0.9333 - iou_score: 0.9160 - loss: 0.2612 - precision: 0.9341 - recall: 0.9793
[1m 31/125[0m [32m━━━━[0m[37m━━━━━━━━━━━━━━━━[0m [1m11:34[0m 7s/step - accuracy: 0.9265 - dice_coeff: 0.9334 - iou_score: 0.9160 - loss: 0.2611 - precision: 0.9341 - recall: 0.9793
[1m 32/125[0m [32m━━━━━[0m[37m━━━━━━━━━━━━━━━[0m [1m11:26[0m 7s/step - accuracy: 0.9265 - dice_coeff: 0.9334 - iou_score: 0.9161 - loss: 0.2610 - precision: 0.9341 - recall: 0.9793
[1m 33/125[0m [32m━━━━━[0m[37m━━━━━━━━━━━━━━━[0m [1m11:19[0m 7s/step - accuracy: 0.9266 - dice_coeff: 0.9334 - iou_score: 0.9161 - loss: 0.2608 - precision: 0.9342 - recall: 0.9793
[1m 34/125[0m [32m━━━━━[0m[37m━━━━━━━━━━━━━━━[0m [1m11:12[0m 7s/step - accuracy: 0.9266 - dice_coeff: 0.9335 - iou_score: 0.9162 - loss: 0.2607 - precision: 0.9342 - recall: 0.9794
[1m 35/125[0m [32m━━━━━[0m[37m━━━━━━━━━━━━━━━[0m [1m11:04[0m 7s/step - accuracy: 0.9266 - dice_coeff: 0.9335 - iou_score: 0.9162 - loss: 0.2606 - precision: 0.9342 - recall: 0.9794
[1m 36/125[0m [32m━━━━━[0m[37m━━━━━━━━━━━━━━━[0m [1m10:57[0m 7s/step - accuracy: 0.9267 - dice_coeff: 0.9335 - iou_score: 0.9162 - loss: 0.2605 - precision: 0.9342 - recall: 0.9794
[1m 37/125[0m [32m━━━━━[0m[37m━━━━━━━━━━━━━━━[0m [1m10:50[0m 7s/step - accuracy: 0.9267 - dice_coeff: 0.9336 - iou_score: 0.9163 - loss: 0.2604 - precision: 0.9343 - recall: 0.9795
[1m 38/125[0m [32m━━━━━━[0m[37m━━━━━━━━━━━━━━[0m [1m10:42[0m 7s/step - accuracy: 0.9267 - dice_coeff: 0.9336 - iou_score: 0.9163 - loss: 0.2603 - precision: 0.9343 - recall: 0.9795
[1m 39/125[0m [32m━━━━━━[0m[37m━━━━━━━━━━━━━━[0m [1m10:35[0m 7s/step - accuracy: 0.9267 - dice_coeff: 0.9336 - iou_score: 0.9163 - loss: 0.2602 - precision: 0.9343 - recall: 0.9795
[1m 40/125[0m [32m━━━━━━[0m[37m━━━━━━━━━━━━━━[0m [1m10:27[0m 7s/step - accuracy: 0.9268 - dice_coeff: 0.9336 - iou_score: 0.9164 - loss: 0.2601 - precision: 0.9343 - recall: 0.9795
[1m 41/125[0m [32m━━━━━━[0m[37m━━━━━━━━━━━━━━[0m [1m10:20[0m 7s/step - accuracy: 0.9268 - dice_coeff: 0.9337 - iou_score: 0.9164 - loss: 0.2600 - precision: 0.9343 - recall: 0.9795
[1m 42/125[0m [32m━━━━━━[0m[37m━━━━━━━━━━━━━━[0m [1m10:12[0m 7s/step - accuracy: 0.9268 - dice_coeff: 0.9337 - iou_score: 0.9164 - loss: 0.2600 - precision: 0.9343 - recall: 0.9795
[1m 43/125[0m [32m━━━━━━[0m[37m━━━━━━━━━━━━━━[0m [1m10:05[0m 7s/step - accuracy: 0.9268 - dice_coeff: 0.9337 - iou_score: 0.9164 - loss: 0.2600 - precision: 0.9343 - recall: 0.9796
[1m 44/125[0m [32m━━━━━━━[0m[37m━━━━━━━━━━━━━[0m [1m9:58[0m 7s/step - accuracy: 0.9268 - dice_coeff: 0.9337 - iou_score: 0.9164 - loss: 0.2599 - precision: 0.9343 - recall: 0.9796 
[1m 45/125[0m [32m━━━━━━━[0m[37m━━━━━━━━━━━━━[0m [1m9:50[0m 7s/step - accuracy: 0.9268 - dice_coeff: 0.9337 - iou_score: 0.9164 - loss: 0.2599 - precision: 0.9343 - recall: 0.9796
[1m 46/125[0m [32m━━━━━━━[0m[37m━━━━━━━━━━━━━[0m [1m9:43[0m 7s/step - accuracy: 0.9268 - dice_coeff: 0.9337 - iou_score: 0.9164 - loss: 0.2599 - precision: 0.9343 - recall: 0.9796
[1m 47/125[0m [32m━━━━━━━[0m[37m━━━━━━━━━━━━━[0m [1m9:35[0m 7s/step - accuracy: 0.9268 - dice_coeff: 0.9337 - iou_score: 0.9164 - loss: 0.2599 - precision: 0.9343 - recall: 0.9796
[1m 48/125[0m [32m━━━━━━━[0m[37m━━━━━━━━━━━━━[0m [1m9:28[0m 7s/step - accuracy: 0.9268 - dice_coeff: 0.9337 - iou_score: 0.9164 - loss: 0.2599 - precision: 0.9342 - recall: 0.9797
[1m 49/125[0m [32m━━━━━━━[0m[37m━━━━━━━━━━━━━[0m [1m9:20[0m 7s/step - accuracy: 0.9268 - dice_coeff: 0.9337 - iou_score: 0.9164 - loss: 0.2600 - precision: 0.9342 - recall: 0.9797
[1m 50/125[0m [32m━━━━━━━━[0m[37m━━━━━━━━━━━━[0m [1m9:13[0m 7s/step - accuracy: 0.9268 - dice_coeff: 0.9337 - iou_score: 0.9164 - loss: 0.2600 - precision: 0.9342 - recall: 0.9797
[1m 51/125[0m [32m━━━━━━━━[0m[37m━━━━━━━━━━━━[0m [1m9:06[0m 7s/step - accuracy: 0.9268 - dice_coeff: 0.9337 - iou_score: 0.9164 - loss: 0.2600 - precision: 0.9342 - recall: 0.9797
[1m 52/125[0m [32m━━━━━━━━[0m[37m━━━━━━━━━━━━[0m [1m8:58[0m 7s/step - accuracy: 0.9268 - dice_coeff: 0.9337 - iou_score: 0.9164 - loss: 0.2600 - precision: 0.9342 - recall: 0.9797
[1m 53/125[0m [32m━━━━━━━━[0m[37m━━━━━━━━━━━━[0m [1m8:51[0m 7s/step - accuracy: 0.9268 - dice_coeff: 0.9337 - iou_score: 0.9164 - loss: 0.2600 - precision: 0.9342 - recall: 0.9797
[1m 54/125[0m [32m━━━━━━━━[0m[37m━━━━━━━━━━━━[0m [1m8:43[0m 7s/step - accuracy: 0.9268 - dice_coeff: 0.9337 - iou_score: 0.9164 - loss: 0.2600 - precision: 0.9342 - recall: 0.9797
[1m 55/125[0m [32m━━━━━━━━[0m[37m━━━━━━━━━━━━[0m [1m8:36[0m 7s/step - accuracy: 0.9268 - dice_coeff: 0.9337 - iou_score: 0.9164 - loss: 0.2600 - precision: 0.9342 - recall: 0.9797
[1m 56/125[0m [32m━━━━━━━━[0m[37m━━━━━━━━━━━━[0m [1m8:28[0m 7s/step - accuracy: 0.9268 - dice_coeff: 0.9337 - iou_score: 0.9165 - loss: 0.2600 - precision: 0.9342 - recall: 0.9797
[1m 57/125[0m [32m━━━━━━━━━[0m[37m━━━━━━━━━━━[0m [1m8:21[0m 7s/step - accuracy: 0.9268 - dice_coeff: 0.9337 - iou_score: 0.9165 - loss: 0.2599 - precision: 0.9342 - recall: 0.9798
[1m 58/125[0m [32m━━━━━━━━━[0m[37m━━━━━━━━━━━[0m [1m8:14[0m 7s/step - accuracy: 0.9268 - dice_coeff: 0.9337 - iou_score: 0.9165 - loss: 0.2599 - precision: 0.9342 - recall: 0.9798
[1m 59/125[0m [32m━━━━━━━━━[0m[37m━━━━━━━━━━━[0m [1m8:07[0m 7s/step - accuracy: 0.9268 - dice_coeff: 0.9338 - iou_score: 0.9165 - loss: 0.2599 - precision: 0.9342 - recall: 0.9798
[1m 60/125[0m [32m━━━━━━━━━[0m[37m━━━━━━━━━━━[0m [1m7:59[0m 7s/step - accuracy: 0.9268 - dice_coeff: 0.9338 - iou_score: 0.9165 - loss: 0.2599 - precision: 0.9342 - recall: 0.9798
[1m 61/125[0m [32m━━━━━━━━━[0m[37m━━━━━━━━━━━[0m [1m7:52[0m 7s/step - accuracy: 0.9268 - dice_coeff: 0.9338 - iou_score: 0.9165 - loss: 0.2598 - precision: 0.9342 - recall: 0.9798
[1m 62/125[0m [32m━━━━━━━━━[0m[37m━━━━━━━━━━━[0m [1m7:44[0m 7s/step - accuracy: 0.9268 - dice_coeff: 0.9338 - iou_score: 0.9165 - loss: 0.2598 - precision: 0.9342 - recall: 0.9798
[1m 63/125[0m [32m━━━━━━━━━━[0m[37m━━━━━━━━━━[0m [1m7:37[0m 7s/step - accuracy: 0.9268 - dice_coeff: 0.9338 - iou_score: 0.9165 - loss: 0.2598 - precision: 0.9342 - recall: 0.9798
[1m 64/125[0m [32m━━━━━━━━━━[0m[37m━━━━━━━━━━[0m [1m7:30[0m 7s/step - accuracy: 0.9269 - dice_coeff: 0.9338 - iou_score: 0.9165 - loss: 0.2597 - precision: 0.9342 - recall: 0.9798
[1m 65/125[0m [32m━━━━━━━━━━[0m[37m━━━━━━━━━━[0m [1m7:22[0m 7s/step - accuracy: 0.9269 - dice_coeff: 0.9338 - iou_score: 0.9165 - loss: 0.2597 - precision: 0.9342 - recall: 0.9799
[1m 66/125[0m [32m━━━━━━━━━━[0m[37m━━━━━━━━━━[0m [1m7:15[0m 7s/step - accuracy: 0.9269 - dice_coeff: 0.9338 - iou_score: 0.9166 - loss: 0.2597 - precision: 0.9342 - recall: 0.9799
[1m 67/125[0m [32m━━━━━━━━━━[0m[37m━━━━━━━━━━[0m [1m7:08[0m 7s/step - accuracy: 0.9269 - dice_coeff: 0.9338 - iou_score: 0.9166 - loss: 0.2597 - precision: 0.9342 - recall: 0.9799
[1m 68/125[0m [32m━━━━━━━━━━[0m[37m━━━━━━━━━━[0m [1m7:00[0m 7s/step - accuracy: 0.9269 - dice_coeff: 0.9338 - iou_score: 0.9166 - loss: 0.2597 - precision: 0.9341 - recall: 0.9799
[1m 69/125[0m [32m━━━━━━━━━━━[0m[37m━━━━━━━━━[0m [1m6:53[0m 7s/step - accuracy: 0.9269 - dice_coeff: 0.9338 - iou_score: 0.9166 - loss: 0.2597 - precision: 0.9341 - recall: 0.9799
[1m 70/125[0m [32m━━━━━━━━━━━[0m[37m━━━━━━━━━[0m [1m6:46[0m 7s/step - accuracy: 0.9269 - dice_coeff: 0.9338 - iou_score: 0.9166 - loss: 0.2597 - precision: 0.9341 - recall: 0.9799
[1m 71/125[0m [32m━━━━━━━━━━━[0m[37m━━━━━━━━━[0m [1m6:38[0m 7s/step - accuracy: 0.9269 - dice_coeff: 0.9338 - iou_score: 0.9166 - loss: 0.2597 - precision: 0.9341 - recall: 0.9799
[1m 72/125[0m [32m━━━━━━━━━━━[0m[37m━━━━━━━━━[0m [1m6:31[0m 7s/step - accuracy: 0.9269 - dice_coeff: 0.9338 - iou_score: 0.9166 - loss: 0.2597 - precision: 0.9341 - recall: 0.9799
[1m 73/125[0m [32m━━━━━━━━━━━[0m[37m━━━━━━━━━[0m [1m6:24[0m 7s/step - accuracy: 0.9269 - dice_coeff: 0.9338 - iou_score: 0.9166 - loss: 0.2597 - precision: 0.9341 - recall: 0.9799
[1m 74/125[0m [32m━━━━━━━━━━━[0m[37m━━━━━━━━━[0m [1m6:16[0m 7s/step - accuracy: 0.9269 - dice_coeff: 0.9338 - iou_score: 0.9166 - loss: 0.2597 - precision: 0.9341 - recall: 0.9799
[1m 75/125[0m [32m━━━━━━━━━━━━[0m[37m━━━━━━━━[0m [1m6:09[0m 7s/step - accuracy: 0.9269 - dice_coeff: 0.9338 - iou_score: 0.9166 - loss: 0.2597 - precision: 0.9341 - recall: 0.9799
[1m 76/125[0m [32m━━━━━━━━━━━━[0m[37m━━━━━━━━[0m [1m6:01[0m 7s/step - accuracy: 0.9269 - dice_coeff: 0.9339 - iou_score: 0.9166 - loss: 0.2596 - precision: 0.9341 - recall: 0.9799
[1m 77/125[0m [32m━━━━━━━━━━━━[0m[37m━━━━━━━━[0m [1m5:54[0m 7s/step - accuracy: 0.9269 - dice_coeff: 0.9339 - iou_score: 0.9166 - loss: 0.2596 - precision: 0.9341 - recall: 0.9799
[1m 78/125[0m [32m━━━━━━━━━━━━[0m[37m━━━━━━━━[0m [1m5:47[0m 7s/step - accuracy: 0.9269 - dice_coeff: 0.9339 - iou_score: 0.9166 - loss: 0.2596 - precision: 0.9341 - recall: 0.9800
[1m 79/125[0m [32m━━━━━━━━━━━━[0m[37m━━━━━━━━[0m [1m5:39[0m 7s/step - accuracy: 0.9269 - dice_coeff: 0.9339 - iou_score: 0.9166 - loss: 0.2596 - precision: 0.9341 - recall: 0.9800
[1m 80/125[0m [32m━━━━━━━━━━━━[0m[37m━━━━━━━━[0m [1m5:32[0m 7s/step - accuracy: 0.9269 - dice_coeff: 0.9339 - iou_score: 0.9166 - loss: 0.2596 - precision: 0.9341 - recall: 0.9800
[1m 81/125[0m [32m━━━━━━━━━━━━[0m[37m━━━━━━━━[0m [1m5:25[0m 7s/step - accuracy: 0.9269 - dice_coeff: 0.9339 - iou_score: 0.9166 - loss: 0.2596 - precision: 0.9341 - recall: 0.9800
[1m 82/125[0m [32m━━━━━━━━━━━━━[0m[37m━━━━━━━[0m [1m5:17[0m 7s/step - accuracy: 0.9269 - dice_coeff: 0.9339 - iou_score: 0.9166 - loss: 0.2596 - precision: 0.9341 - recall: 0.9800
[1m 83/125[0m [32m━━━━━━━━━━━━━[0m[37m━━━━━━━[0m [1m5:10[0m 7s/step - accuracy: 0.9269 - dice_coeff: 0.9339 - iou_score: 0.9166 - loss: 0.2595 - precision: 0.9341 - recall: 0.9800
[1m 84/125[0m [32m━━━━━━━━━━━━━[0m[37m━━━━━━━[0m [1m5:03[0m 7s/step - accuracy: 0.9269 - dice_coeff: 0.9339 - iou_score: 0.9166 - loss: 0.2595 - precision: 0.9341 - recall: 0.9800
[1m 85/125[0m [32m━━━━━━━━━━━━━[0m[37m━━━━━━━[0m [1m4:55[0m 7s/step - accuracy: 0.9269 - dice_coeff: 0.9339 - iou_score: 0.9166 - loss: 0.2595 - precision: 0.9341 - recall: 0.9800
[1m 86/125[0m [32m━━━━━━━━━━━━━[0m[37m━━━━━━━[0m [1m4:48[0m 7s/step - accuracy: 0.9269 - dice_coeff: 0.9339 - iou_score: 0.9166 - loss: 0.2595 - precision: 0.9341 - recall: 0.9800
[1m 87/125[0m [32m━━━━━━━━━━━━━[0m[37m━━━━━━━[0m [1m4:40[0m 7s/step - accuracy: 0.9269 - dice_coeff: 0.9339 - iou_score: 0.9166 - loss: 0.2595 - precision: 0.9341 - recall: 0.9800
[1m 88/125[0m [32m━━━━━━━━━━━━━━[0m[37m━━━━━━[0m [1m4:33[0m 7s/step - accuracy: 0.9269 - dice_coeff: 0.9339 - iou_score: 0.9166 - loss: 0.2594 - precision: 0.9341 - recall: 0.9800
[1m 89/125[0m [32m━━━━━━━━━━━━━━[0m[37m━━━━━━[0m [1m4:26[0m 7s/step - accuracy: 0.9269 - dice_coeff: 0.9339 - iou_score: 0.9166 - loss: 0.2594 - precision: 0.9341 - recall: 0.9800
[1m 90/125[0m [32m━━━━━━━━━━━━━━[0m[37m━━━━━━[0m [1m4:18[0m 7s/step - accuracy: 0.9269 - dice_coeff: 0.9339 - iou_score: 0.9166 - loss: 0.2594 - precision: 0.9341 - recall: 0.9800
[1m 91/125[0m [32m━━━━━━━━━━━━━━[0m[37m━━━━━━[0m [1m4:11[0m 7s/step - accuracy: 0.9269 - dice_coeff: 0.9339 - iou_score: 0.9167 - loss: 0.2594 - precision: 0.9341 - recall: 0.9800
[1m 92/125[0m [32m━━━━━━━━━━━━━━[0m[37m━━━━━━[0m [1m4:04[0m 7s/step - accuracy: 0.9269 - dice_coeff: 0.9339 - iou_score: 0.9167 - loss: 0.2594 - precision: 0.9341 - recall: 0.9800
[1m 93/125[0m [32m━━━━━━━━━━━━━━[0m[37m━━━━━━[0m [1m3:56[0m 7s/step - accuracy: 0.9269 - dice_coeff: 0.9340 - iou_score: 0.9167 - loss: 0.2594 - precision: 0.9341 - recall: 0.9800
[1m 94/125[0m [32m━━━━━━━━━━━━━━━[0m[37m━━━━━[0m [1m3:49[0m 7s/step - accuracy: 0.9269 - dice_coeff: 0.9340 - iou_score: 0.9167 - loss: 0.2593 - precision: 0.9341 - recall: 0.9800
[1m 95/125[0m [32m━━━━━━━━━━━━━━━[0m[37m━━━━━[0m [1m3:42[0m 7s/step - accuracy: 0.9269 - dice_coeff: 0.9340 - iou_score: 0.9167 - loss: 0.2593 - precision: 0.9341 - recall: 0.9800
[1m 96/125[0m [32m━━━━━━━━━━━━━━━[0m[37m━━━━━[0m [1m3:34[0m 7s/step - accuracy: 0.9269 - dice_coeff: 0.9340 - iou_score: 0.9167 - loss: 0.2593 - precision: 0.9341 - recall: 0.9800
[1m 97/125[0m [32m━━━━━━━━━━━━━━━[0m[37m━━━━━[0m [1m3:27[0m 7s/step - accuracy: 0.9269 - dice_coeff: 0.9340 - iou_score: 0.9167 - loss: 0.2593 - precision: 0.9341 - recall: 0.9801
[1m 98/125[0m [32m━━━━━━━━━━━━━━━[0m[37m━━━━━[0m [1m3:19[0m 7s/step - accuracy: 0.9269 - dice_coeff: 0.9340 - iou_score: 0.9167 - loss: 0.2593 - precision: 0.9341 - recall: 0.9801
[1m 99/125[0m [32m━━━━━━━━━━━━━━━[0m[37m━━━━━[0m [1m3:12[0m 7s/step - accuracy: 0.9269 - dice_coeff: 0.9340 - iou_score: 0.9167 - loss: 0.2593 - precision: 0.9341 - recall: 0.9801
[1m100/125[0m [32m━━━━━━━━━━━━━━━━[0m[37m━━━━[0m [1m3:05[0m 7s/step - accuracy: 0.9269 - dice_coeff: 0.9340 - iou_score: 0.9167 - loss: 0.2593 - precision: 0.9341 - recall: 0.9801
[1m101/125[0m [32m━━━━━━━━━━━━━━━━[0m[37m━━━━[0m [1m2:57[0m 7s/step - accuracy: 0.9269 - dice_coeff: 0.9340 - iou_score: 0.9167 - loss: 0.2593 - precision: 0.9341 - recall: 0.9801
[1m102/125[0m [32m━━━━━━━━━━━━━━━━[0m[37m━━━━[0m [1m2:50[0m 7s/step - accuracy: 0.9269 - dice_coeff: 0.9340 - iou_score: 0.9167 - loss: 0.2593 - precision: 0.9341 - recall: 0.9801
[1m103/125[0m [32m━━━━━━━━━━━━━━━━[0m[37m━━━━[0m [1m2:43[0m 7s/step - accuracy: 0.9269 - dice_coeff: 0.9340 - iou_score: 0.9167 - loss: 0.2592 - precision: 0.9341 - recall: 0.9801
[1m104/125[0m [32m━━━━━━━━━━━━━━━━[0m[37m━━━━[0m [1m2:35[0m 7s/step - accuracy: 0.9269 - dice_coeff: 0.9340 - iou_score: 0.9167 - loss: 0.2592 - precision: 0.9341 - recall: 0.9801
[1m105/125[0m [32m━━━━━━━━━━━━━━━━[0m[37m━━━━[0m [1m2:28[0m 7s/step - accuracy: 0.9269 - dice_coeff: 0.9340 - iou_score: 0.9167 - loss: 0.2592 - precision: 0.9341 - recall: 0.9801
[1m106/125[0m [32m━━━━━━━━━━━━━━━━[0m[37m━━━━[0m [1m2:20[0m 7s/step - accuracy: 0.9269 - dice_coeff: 0.9340 - iou_score: 0.9167 - loss: 0.2592 - precision: 0.9341 - recall: 0.9801
[1m107/125[0m [32m━━━━━━━━━━━━━━━━━[0m[37m━━━[0m [1m2:13[0m 7s/step - accuracy: 0.9269 - dice_coeff: 0.9340 - iou_score: 0.9167 - loss: 0.2592 - precision: 0.9341 - recall: 0.9801
[1m108/125[0m [32m━━━━━━━━━━━━━━━━━[0m[37m━━━[0m [1m2:06[0m 7s/step - accuracy: 0.9269 - dice_coeff: 0.9340 - iou_score: 0.9167 - loss: 0.2592 - precision: 0.9341 - recall: 0.9801
[1m109/125[0m [32m━━━━━━━━━━━━━━━━━[0m[37m━━━[0m [1m1:58[0m 7s/step - accuracy: 0.9269 - dice_coeff: 0.9340 - iou_score: 0.9167 - loss: 0.2592 - precision: 0.9341 - recall: 0.9801
[1m110/125[0m [32m━━━━━━━━━━━━━━━━━[0m[37m━━━[0m [1m1:51[0m 7s/step - accuracy: 0.9269 - dice_coeff: 0.9340 - iou_score: 0.9167 - loss: 0.2592 - precision: 0.9341 - recall: 0.9801
[1m111/125[0m [32m━━━━━━━━━━━━━━━━━[0m[37m━━━[0m [1m1:43[0m 7s/step - accuracy: 0.9269 - dice_coeff: 0.9340 - iou_score: 0.9167 - loss: 0.2592 - precision: 0.9341 - recall: 0.9801
[1m112/125[0m [32m━━━━━━━━━━━━━━━━━[0m[37m━━━[0m [1m1:36[0m 7s/step - accuracy: 0.9269 - dice_coeff: 0.9340 - iou_score: 0.9167 - loss: 0.2592 - precision: 0.9341 - recall: 0.9801
[1m113/125[0m [32m━━━━━━━━━━━━━━━━━━[0m[37m━━[0m [1m1:28[0m 7s/step - accuracy: 0.9269 - dice_coeff: 0.9340 - iou_score: 0.9167 - loss: 0.2592 - precision: 0.9341 - recall: 0.9801
[1m114/125[0m [32m━━━━━━━━━━━━━━━━━━[0m[37m━━[0m [1m1:21[0m 7s/step - accuracy: 0.9269 - dice_coeff: 0.9340 - iou_score: 0.9167 - loss: 0.2592 - precision: 0.9341 - recall: 0.9801
[1m115/125[0m [32m━━━━━━━━━━━━━━━━━━[0m[37m━━[0m [1m1:14[0m 7s/step - accuracy: 0.9269 - dice_coeff: 0.9340 - iou_score: 0.9167 - loss: 0.2592 - precision: 0.9341 - recall: 0.9801
[1m116/125[0m [32m━━━━━━━━━━━━━━━━━━[0m[37m━━[0m [1m1:06[0m 7s/step - accuracy: 0.9269 - dice_coeff: 0.9340 - iou_score: 0.9167 - loss: 0.2592 - precision: 0.9341 - recall: 0.9801
[1m117/125[0m [32m━━━━━━━━━━━━━━━━━━[0m[37m━━[0m [1m59s[0m 7s/step - accuracy: 0.9269 - dice_coeff: 0.9340 - iou_score: 0.9167 - loss: 0.2592 - precision: 0.9341 - recall: 0.9801 
[1m118/125[0m [32m━━━━━━━━━━━━━━━━━━[0m[37m━━[0m [1m51s[0m 7s/step - accuracy: 0.9269 - dice_coeff: 0.9340 - iou_score: 0.9167 - loss: 0.2592 - precision: 0.9341 - recall: 0.9801
[1m119/125[0m [32m━━━━━━━━━━━━━━━━━━━[0m[37m━[0m [1m44s[0m 7s/step - accuracy: 0.9269 - dice_coeff: 0.9340 - iou_score: 0.9167 - loss: 0.2592 - precision: 0.9341 - recall: 0.9801
[1m120/125[0m [32m━━━━━━━━━━━━━━━━━━━[0m[37m━[0m [1m37s[0m 7s/step - accuracy: 0.9269 - dice_coeff: 0.9340 - iou_score: 0.9167 - loss: 0.2592 - precision: 0.9341 - recall: 0.9801
[1m121/125[0m [32m━━━━━━━━━━━━━━━━━━━[0m[37m━[0m [1m29s[0m 7s/step - accuracy: 0.9269 - dice_coeff: 0.9340 - iou_score: 0.9167 - loss: 0.2592 - precision: 0.9341 - recall: 0.9801
[1m122/125[0m [32m━━━━━━━━━━━━━━━━━━━[0m[37m━[0m [1m22s[0m 7s/step - accuracy: 0.9269 - dice_coeff: 0.9340 - iou_score: 0.9167 - loss: 0.2592 - precision: 0.9341 - recall: 0.9801
[1m123/125[0m [32m━━━━━━━━━━━━━━━━━━━[0m[37m━[0m [1m14s[0m 7s/step - accuracy: 0.9269 - dice_coeff: 0.9340 - iou_score: 0.9167 - loss: 0.2592 - precision: 0.9341 - recall: 0.9801
[1m124/125[0m [32m━━━━━━━━━━━━━━━━━━━[0m[37m━[0m [1m7s[0m 7s/step - accuracy: 0.9269 - dice_coeff: 0.9340 - iou_score: 0.9167 - loss: 0.2592 - precision: 0.9341 - recall: 0.9801 
[1m125/125[0m [32m━━━━━━━━━━━━━━━━━━━━[0m[37m[0m [1m0s[0m 7s/step - accuracy: 0.9269 - dice_coeff: 0.9340 - iou_score: 0.9167 - loss: 0.2592 - precision: 0.9341 - recall: 0.9801
Epoch 16: val_dice_coeff improved from 0.91774 to 0.92131, saving model to d:\labdatanew@aniket\unet++\models\best_model.keras

Epoch 16: finished saving model to d:\labdatanew@aniket\unet++\models\best_model.keras

[1m125/125[0m [32m━━━━━━━━━━━━━━━━━━━━[0m[37m[0m [1m1000s[0m 8s/step - accuracy: 0.9268 - dice_coeff: 0.9341 - iou_score: 0.9165 - loss: 0.2593 - precision: 0.9337 - recall: 0.9804 - val_accuracy: 0.9126 - val_dice_coeff: 0.9213 - val_iou_score: 0.8986 - val_loss: 0.3094 - val_precision: 0.9190 - val_recall: 0.9759 - learning_rate: 5.0000e-05
Epoch 17/100

[1m  1/125[0m [37m━━━━━━━━━━━━━━━━━━━━[0m [1m15:13[0m 7s/step - accuracy: 0.9221 - dice_coeff: 0.9304 - iou_score: 0.9123 - loss: 0.2756 - precision: 0.9294 - recall: 0.9803
[1m  2/125[0m [37m━━━━━━━━━━━━━━━━━━━━[0m [1m15:00[0m 7s/step - accuracy: 0.9214 - dice_coeff: 0.9305 - iou_score: 0.9113 - loss: 0.2784 - precision: 0.9275 - recall: 0.9812
[1m  3/125[0m [37m━━━━━━━━━━━━━━━━━━━━[0m [1m14:55[0m 7s/step - accuracy: 0.9224 - dice_coeff: 0.9310 - iou_score: 0.9123 - loss: 0.2758 - precision: 0.9291 - recall: 0.9806
[1m  4/125[0m [37m━━━━━━━━━━━━━━━━━━━━[0m [1m14:50[0m 7s/step - accuracy: 0.9231 - dice_coeff: 0.9314 - iou_score: 0.9130 - loss: 0.2737 - precision: 0.9297 - recall: 0.9807
[1m  5/125[0m [37m━━━━━━━━━━━━━━━━━━━━[0m [1m14:46[0m 7s/step - accuracy: 0.9235 - dice_coeff: 0.9316 - iou_score: 0.9132 - loss: 0.2724 - precision: 0.9297 - recall: 0.9810
[1m  6/125[0m [37m━━━━━━━━━━━━━━━━━━━━[0m [1m14:41[0m 7s/step - accuracy: 0.9236 - dice_coeff: 0.9317 - iou_score: 0.9133 - loss: 0.2718 - precision: 0.9299 - recall: 0.9808
[1m  7/125[0m [32m━[0m[37m━━━━━━━━━━━━━━━━━━━[0m [1m14:33[0m 7s/step - accuracy: 0.9239 - dice_coeff: 0.9318 - iou_score: 0.9136 - loss: 0.2708 - precision: 0.9303 - recall: 0.9807
[1m  8/125[0m [32m━[0m[37m━━━━━━━━━━━━━━━━━━━[0m [1m14:26[0m 7s/step - accuracy: 0.9242 - dice_coeff: 0.9320 - iou_score: 0.9139 - loss: 0.2697 - precision: 0.9307 - recall: 0.9807
[1m  9/125[0m [32m━[0m[37m━━━━━━━━━━━━━━━━━━━[0m [1m14:18[0m 7s/step - accuracy: 0.9244 - dice_coeff: 0.9321 - iou_score: 0.9141 - loss: 0.2689 - precision: 0.9309 - recall: 0.9807
[1m 10/125[0m [32m━[0m[37m━━━━━━━━━━━━━━━━━━━[0m [1m14:10[0m 7s/step - accuracy: 0.9245 - dice_coeff: 0.9321 - iou_score: 0.9142 - loss: 0.2687 - precision: 0.9310 - recall: 0.9807
[1m 11/125[0m [32m━[0m[37m━━━━━━━━━━━━━━━━━━━[0m [1m14:03[0m 7s/step - accuracy: 0.9245 - dice_coeff: 0.9321 - iou_score: 0.9141 - loss: 0.2687 - precision: 0.9310 - recall: 0.9806
[1m 12/125[0m [32m━[0m[37m━━━━━━━━━━━━━━━━━━━[0m [1m13:56[0m 7s/step - accuracy: 0.9245 - dice_coeff: 0.9321 - iou_score: 0.9142 - loss: 0.2686 - precision: 0.9311 - recall: 0.9805
[1m 13/125[0m [32m━━[0m[37m━━━━━━━━━━━━━━━━━━[0m [1m13:48[0m 7s/step - accuracy: 0.9246 - dice_coeff: 0.9322 - iou_score: 0.9143 - loss: 0.2683 - precision: 0.9312 - recall: 0.9805
[1m 14/125[0m [32m━━[0m[37m━━━━━━━━━━━━━━━━━━[0m [1m13:40[0m 7s/step - accuracy: 0.9247 - dice_coeff: 0.9322 - iou_score: 0.9144 - loss: 0.2679 - precision: 0.9314 - recall: 0.9805
[1m 15/125[0m [32m━━[0m[37m━━━━━━━━━━━━━━━━━━[0m [1m13:32[0m 7s/step - accuracy: 0.9248 - dice_coeff: 0.9323 - iou_score: 0.9145 - loss: 0.2676 - precision: 0.9315 - recall: 0.9805
[1m 16/125[0m [32m━━[0m[37m━━━━━━━━━━━━━━━━━━[0m [1m13:25[0m 7s/step - accuracy: 0.9248 - dice_coeff: 0.9323 - iou_score: 0.9145 - loss: 0.2673 - precision: 0.9315 - recall: 0.9805
[1m 17/125[0m [32m━━[0m[37m━━━━━━━━━━━━━━━━━━[0m [1m13:17[0m 7s/step - accuracy: 0.9249 - dice_coeff: 0.9324 - iou_score: 0.9146 - loss: 0.2670 - precision: 0.9316 - recall: 0.9805
[1m 18/125[0m [32m━━[0m[37m━━━━━━━━━━━━━━━━━━[0m [1m13:10[0m 7s/step - accuracy: 0.9250 - dice_coeff: 0.9325 - iou_score: 0.9147 - loss: 0.2668 - precision: 0.9317 - recall: 0.9805
[1m 19/125[0m [32m━━━[0m[37m━━━━━━━━━━━━━━━━━[0m [1m13:03[0m 7s/step - accuracy: 0.9250 - dice_coeff: 0.9325 - iou_score: 0.9147 - loss: 0.2667 - precision: 0.9317 - recall: 0.9805
[1m 20/125[0m [32m━━━[0m[37m━━━━━━━━━━━━━━━━━[0m [1m12:55[0m 7s/step - accuracy: 0.9250 - dice_coeff: 0.9325 - iou_score: 0.9147 - loss: 0.2665 - precision: 0.9317 - recall: 0.9805
[1m 21/125[0m [32m━━━[0m[37m━━━━━━━━━━━━━━━━━[0m [1m12:47[0m 7s/step - accuracy: 0.9251 - dice_coeff: 0.9326 - iou_score: 0.9148 - loss: 0.2664 - precision: 0.9317 - recall: 0.9805
[1m 22/125[0m [32m━━━[0m[37m━━━━━━━━━━━━━━━━━[0m [1m12:40[0m 7s/step - accuracy: 0.9251 - dice_coeff: 0.9326 - iou_score: 0.9148 - loss: 0.2662 - precision: 0.9318 - recall: 0.9805
[1m 23/125[0m [32m━━━[0m[37m━━━━━━━━━━━━━━━━━[0m [1m12:33[0m 7s/step - accuracy: 0.9252 - dice_coeff: 0.9327 - iou_score: 0.9149 - loss: 0.2660 - precision: 0.9319 - recall: 0.9805
[1m 24/125[0m [32m━━━[0m[37m━━━━━━━━━━━━━━━━━[0m [1m12:25[0m 7s/step - accuracy: 0.9252 - dice_coeff: 0.9327 - iou_score: 0.9149 - loss: 0.2657 - precision: 0.9319 - recall: 0.9805
[1m 25/125[0m [32m━━━━[0m[37m━━━━━━━━━━━━━━━━[0m [1m12:18[0m 7s/step - accuracy: 0.9253 - dice_coeff: 0.9328 - iou_score: 0.9150 - loss: 0.2655 - precision: 0.9320 - recall: 0.9805
[1m 26/125[0m [32m━━━━[0m[37m━━━━━━━━━━━━━━━━[0m [1m12:10[0m 7s/step - accuracy: 0.9254 - dice_coeff: 0.9329 - iou_score: 0.9151 - loss: 0.2652 - precision: 0.9321 - recall: 0.9805
[1m 27/125[0m [32m━━━━[0m[37m━━━━━━━━━━━━━━━━[0m [1m12:03[0m 7s/step - accuracy: 0.9254 - dice_coeff: 0.9329 - iou_score: 0.9151 - loss: 0.2651 - precision: 0.9322 - recall: 0.9805
[1m 28/125[0m [32m━━━━[0m[37m━━━━━━━━━━━━━━━━[0m [1m11:55[0m 7s/step - accuracy: 0.9255 - dice_coeff: 0.9330 - iou_score: 0.9152 - loss: 0.2648 - precision: 0.9322 - recall: 0.9805
[1m 29/125[0m [32m━━━━[0m[37m━━━━━━━━━━━━━━━━[0m [1m11:48[0m 7s/step - accuracy: 0.9255 - dice_coeff: 0.9330 - iou_score: 0.9153 - loss: 0.2646 - precision: 0.9323 - recall: 0.9805
[1m 30/125[0m [32m━━━━[0m[37m━━━━━━━━━━━━━━━━[0m [1m11:41[0m 7s/step - accuracy: 0.9256 - dice_coeff: 0.9331 - iou_score: 0.9154 - loss: 0.2644 - precision: 0.9324 - recall: 0.9805
[1m 31/125[0m [32m━━━━[0m[37m━━━━━━━━━━━━━━━━[0m [1m11:34[0m 7s/step - accuracy: 0.9257 - dice_coeff: 0.9332 - iou_score: 0.9155 - loss: 0.2641 - precision: 0.9325 - recall: 0.9805
[1m 32/125[0m [32m━━━━━[0m[37m━━━━━━━━━━━━━━━[0m [1m11:26[0m 7s/step - accuracy: 0.9258 - dice_coeff: 0.9332 - iou_score: 0.9156 - loss: 0.2638 - precision: 0.9326 - recall: 0.9805
[1m 33/125[0m [32m━━━━━[0m[37m━━━━━━━━━━━━━━━[0m [1m11:19[0m 7s/step - accuracy: 0.9258 - dice_coeff: 0.9333 - iou_score: 0.9156 - loss: 0.2635 - precision: 0.9326 - recall: 0.9805
[1m 34/125[0m [32m━━━━━[0m[37m━━━━━━━━━━━━━━━[0m [1m11:11[0m 7s/step - accuracy: 0.9259 - dice_coeff: 0.9333 - iou_score: 0.9157 - loss: 0.2633 - precision: 0.9327 - recall: 0.9805
[1m 35/125[0m [32m━━━━━[0m[37m━━━━━━━━━━━━━━━[0m [1m11:04[0m 7s/step - accuracy: 0.9259 - dice_coeff: 0.9334 - iou_score: 0.9158 - loss: 0.2631 - precision: 0.9328 - recall: 0.9806
[1m 36/125[0m [32m━━━━━[0m[37m━━━━━━━━━━━━━━━[0m [1m10:57[0m 7s/step - accuracy: 0.9260 - dice_coeff: 0.9334 - iou_score: 0.9158 - loss: 0.2629 - precision: 0.9328 - recall: 0.9806
[1m 37/125[0m [32m━━━━━[0m[37m━━━━━━━━━━━━━━━[0m [1m10:49[0m 7s/step - accuracy: 0.9260 - dice_coeff: 0.9335 - iou_score: 0.9159 - loss: 0.2628 - precision: 0.9328 - recall: 0.9806
[1m 38/125[0m [32m━━━━━━[0m[37m━━━━━━━━━━━━━━[0m [1m10:42[0m 7s/step - accuracy: 0.9261 - dice_coeff: 0.9335 - iou_score: 0.9159 - loss: 0.2627 - precision: 0.9329 - recall: 0.9806
[1m 39/125[0m [32m━━━━━━[0m[37m━━━━━━━━━━━━━━[0m [1m10:34[0m 7s/step - accuracy: 0.9261 - dice_coeff: 0.9336 - iou_score: 0.9160 - loss: 0.2625 - precision: 0.9329 - recall: 0.9806
[1m 40/125[0m [32m━━━━━━[0m[37m━━━━━━━━━━━━━━[0m [1m10:27[0m 7s/step - accuracy: 0.9261 - dice_coeff: 0.9336 - iou_score: 0.9160 - loss: 0.2624 - precision: 0.9329 - recall: 0.9806
[1m 41/125[0m [32m━━━━━━[0m[37m━━━━━━━━━━━━━━[0m [1m10:20[0m 7s/step - accuracy: 0.9261 - dice_coeff: 0.9336 - iou_score: 0.9160 - loss: 0.2623 - precision: 0.9329 - recall: 0.9806
[1m 42/125[0m [32m━━━━━━[0m[37m━━━━━━━━━━━━━━[0m [1m10:12[0m 7s/step - accuracy: 0.9262 - dice_coeff: 0.9337 - iou_score: 0.9161 - loss: 0.2622 - precision: 0.9330 - recall: 0.9806
[1m 43/125[0m [32m━━━━━━[0m[37m━━━━━━━━━━━━━━[0m [1m10:05[0m 7s/step - accuracy: 0.9262 - dice_coeff: 0.9337 - iou_score: 0.9161 - loss: 0.2621 - precision: 0.9330 - recall: 0.9807
[1m 44/125[0m [32m━━━━━━━[0m[37m━━━━━━━━━━━━━[0m [1m9:58[0m 7s/step - accuracy: 0.9262 - dice_coeff: 0.9337 - iou_score: 0.9161 - loss: 0.2620 - precision: 0.9330 - recall: 0.9807 
[1m 45/125[0m [32m━━━━━━━[0m[37m━━━━━━━━━━━━━[0m [1m9:50[0m 7s/step - accuracy: 0.9262 - dice_coeff: 0.9338 - iou_score: 0.9162 - loss: 0.2619 - precision: 0.9331 - recall: 0.9807
[1m 46/125[0m [32m━━━━━━━[0m[37m━━━━━━━━━━━━━[0m [1m9:43[0m 7s/step - accuracy: 0.9263 - dice_coeff: 0.9338 - iou_score: 0.9162 - loss: 0.2618 - precision: 0.9331 - recall: 0.9807
[1m 47/125[0m [32m━━━━━━━[0m[37m━━━━━━━━━━━━━[0m [1m9:36[0m 7s/step - accuracy: 0.9263 - dice_coeff: 0.9338 - iou_score: 0.9162 - loss: 0.2617 - precision: 0.9331 - recall: 0.9807
[1m 48/125[0m [32m━━━━━━━[0m[37m━━━━━━━━━━━━━[0m [1m9:28[0m 7s/step - accuracy: 0.9263 - dice_coeff: 0.9338 - iou_score: 0.9162 - loss: 0.2616 - precision: 0.9331 - recall: 0.9807
[1m 49/125[0m [32m━━━━━━━[0m[37m━━━━━━━━━━━━━[0m [1m9:21[0m 7s/step - accuracy: 0.9263 - dice_coeff: 0.9338 - iou_score: 0.9163 - loss: 0.2615 - precision: 0.9332 - recall: 0.9807
[1m 50/125[0m [32m━━━━━━━━[0m[37m━━━━━━━━━━━━[0m [1m9:14[0m 7s/step - accuracy: 0.9264 - dice_coeff: 0.9339 - iou_score: 0.9163 - loss: 0.2614 - precision: 0.9332 - recall: 0.9807
[1m 51/125[0m [32m━━━━━━━━[0m[37m━━━━━━━━━━━━[0m [1m9:06[0m 7s/step - accuracy: 0.9264 - dice_coeff: 0.9339 - iou_score: 0.9163 - loss: 0.2613 - precision: 0.9332 - recall: 0.9807
[1m 52/125[0m [32m━━━━━━━━[0m[37m━━━━━━━━━━━━[0m [1m8:59[0m 7s/step - accuracy: 0.9264 - dice_coeff: 0.9339 - iou_score: 0.9163 - loss: 0.2613 - precision: 0.9332 - recall: 0.9807
[1m 53/125[0m [32m━━━━━━━━[0m[37m━━━━━━━━━━━━[0m [1m8:52[0m 7s/step - accuracy: 0.9264 - dice_coeff: 0.9339 - iou_score: 0.9164 - loss: 0.2612 - precision: 0.9332 - recall: 0.9807
[1m 54/125[0m [32m━━━━━━━━[0m[37m━━━━━━━━━━━━[0m [1m8:44[0m 7s/step - accuracy: 0.9264 - dice_coeff: 0.9339 - iou_score: 0.9164 - loss: 0.2611 - precision: 0.9333 - recall: 0.9807
[1m 55/125[0m [32m━━━━━━━━[0m[37m━━━━━━━━━━━━[0m [1m8:37[0m 7s/step - accuracy: 0.9264 - dice_coeff: 0.9340 - iou_score: 0.9164 - loss: 0.2610 - precision: 0.9333 - recall: 0.9807
[1m 56/125[0m [32m━━━━━━━━[0m[37m━━━━━━━━━━━━[0m [1m8:30[0m 7s/step - accuracy: 0.9265 - dice_coeff: 0.9340 - iou_score: 0.9164 - loss: 0.2610 - precision: 0.9333 - recall: 0.9807
[1m 57/125[0m [32m━━━━━━━━━[0m[37m━━━━━━━━━━━[0m [1m8:22[0m 7s/step - accuracy: 0.9265 - dice_coeff: 0.9340 - iou_score: 0.9164 - loss: 0.2609 - precision: 0.9333 - recall: 0.9807
[1m 58/125[0m [32m━━━━━━━━━[0m[37m━━━━━━━━━━━[0m [1m8:15[0m 7s/step - accuracy: 0.9265 - dice_coeff: 0.9340 - iou_score: 0.9165 - loss: 0.2608 - precision: 0.9333 - recall: 0.9807
[1m 59/125[0m [32m━━━━━━━━━[0m[37m━━━━━━━━━━━[0m [1m8:07[0m 7s/step - accuracy: 0.9265 - dice_coeff: 0.9340 - iou_score: 0.9165 - loss: 0.2608 - precision: 0.9334 - recall: 0.9807
[1m 60/125[0m [32m━━━━━━━━━[0m[37m━━━━━━━━━━━[0m [1m8:00[0m 7s/step - accuracy: 0.9265 - dice_coeff: 0.9340 - iou_score: 0.9165 - loss: 0.2607 - precision: 0.9334 - recall: 0.9807
[1m 61/125[0m [32m━━━━━━━━━[0m[37m━━━━━━━━━━━[0m [1m7:53[0m 7s/step - accuracy: 0.9265 - dice_coeff: 0.9340 - iou_score: 0.9165 - loss: 0.2606 - precision: 0.9334 - recall: 0.9807
[1m 62/125[0m [32m━━━━━━━━━[0m[37m━━━━━━━━━━━[0m [1m7:45[0m 7s/step - accuracy: 0.9265 - dice_coeff: 0.9341 - iou_score: 0.9165 - loss: 0.2606 - precision: 0.9334 - recall: 0.9807
[1m 63/125[0m [32m━━━━━━━━━━[0m[37m━━━━━━━━━━[0m [1m7:38[0m 7s/step - accuracy: 0.9266 - dice_coeff: 0.9341 - iou_score: 0.9165 - loss: 0.2605 - precision: 0.9334 - recall: 0.9807
[1m 64/125[0m [32m━━━━━━━━━━[0m[37m━━━━━━━━━━[0m [1m7:30[0m 7s/step - accuracy: 0.9266 - dice_coeff: 0.9341 - iou_score: 0.9165 - loss: 0.2605 - precision: 0.9334 - recall: 0.9807
[1m 65/125[0m [32m━━━━━━━━━━[0m[37m━━━━━━━━━━[0m [1m7:23[0m 7s/step - accuracy: 0.9266 - dice_coeff: 0.9341 - iou_score: 0.9165 - loss: 0.2605 - precision: 0.9334 - recall: 0.9807
[1m 66/125[0m [32m━━━━━━━━━━[0m[37m━━━━━━━━━━[0m [1m7:15[0m 7s/step - accuracy: 0.9266 - dice_coeff: 0.9341 - iou_score: 0.9165 - loss: 0.2604 - precision: 0.9334 - recall: 0.9807
[1m 67/125[0m [32m━━━━━━━━━━[0m[37m━━━━━━━━━━[0m [1m7:08[0m 7s/step - accuracy: 0.9266 - dice_coeff: 0.9341 - iou_score: 0.9166 - loss: 0.2604 - precision: 0.9334 - recall: 0.9807
[1m 68/125[0m [32m━━━━━━━━━━[0m[37m━━━━━━━━━━[0m [1m7:01[0m 7s/step - accuracy: 0.9266 - dice_coeff: 0.9341 - iou_score: 0.9166 - loss: 0.2603 - precision: 0.9334 - recall: 0.9807
[1m 69/125[0m [32m━━━━━━━━━━━[0m[37m━━━━━━━━━[0m [1m6:53[0m 7s/step - accuracy: 0.9266 - dice_coeff: 0.9341 - iou_score: 0.9166 - loss: 0.2603 - precision: 0.9335 - recall: 0.9807
[1m 70/125[0m [32m━━━━━━━━━━━[0m[37m━━━━━━━━━[0m [1m6:46[0m 7s/step - accuracy: 0.9266 - dice_coeff: 0.9341 - iou_score: 0.9166 - loss: 0.2603 - precision: 0.9335 - recall: 0.9807
[1m 71/125[0m [32m━━━━━━━━━━━[0m[37m━━━━━━━━━[0m [1m6:38[0m 7s/step - accuracy: 0.9266 - dice_coeff: 0.9341 - iou_score: 0.9166 - loss: 0.2602 - precision: 0.9335 - recall: 0.9807
[1m 72/125[0m [32m━━━━━━━━━━━[0m[37m━━━━━━━━━[0m [1m6:31[0m 7s/step - accuracy: 0.9266 - dice_coeff: 0.9341 - iou_score: 0.9166 - loss: 0.2602 - precision: 0.9335 - recall: 0.9807
[1m 73/125[0m [32m━━━━━━━━━━━[0m[37m━━━━━━━━━[0m [1m6:24[0m 7s/step - accuracy: 0.9266 - dice_coeff: 0.9342 - iou_score: 0.9166 - loss: 0.2601 - precision: 0.9335 - recall: 0.9807
[1m 74/125[0m [32m━━━━━━━━━━━[0m[37m━━━━━━━━━[0m [1m6:17[0m 7s/step - accuracy: 0.9266 - dice_coeff: 0.9342 - iou_score: 0.9166 - loss: 0.2601 - precision: 0.9335 - recall: 0.9807
[1m 75/125[0m [32m━━━━━━━━━━━━[0m[37m━━━━━━━━[0m [1m6:09[0m 7s/step - accuracy: 0.9267 - dice_coeff: 0.9342 - iou_score: 0.9166 - loss: 0.2601 - precision: 0.9335 - recall: 0.9807
[1m 76/125[0m [32m━━━━━━━━━━━━[0m[37m━━━━━━━━[0m [1m6:02[0m 7s/step - accuracy: 0.9267 - dice_coeff: 0.9342 - iou_score: 0.9166 - loss: 0.2600 - precision: 0.9335 - recall: 0.9807
[1m 77/125[0m [32m━━━━━━━━━━━━[0m[37m━━━━━━━━[0m [1m5:55[0m 7s/step - accuracy: 0.9267 - dice_coeff: 0.9342 - iou_score: 0.9166 - loss: 0.2600 - precision: 0.9335 - recall: 0.9807
[1m 78/125[0m [32m━━━━━━━━━━━━[0m[37m━━━━━━━━[0m [1m5:47[0m 7s/step - accuracy: 0.9267 - dice_coeff: 0.9342 - iou_score: 0.9166 - loss: 0.2600 - precision: 0.9335 - recall: 0.9807
[1m 79/125[0m [32m━━━━━━━━━━━━[0m[37m━━━━━━━━[0m [1m5:40[0m 7s/step - accuracy: 0.9267 - dice_coeff: 0.9342 - iou_score: 0.9166 - loss: 0.2599 - precision: 0.9335 - recall: 0.9807
[1m 80/125[0m [32m━━━━━━━━━━━━[0m[37m━━━━━━━━[0m [1m5:33[0m 7s/step - accuracy: 0.9267 - dice_coeff: 0.9342 - iou_score: 0.9167 - loss: 0.2599 - precision: 0.9336 - recall: 0.9807
[1m 81/125[0m [32m━━━━━━━━━━━━[0m[37m━━━━━━━━[0m [1m5:25[0m 7s/step - accuracy: 0.9267 - dice_coeff: 0.9342 - iou_score: 0.9167 - loss: 0.2598 - precision: 0.9336 - recall: 0.9807
[1m 82/125[0m [32m━━━━━━━━━━━━━[0m[37m━━━━━━━[0m [1m5:18[0m 7s/step - accuracy: 0.9267 - dice_coeff: 0.9342 - iou_score: 0.9167 - loss: 0.2598 - precision: 0.9336 - recall: 0.9807
[1m 83/125[0m [32m━━━━━━━━━━━━━[0m[37m━━━━━━━[0m [1m5:10[0m 7s/step - accuracy: 0.9267 - dice_coeff: 0.9342 - iou_score: 0.9167 - loss: 0.2598 - precision: 0.9336 - recall: 0.9807
[1m 84/125[0m [32m━━━━━━━━━━━━━[0m[37m━━━━━━━[0m [1m5:03[0m 7s/step - accuracy: 0.9267 - dice_coeff: 0.9342 - iou_score: 0.9167 - loss: 0.2597 - precision: 0.9336 - recall: 0.9807
[1m 85/125[0m [32m━━━━━━━━━━━━━[0m[37m━━━━━━━[0m [1m4:56[0m 7s/step - accuracy: 0.9267 - dice_coeff: 0.9342 - iou_score: 0.9167 - loss: 0.2597 - precision: 0.9336 - recall: 0.9807
[1m 86/125[0m [32m━━━━━━━━━━━━━[0m[37m━━━━━━━[0m [1m4:48[0m 7s/step - accuracy: 0.9267 - dice_coeff: 0.9342 - iou_score: 0.9167 - loss: 0.2596 - precision: 0.9336 - recall: 0.9807
[1m 87/125[0m [32m━━━━━━━━━━━━━[0m[37m━━━━━━━[0m [1m4:41[0m 7s/step - accuracy: 0.9268 - dice_coeff: 0.9343 - iou_score: 0.9167 - loss: 0.2596 - precision: 0.9336 - recall: 0.9807
[1m 88/125[0m [32m━━━━━━━━━━━━━━[0m[37m━━━━━━[0m [1m4:33[0m 7s/step - accuracy: 0.9268 - dice_coeff: 0.9343 - iou_score: 0.9167 - loss: 0.2596 - precision: 0.9336 - recall: 0.9807
[1m 89/125[0m [32m━━━━━━━━━━━━━━[0m[37m━━━━━━[0m [1m4:26[0m 7s/step - accuracy: 0.9268 - dice_coeff: 0.9343 - iou_score: 0.9167 - loss: 0.2595 - precision: 0.9336 - recall: 0.9807
[1m 90/125[0m [32m━━━━━━━━━━━━━━[0m[37m━━━━━━[0m [1m4:19[0m 7s/step - accuracy: 0.9268 - dice_coeff: 0.9343 - iou_score: 0.9167 - loss: 0.2595 - precision: 0.9337 - recall: 0.9807
[1m 91/125[0m [32m━━━━━━━━━━━━━━[0m[37m━━━━━━[0m [1m4:11[0m 7s/step - accuracy: 0.9268 - dice_coeff: 0.9343 - iou_score: 0.9167 - loss: 0.2595 - precision: 0.9337 - recall: 0.9807
[1m 92/125[0m [32m━━━━━━━━━━━━━━[0m[37m━━━━━━[0m [1m4:04[0m 7s/step - accuracy: 0.9268 - dice_coeff: 0.9343 - iou_score: 0.9167 - loss: 0.2594 - precision: 0.9337 - recall: 0.9807
[1m 93/125[0m [32m━━━━━━━━━━━━━━[0m[37m━━━━━━[0m [1m3:56[0m 7s/step - accuracy: 0.9268 - dice_coeff: 0.9343 - iou_score: 0.9167 - loss: 0.2594 - precision: 0.9337 - recall: 0.9807
[1m 94/125[0m [32m━━━━━━━━━━━━━━━[0m[37m━━━━━[0m [1m3:49[0m 7s/step - accuracy: 0.9268 - dice_coeff: 0.9343 - iou_score: 0.9167 - loss: 0.2594 - precision: 0.9337 - recall: 0.9807
[1m 95/125[0m [32m━━━━━━━━━━━━━━━[0m[37m━━━━━[0m [1m3:42[0m 7s/step - accuracy: 0.9268 - dice_coeff: 0.9343 - iou_score: 0.9168 - loss: 0.2594 - precision: 0.9337 - recall: 0.9807
[1m 96/125[0m [32m━━━━━━━━━━━━━━━[0m[37m━━━━━[0m [1m3:34[0m 7s/step - accuracy: 0.9268 - dice_coeff: 0.9343 - iou_score: 0.9168 - loss: 0.2593 - precision: 0.9337 - recall: 0.9807
[1m 97/125[0m [32m━━━━━━━━━━━━━━━[0m[37m━━━━━[0m [1m3:27[0m 7s/step - accuracy: 0.9268 - dice_coeff: 0.9343 - iou_score: 0.9168 - loss: 0.2593 - precision: 0.9337 - recall: 0.9807
[1m 98/125[0m [32m━━━━━━━━━━━━━━━[0m[37m━━━━━[0m [1m3:19[0m 7s/step - accuracy: 0.9268 - dice_coeff: 0.9343 - iou_score: 0.9168 - loss: 0.2593 - precision: 0.9337 - recall: 0.9807
[1m 99/125[0m [32m━━━━━━━━━━━━━━━[0m[37m━━━━━[0m [1m3:12[0m 7s/step - accuracy: 0.9268 - dice_coeff: 0.9343 - iou_score: 0.9168 - loss: 0.2592 - precision: 0.9337 - recall: 0.9807
[1m100/125[0m [32m━━━━━━━━━━━━━━━━[0m[37m━━━━[0m [1m3:05[0m 7s/step - accuracy: 0.9268 - dice_coeff: 0.9343 - iou_score: 0.9168 - loss: 0.2592 - precision: 0.9337 - recall: 0.9807
[1m101/125[0m [32m━━━━━━━━━━━━━━━━[0m[37m━━━━[0m [1m2:57[0m 7s/step - accuracy: 0.9268 - dice_coeff: 0.9343 - iou_score: 0.9168 - loss: 0.2592 - precision: 0.9337 - recall: 0.9806
[1m102/125[0m [32m━━━━━━━━━━━━━━━━[0m[37m━━━━[0m [1m2:50[0m 7s/step - accuracy: 0.9269 - dice_coeff: 0.9343 - iou_score: 0.9168 - loss: 0.2592 - precision: 0.9337 - recall: 0.9806
[1m103/125[0m [32m━━━━━━━━━━━━━━━━[0m[37m━━━━[0m [1m2:42[0m 7s/step - accuracy: 0.9269 - dice_coeff: 0.9344 - iou_score: 0.9168 - loss: 0.2592 - precision: 0.9337 - recall: 0.9806
[1m104/125[0m [32m━━━━━━━━━━━━━━━━[0m[37m━━━━[0m [1m2:35[0m 7s/step - accuracy: 0.9269 - dice_coeff: 0.9344 - iou_score: 0.9168 - loss: 0.2591 - precision: 0.9337 - recall: 0.9806
[1m105/125[0m [32m━━━━━━━━━━━━━━━━[0m[37m━━━━[0m [1m2:27[0m 7s/step - accuracy: 0.9269 - dice_coeff: 0.9344 - iou_score: 0.9168 - loss: 0.2591 - precision: 0.9337 - recall: 0.9806
[1m106/125[0m [32m━━━━━━━━━━━━━━━━[0m[37m━━━━[0m [1m2:20[0m 7s/step - accuracy: 0.9269 - dice_coeff: 0.9344 - iou_score: 0.9168 - loss: 0.2591 - precision: 0.9337 - recall: 0.9806
[1m107/125[0m [32m━━━━━━━━━━━━━━━━━[0m[37m━━━[0m [1m2:13[0m 7s/step - accuracy: 0.9269 - dice_coeff: 0.9344 - iou_score: 0.9168 - loss: 0.2591 - precision: 0.9337 - recall: 0.9806
[1m108/125[0m [32m━━━━━━━━━━━━━━━━━[0m[37m━━━[0m [1m2:05[0m 7s/step - accuracy: 0.9269 - dice_coeff: 0.9344 - iou_score: 0.9168 - loss: 0.2591 - precision: 0.9338 - recall: 0.9806
[1m109/125[0m [32m━━━━━━━━━━━━━━━━━[0m[37m━━━[0m [1m1:58[0m 7s/step - accuracy: 0.9269 - dice_coeff: 0.9344 - iou_score: 0.9168 - loss: 0.2590 - precision: 0.9338 - recall: 0.9806
[1m110/125[0m [32m━━━━━━━━━━━━━━━━━[0m[37m━━━[0m [1m1:50[0m 7s/step - accuracy: 0.9269 - dice_coeff: 0.9344 - iou_score: 0.9168 - loss: 0.2590 - precision: 0.9338 - recall: 0.9806
[1m111/125[0m [32m━━━━━━━━━━━━━━━━━[0m[37m━━━[0m [1m1:43[0m 7s/step - accuracy: 0.9269 - dice_coeff: 0.9344 - iou_score: 0.9168 - loss: 0.2590 - precision: 0.9338 - recall: 0.9806
[1m112/125[0m [32m━━━━━━━━━━━━━━━━━[0m[37m━━━[0m [1m1:36[0m 7s/step - accuracy: 0.9269 - dice_coeff: 0.9344 - iou_score: 0.9168 - loss: 0.2590 - precision: 0.9338 - recall: 0.9806
[1m113/125[0m [32m━━━━━━━━━━━━━━━━━━[0m[37m━━[0m [1m1:28[0m 7s/step - accuracy: 0.9269 - dice_coeff: 0.9344 - iou_score: 0.9168 - loss: 0.2590 - precision: 0.9338 - recall: 0.9806
[1m114/125[0m [32m━━━━━━━━━━━━━━━━━━[0m[37m━━[0m [1m1:21[0m 7s/step - accuracy: 0.9269 - dice_coeff: 0.9344 - iou_score: 0.9168 - loss: 0.2590 - precision: 0.9338 - recall: 0.9806
[1m115/125[0m [32m━━━━━━━━━━━━━━━━━━[0m[37m━━[0m [1m1:13[0m 7s/step - accuracy: 0.9269 - dice_coeff: 0.9344 - iou_score: 0.9168 - loss: 0.2590 - precision: 0.9338 - recall: 0.9806
[1m116/125[0m [32m━━━━━━━━━━━━━━━━━━[0m[37m━━[0m [1m1:06[0m 7s/step - accuracy: 0.9269 - dice_coeff: 0.9344 - iou_score: 0.9168 - loss: 0.2589 - precision: 0.9338 - recall: 0.9806
[1m117/125[0m [32m━━━━━━━━━━━━━━━━━━[0m[37m━━[0m [1m59s[0m 7s/step - accuracy: 0.9269 - dice_coeff: 0.9344 - iou_score: 0.9168 - loss: 0.2589 - precision: 0.9338 - recall: 0.9806 
[1m118/125[0m [32m━━━━━━━━━━━━━━━━━━[0m[37m━━[0m [1m51s[0m 7s/step - accuracy: 0.9269 - dice_coeff: 0.9344 - iou_score: 0.9168 - loss: 0.2589 - precision: 0.9338 - recall: 0.9806
[1m119/125[0m [32m━━━━━━━━━━━━━━━━━━━[0m[37m━[0m [1m44s[0m 7s/step - accuracy: 0.9269 - dice_coeff: 0.9344 - iou_score: 0.9168 - loss: 0.2589 - precision: 0.9338 - recall: 0.9806
[1m120/125[0m [32m━━━━━━━━━━━━━━━━━━━[0m[37m━[0m [1m36s[0m 7s/step - accuracy: 0.9269 - dice_coeff: 0.9344 - iou_score: 0.9168 - loss: 0.2589 - precision: 0.9338 - recall: 0.9806
[1m121/125[0m [32m━━━━━━━━━━━━━━━━━━━[0m[37m━[0m [1m29s[0m 7s/step - accuracy: 0.9269 - dice_coeff: 0.9344 - iou_score: 0.9168 - loss: 0.2589 - precision: 0.9338 - recall: 0.9806
[1m122/125[0m [32m━━━━━━━━━━━━━━━━━━━[0m[37m━[0m [1m22s[0m 7s/step - accuracy: 0.9269 - dice_coeff: 0.9344 - iou_score: 0.9168 - loss: 0.2588 - precision: 0.9338 - recall: 0.9806
[1m123/125[0m [32m━━━━━━━━━━━━━━━━━━━[0m[37m━[0m [1m14s[0m 7s/step - accuracy: 0.9269 - dice_coeff: 0.9344 - iou_score: 0.9168 - loss: 0.2588 - precision: 0.9338 - recall: 0.9806
[1m124/125[0m [32m━━━━━━━━━━━━━━━━━━━[0m[37m━[0m [1m7s[0m 7s/step - accuracy: 0.9269 - dice_coeff: 0.9344 - iou_score: 0.9168 - loss: 0.2588 - precision: 0.9338 - recall: 0.9806 
[1m125/125[0m [32m━━━━━━━━━━━━━━━━━━━━[0m[37m[0m [1m0s[0m 7s/step - accuracy: 0.9269 - dice_coeff: 0.9344 - iou_score: 0.9168 - loss: 0.2588 - precision: 0.9338 - recall: 0.9806
Epoch 17: val_dice_coeff improved from 0.92131 to 0.92193, saving model to d:\labdatanew@aniket\unet++\models\best_model.keras

Epoch 17: finished saving model to d:\labdatanew@aniket\unet++\models\best_model.keras

[1m125/125[0m [32m━━━━━━━━━━━━━━━━━━━━[0m[37m[0m [1m1003s[0m 8s/step - accuracy: 0.9275 - dice_coeff: 0.9350 - iou_score: 0.9173 - loss: 0.2565 - precision: 0.9344 - recall: 0.9805 - val_accuracy: 0.9123 - val_dice_coeff: 0.9219 - val_iou_score: 0.8983 - val_loss: 0.3066 - val_precision: 0.9180 - val_recall: 0.9767 - learning_rate: 5.0000e-05
Epoch 18/100

[1m  1/125[0m [37m━━━━━━━━━━━━━━━━━━━━[0m [1m15:10[0m 7s/step - accuracy: 0.9274 - dice_coeff: 0.9382 - iou_score: 0.9168 - loss: 0.2517 - precision: 0.9262 - recall: 0.9891
[1m  2/125[0m [37m━━━━━━━━━━━━━━━━━━━━[0m [1m15:03[0m 7s/step - accuracy: 0.9299 - dice_coeff: 0.9393 - iou_score: 0.9201 - loss: 0.2442 - precision: 0.9307 - recall: 0.9879
[1m  3/125[0m [37m━━━━━━━━━━━━━━━━━━━━[0m [1m14:53[0m 7s/step - accuracy: 0.9299 - dice_coeff: 0.9389 - iou_score: 0.9202 - loss: 0.2449 - precision: 0.9314 - recall: 0.9872
[1m  4/125[0m [37m━━━━━━━━━━━━━━━━━━━━[0m [1m14:44[0m 7s/step - accuracy: 0.9291 - dice_coeff: 0.9381 - iou_score: 0.9192 - loss: 0.2479 - precision: 0.9308 - recall: 0.9866
[1m  5/125[0m [37m━━━━━━━━━━━━━━━━━━━━[0m [1m14:38[0m 7s/step - accuracy: 0.9286 - dice_coeff: 0.9376 - iou_score: 0.9186 - loss: 0.2499 - precision: 0.9307 - recall: 0.9861
[1m  6/125[0m [37m━━━━━━━━━━━━━━━━━━━━[0m [1m14:33[0m 7s/step - accuracy: 0.9282 - dice_coeff: 0.9371 - iou_score: 0.9182 - loss: 0.2514 - precision: 0.9307 - recall: 0.9855
[1m  7/125[0m [32m━[0m[37m━━━━━━━━━━━━━━━━━━━[0m [1m14:28[0m 7s/step - accuracy: 0.9280 - dice_coeff: 0.9369 - iou_score: 0.9179 - loss: 0.2523 - precision: 0.9310 - recall: 0.9850
[1m  8/125[0m [32m━[0m[37m━━━━━━━━━━━━━━━━━━━[0m [1m14:21[0m 7s/step - accuracy: 0.9280 - dice_coeff: 0.9367 - iou_score: 0.9178 - loss: 0.2527 - precision: 0.9313 - recall: 0.9845
[1m  9/125[0m [32m━[0m[37m━━━━━━━━━━━━━━━━━━━[0m [1m14:14[0m 7s/step - accuracy: 0.9280 - dice_coeff: 0.9365 - iou_score: 0.9177 - loss: 0.2529 - precision: 0.9316 - recall: 0.9841
[1m 10/125[0m [32m━[0m[37m━━━━━━━━━━━━━━━━━━━[0m [1m14:05[0m 7s/step - accuracy: 0.9281 - dice_coeff: 0.9365 - iou_score: 0.9178 - loss: 0.2528 - precision: 0.9321 - recall: 0.9836
[1m 11/125[0m [32m━[0m[37m━━━━━━━━━━━━━━━━━━━[0m [1m13:58[0m 7s/step - accuracy: 0.9282 - dice_coeff: 0.9364 - iou_score: 0.9180 - loss: 0.2526 - precision: 0.9326 - recall: 0.9833
[1m 12/125[0m [32m━[0m[37m━━━━━━━━━━━━━━━━━━━[0m [1m13:51[0m 7s/step - accuracy: 0.9283 - dice_coeff: 0.9364 - iou_score: 0.9181 - loss: 0.2524 - precision: 0.9330 - recall: 0.9830
[1m 13/125[0m [32m━━[0m[37m━━━━━━━━━━━━━━━━━━[0m [1m13:43[0m 7s/step - accuracy: 0.9283 - dice_coeff: 0.9363 - iou_score: 0.9181 - loss: 0.2525 - precision: 0.9332 - recall: 0.9827
[1m 14/125[0m [32m━━[0m[37m━━━━━━━━━━━━━━━━━━[0m [1m13:35[0m 7s/step - accuracy: 0.9284 - dice_coeff: 0.9363 - iou_score: 0.9182 - loss: 0.2524 - precision: 0.9335 - recall: 0.9825
[1m 15/125[0m [32m━━[0m[37m━━━━━━━━━━━━━━━━━━[0m [1m13:28[0m 7s/step - accuracy: 0.9285 - dice_coeff: 0.9363 - iou_score: 0.9182 - loss: 0.2522 - precision: 0.9337 - recall: 0.9823
[1m 16/125[0m [32m━━[0m[37m━━━━━━━━━━━━━━━━━━[0m [1m13:21[0m 7s/step - accuracy: 0.9285 - dice_coeff: 0.9364 - iou_score: 0.9183 - loss: 0.2520 - precision: 0.9339 - recall: 0.9822
[1m 17/125[0m [32m━━[0m[37m━━━━━━━━━━━━━━━━━━[0m [1m13:13[0m 7s/step - accuracy: 0.9286 - dice_coeff: 0.9364 - iou_score: 0.9183 - loss: 0.2520 - precision: 0.9340 - recall: 0.9821
[1m 18/125[0m [32m━━[0m[37m━━━━━━━━━━━━━━━━━━[0m [1m13:05[0m 7s/step - accuracy: 0.9286 - dice_coeff: 0.9364 - iou_score: 0.9184 - loss: 0.2519 - precision: 0.9341 - recall: 0.9821
[1m 19/125[0m [32m━━━[0m[37m━━━━━━━━━━━━━━━━━[0m [1m12:57[0m 7s/step - accuracy: 0.9286 - dice_coeff: 0.9364 - iou_score: 0.9184 - loss: 0.2519 - precision: 0.9342 - recall: 0.9820
[1m 20/125[0m [32m━━━[0m[37m━━━━━━━━━━━━━━━━━[0m [1m12:50[0m 7s/step - accuracy: 0.9286 - dice_coeff: 0.9364 - iou_score: 0.9184 - loss: 0.2519 - precision: 0.9343 - recall: 0.9819
[1m 21/125[0m [32m━━━[0m[37m━━━━━━━━━━━━━━━━━[0m [1m12:43[0m 7s/step - accuracy: 0.9286 - dice_coeff: 0.9364 - iou_score: 0.9184 - loss: 0.2518 - precision: 0.9343 - recall: 0.9819
[1m 22/125[0m [32m━━━[0m[37m━━━━━━━━━━━━━━━━━[0m [1m12:37[0m 7s/step - accuracy: 0.9287 - dice_coeff: 0.9364 - iou_score: 0.9185 - loss: 0.2518 - precision: 0.9344 - recall: 0.9819
[1m 23/125[0m [32m━━━[0m[37m━━━━━━━━━━━━━━━━━[0m [1m12:30[0m 7s/step - accuracy: 0.9287 - dice_coeff: 0.9364 - iou_score: 0.9185 - loss: 0.2516 - precision: 0.9344 - recall: 0.9819
[1m 24/125[0m [32m━━━[0m[37m━━━━━━━━━━━━━━━━━[0m [1m12:23[0m 7s/step - accuracy: 0.9287 - dice_coeff: 0.9364 - iou_score: 0.9186 - loss: 0.2515 - precision: 0.9345 - recall: 0.9819
[1m 25/125[0m [32m━━━━[0m[37m━━━━━━━━━━━━━━━━[0m [1m12:15[0m 7s/step - accuracy: 0.9288 - dice_coeff: 0.9365 - iou_score: 0.9186 - loss: 0.2514 - precision: 0.9345 - recall: 0.9819
[1m 26/125[0m [32m━━━━[0m[37m━━━━━━━━━━━━━━━━[0m [1m12:08[0m 7s/step - accuracy: 0.9288 - dice_coeff: 0.9365 - iou_score: 0.9187 - loss: 0.2513 - precision: 0.9346 - recall: 0.9818
[1m 27/125[0m [32m━━━━[0m[37m━━━━━━━━━━━━━━━━[0m [1m12:00[0m 7s/step - accuracy: 0.9288 - dice_coeff: 0.9365 - iou_score: 0.9187 - loss: 0.2512 - precision: 0.9347 - recall: 0.9818
[1m 28/125[0m [32m━━━━[0m[37m━━━━━━━━━━━━━━━━[0m [1m11:54[0m 7s/step - accuracy: 0.9289 - dice_coeff: 0.9365 - iou_score: 0.9187 - loss: 0.2511 - precision: 0.9347 - recall: 0.9818
[1m 29/125[0m [32m━━━━[0m[37m━━━━━━━━━━━━━━━━[0m [1m11:46[0m 7s/step - accuracy: 0.9289 - dice_coeff: 0.9365 - iou_score: 0.9188 - loss: 0.2510 - precision: 0.9348 - recall: 0.9818
[1m 30/125[0m [32m━━━━[0m[37m━━━━━━━━━━━━━━━━[0m [1m11:39[0m 7s/step - accuracy: 0.9289 - dice_coeff: 0.9365 - iou_score: 0.9188 - loss: 0.2509 - precision: 0.9349 - recall: 0.9817
[1m 31/125[0m [32m━━━━[0m[37m━━━━━━━━━━━━━━━━[0m [1m11:32[0m 7s/step - accuracy: 0.9289 - dice_coeff: 0.9366 - iou_score: 0.9188 - loss: 0.2509 - precision: 0.9349 - recall: 0.9817
[1m 32/125[0m [32m━━━━━[0m[37m━━━━━━━━━━━━━━━[0m [1m11:25[0m 7s/step - accuracy: 0.9290 - dice_coeff: 0.9366 - iou_score: 0.9189 - loss: 0.2508 - precision: 0.9349 - recall: 0.9817
[1m 33/125[0m [32m━━━━━[0m[37m━━━━━━━━━━━━━━━[0m [1m11:17[0m 7s/step - accuracy: 0.9290 - dice_coeff: 0.9366 - iou_score: 0.9189 - loss: 0.2508 - precision: 0.9350 - recall: 0.9817
[1m 34/125[0m [32m━━━━━[0m[37m━━━━━━━━━━━━━━━[0m [1m11:10[0m 7s/step - accuracy: 0.9290 - dice_coeff: 0.9366 - iou_score: 0.9189 - loss: 0.2507 - precision: 0.9350 - recall: 0.9817
[1m 35/125[0m [32m━━━━━[0m[37m━━━━━━━━━━━━━━━[0m [1m11:03[0m 7s/step - accuracy: 0.9290 - dice_coeff: 0.9366 - iou_score: 0.9189 - loss: 0.2506 - precision: 0.9350 - recall: 0.9817
[1m 36/125[0m [32m━━━━━[0m[37m━━━━━━━━━━━━━━━[0m [1m10:56[0m 7s/step - accuracy: 0.9290 - dice_coeff: 0.9366 - iou_score: 0.9189 - loss: 0.2506 - precision: 0.9351 - recall: 0.9816
[1m 37/125[0m [32m━━━━━[0m[37m━━━━━━━━━━━━━━━[0m [1m10:48[0m 7s/step - accuracy: 0.9291 - dice_coeff: 0.9366 - iou_score: 0.9190 - loss: 0.2505 - precision: 0.9351 - recall: 0.9816
[1m 38/125[0m [32m━━━━━━[0m[37m━━━━━━━━━━━━━━[0m [1m10:41[0m 7s/step - accuracy: 0.9291 - dice_coeff: 0.9366 - iou_score: 0.9190 - loss: 0.2505 - precision: 0.9352 - recall: 0.9816
[1m 39/125[0m [32m━━━━━━[0m[37m━━━━━━━━━━━━━━[0m [1m10:33[0m 7s/step - accuracy: 0.9291 - dice_coeff: 0.9366 - iou_score: 0.9190 - loss: 0.2504 - precision: 0.9352 - recall: 0.9816
[1m 40/125[0m [32m━━━━━━[0m[37m━━━━━━━━━━━━━━[0m [1m10:26[0m 7s/step - accuracy: 0.9291 - dice_coeff: 0.9366 - iou_score: 0.9190 - loss: 0.2503 - precision: 0.9352 - recall: 0.9816
[1m 41/125[0m [32m━━━━━━[0m[37m━━━━━━━━━━━━━━[0m [1m10:19[0m 7s/step - accuracy: 0.9291 - dice_coeff: 0.9367 - iou_score: 0.9191 - loss: 0.2503 - precision: 0.9353 - recall: 0.9816
[1m 42/125[0m [32m━━━━━━[0m[37m━━━━━━━━━━━━━━[0m [1m10:11[0m 7s/step - accuracy: 0.9292 - dice_coeff: 0.9367 - iou_score: 0.9191 - loss: 0.2502 - precision: 0.9353 - recall: 0.9815
[1m 43/125[0m [32m━━━━━━[0m[37m━━━━━━━━━━━━━━[0m [1m10:04[0m 7s/step - accuracy: 0.9292 - dice_coeff: 0.9367 - iou_score: 0.9191 - loss: 0.2501 - precision: 0.9354 - recall: 0.9815
[1m 44/125[0m [32m━━━━━━━[0m[37m━━━━━━━━━━━━━[0m [1m9:57[0m 7s/step - accuracy: 0.9292 - dice_coeff: 0.9367 - iou_score: 0.9192 - loss: 0.2500 - precision: 0.9354 - recall: 0.9815 
[1m 45/125[0m [32m━━━━━━━[0m[37m━━━━━━━━━━━━━[0m [1m9:49[0m 7s/step - accuracy: 0.9292 - dice_coeff: 0.9367 - iou_score: 0.9192 - loss: 0.2500 - precision: 0.9355 - recall: 0.9815
[1m 46/125[0m [32m━━━━━━━[0m[37m━━━━━━━━━━━━━[0m [1m9:42[0m 7s/step - accuracy: 0.9293 - dice_coeff: 0.9367 - iou_score: 0.9192 - loss: 0.2499 - precision: 0.9355 - recall: 0.9815
[1m 47/125[0m [32m━━━━━━━[0m[37m━━━━━━━━━━━━━[0m [1m9:35[0m 7s/step - accuracy: 0.9293 - dice_coeff: 0.9367 - iou_score: 0.9192 - loss: 0.2499 - precision: 0.9355 - recall: 0.9815
[1m 48/125[0m [32m━━━━━━━[0m[37m━━━━━━━━━━━━━[0m [1m9:27[0m 7s/step - accuracy: 0.9293 - dice_coeff: 0.9367 - iou_score: 0.9192 - loss: 0.2498 - precision: 0.9355 - recall: 0.9815
[1m 49/125[0m [32m━━━━━━━[0m[37m━━━━━━━━━━━━━[0m [1m9:20[0m 7s/step - accuracy: 0.9293 - dice_coeff: 0.9368 - iou_score: 0.9193 - loss: 0.2498 - precision: 0.9355 - recall: 0.9815
[1m 50/125[0m [32m━━━━━━━━[0m[37m━━━━━━━━━━━━[0m [1m9:12[0m 7s/step - accuracy: 0.9293 - dice_coeff: 0.9368 - iou_score: 0.9193 - loss: 0.2498 - precision: 0.9356 - recall: 0.9815
[1m 51/125[0m [32m━━━━━━━━[0m[37m━━━━━━━━━━━━[0m [1m9:05[0m 7s/step - accuracy: 0.9293 - dice_coeff: 0.9368 - iou_score: 0.9193 - loss: 0.2497 - precision: 0.9356 - recall: 0.9815
[1m 52/125[0m [32m━━━━━━━━[0m[37m━━━━━━━━━━━━[0m [1m8:58[0m 7s/step - accuracy: 0.9293 - dice_coeff: 0.9368 - iou_score: 0.9193 - loss: 0.2497 - precision: 0.9356 - recall: 0.9815
[1m 53/125[0m [32m━━━━━━━━[0m[37m━━━━━━━━━━━━[0m [1m8:50[0m 7s/step - accuracy: 0.9294 - dice_coeff: 0.9368 - iou_score: 0.9193 - loss: 0.2496 - precision: 0.9356 - recall: 0.9815
[1m 54/125[0m [32m━━━━━━━━[0m[37m━━━━━━━━━━━━[0m [1m8:43[0m 7s/step - accuracy: 0.9294 - dice_coeff: 0.9368 - iou_score: 0.9193 - loss: 0.2496 - precision: 0.9356 - recall: 0.9815
[1m 55/125[0m [32m━━━━━━━━[0m[37m━━━━━━━━━━━━[0m [1m8:36[0m 7s/step - accuracy: 0.9294 - dice_coeff: 0.9368 - iou_score: 0.9193 - loss: 0.2496 - precision: 0.9357 - recall: 0.9815
[1m 56/125[0m [32m━━━━━━━━[0m[37m━━━━━━━━━━━━[0m [1m8:28[0m 7s/step - accuracy: 0.9294 - dice_coeff: 0.9368 - iou_score: 0.9193 - loss: 0.2496 - precision: 0.9357 - recall: 0.9815
[1m 57/125[0m [32m━━━━━━━━━[0m[37m━━━━━━━━━━━[0m [1m8:21[0m 7s/step - accuracy: 0.9294 - dice_coeff: 0.9368 - iou_score: 0.9193 - loss: 0.2496 - precision: 0.9357 - recall: 0.9814
[1m 58/125[0m [32m━━━━━━━━━[0m[37m━━━━━━━━━━━[0m [1m8:14[0m 7s/step - accuracy: 0.9294 - dice_coeff: 0.9368 - iou_score: 0.9194 - loss: 0.2496 - precision: 0.9357 - recall: 0.9814
[1m 59/125[0m [32m━━━━━━━━━[0m[37m━━━━━━━━━━━[0m [1m8:06[0m 7s/step - accuracy: 0.9294 - dice_coeff: 0.9368 - iou_score: 0.9194 - loss: 0.2496 - precision: 0.9357 - recall: 0.9814
[1m 60/125[0m [32m━━━━━━━━━[0m[37m━━━━━━━━━━━[0m [1m7:59[0m 7s/step - accuracy: 0.9294 - dice_coeff: 0.9368 - iou_score: 0.9194 - loss: 0.2496 - precision: 0.9357 - recall: 0.9814
[1m 61/125[0m [32m━━━━━━━━━[0m[37m━━━━━━━━━━━[0m [1m7:51[0m 7s/step - accuracy: 0.9294 - dice_coeff: 0.9368 - iou_score: 0.9194 - loss: 0.2496 - precision: 0.9357 - recall: 0.9814
[1m 62/125[0m [32m━━━━━━━━━[0m[37m━━━━━━━━━━━[0m [1m7:44[0m 7s/step - accuracy: 0.9294 - dice_coeff: 0.9368 - iou_score: 0.9194 - loss: 0.2496 - precision: 0.9357 - recall: 0.9814
[1m 63/125[0m [32m━━━━━━━━━━[0m[37m━━━━━━━━━━[0m [1m7:37[0m 7s/step - accuracy: 0.9294 - dice_coeff: 0.9368 - iou_score: 0.9194 - loss: 0.2496 - precision: 0.9357 - recall: 0.9814
[1m 64/125[0m [32m━━━━━━━━━━[0m[37m━━━━━━━━━━[0m [1m7:29[0m 7s/step - accuracy: 0.9294 - dice_coeff: 0.9368 - iou_score: 0.9194 - loss: 0.2496 - precision: 0.9357 - recall: 0.9814
[1m 65/125[0m [32m━━━━━━━━━━[0m[37m━━━━━━━━━━[0m [1m7:22[0m 7s/step - accuracy: 0.9294 - dice_coeff: 0.9368 - iou_score: 0.9194 - loss: 0.2496 - precision: 0.9357 - recall: 0.9814
[1m 66/125[0m [32m━━━━━━━━━━[0m[37m━━━━━━━━━━[0m [1m7:15[0m 7s/step - accuracy: 0.9294 - dice_coeff: 0.9368 - iou_score: 0.9194 - loss: 0.2496 - precision: 0.9358 - recall: 0.9814
[1m 67/125[0m [32m━━━━━━━━━━[0m[37m━━━━━━━━━━[0m [1m7:07[0m 7s/step - accuracy: 0.9294 - dice_coeff: 0.9368 - iou_score: 0.9193 - loss: 0.2496 - precision: 0.9358 - recall: 0.9813
[1m 68/125[0m [32m━━━━━━━━━━[0m[37m━━━━━━━━━━[0m [1m7:00[0m 7s/step - accuracy: 0.9294 - dice_coeff: 0.9368 - iou_score: 0.9193 - loss: 0.2496 - precision: 0.9358 - recall: 0.9813
[1m 69/125[0m [32m━━━━━━━━━━━[0m[37m━━━━━━━━━[0m [1m6:52[0m 7s/step - accuracy: 0.9294 - dice_coeff: 0.9368 - iou_score: 0.9193 - loss: 0.2497 - precision: 0.9358 - recall: 0.9813
[1m 70/125[0m [32m━━━━━━━━━━━[0m[37m━━━━━━━━━[0m [1m6:45[0m 7s/step - accuracy: 0.9293 - dice_coeff: 0.9368 - iou_score: 0.9193 - loss: 0.2497 - precision: 0.9357 - recall: 0.9813
[1m 71/125[0m [32m━━━━━━━━━━━[0m[37m━━━━━━━━━[0m [1m6:38[0m 7s/step - accuracy: 0.9293 - dice_coeff: 0.9368 - iou_score: 0.9193 - loss: 0.2497 - precision: 0.9357 - recall: 0.9813
[1m 72/125[0m [32m━━━━━━━━━━━[0m[37m━━━━━━━━━[0m [1m6:30[0m 7s/step - accuracy: 0.9293 - dice_coeff: 0.9368 - iou_score: 0.9193 - loss: 0.2498 - precision: 0.9357 - recall: 0.9813
[1m 73/125[0m [32m━━━━━━━━━━━[0m[37m━━━━━━━━━[0m [1m6:23[0m 7s/step - accuracy: 0.9293 - dice_coeff: 0.9368 - iou_score: 0.9193 - loss: 0.2498 - precision: 0.9357 - recall: 0.9813
[1m 74/125[0m [32m━━━━━━━━━━━[0m[37m━━━━━━━━━[0m [1m6:15[0m 7s/step - accuracy: 0.9293 - dice_coeff: 0.9368 - iou_score: 0.9193 - loss: 0.2498 - precision: 0.9357 - recall: 0.9813
[1m 75/125[0m [32m━━━━━━━━━━━━[0m[37m━━━━━━━━[0m [1m6:08[0m 7s/step - accuracy: 0.9293 - dice_coeff: 0.9368 - iou_score: 0.9193 - loss: 0.2498 - precision: 0.9357 - recall: 0.9813
[1m 76/125[0m [32m━━━━━━━━━━━━[0m[37m━━━━━━━━[0m [1m6:01[0m 7s/step - accuracy: 0.9293 - dice_coeff: 0.9368 - iou_score: 0.9193 - loss: 0.2499 - precision: 0.9357 - recall: 0.9813
[1m 77/125[0m [32m━━━━━━━━━━━━[0m[37m━━━━━━━━[0m [1m5:53[0m 7s/step - accuracy: 0.9293 - dice_coeff: 0.9368 - iou_score: 0.9193 - loss: 0.2499 - precision: 0.9357 - recall: 0.9813
[1m 78/125[0m [32m━━━━━━━━━━━━[0m[37m━━━━━━━━[0m [1m5:46[0m 7s/step - accuracy: 0.9293 - dice_coeff: 0.9368 - iou_score: 0.9192 - loss: 0.2499 - precision: 0.9357 - recall: 0.9813
[1m 79/125[0m [32m━━━━━━━━━━━━[0m[37m━━━━━━━━[0m [1m5:38[0m 7s/step - accuracy: 0.9293 - dice_coeff: 0.9367 - iou_score: 0.9192 - loss: 0.2499 - precision: 0.9357 - recall: 0.9813
[1m 80/125[0m [32m━━━━━━━━━━━━[0m[37m━━━━━━━━[0m [1m5:31[0m 7s/step - accuracy: 0.9293 - dice_coeff: 0.9367 - iou_score: 0.9192 - loss: 0.2500 - precision: 0.9357 - recall: 0.9813
[1m 81/125[0m [32m━━━━━━━━━━━━[0m[37m━━━━━━━━[0m [1m5:23[0m 7s/step - accuracy: 0.9293 - dice_coeff: 0.9367 - iou_score: 0.9192 - loss: 0.2500 - precision: 0.9357 - recall: 0.9813
[1m 82/125[0m [32m━━━━━━━━━━━━━[0m[37m━━━━━━━[0m [1m5:16[0m 7s/step - accuracy: 0.9292 - dice_coeff: 0.9367 - iou_score: 0.9192 - loss: 0.2500 - precision: 0.9357 - recall: 0.9812
[1m 83/125[0m [32m━━━━━━━━━━━━━[0m[37m━━━━━━━[0m [1m5:09[0m 7s/step - accuracy: 0.9292 - dice_coeff: 0.9367 - iou_score: 0.9192 - loss: 0.2501 - precision: 0.9357 - recall: 0.9812
[1m 84/125[0m [32m━━━━━━━━━━━━━[0m[37m━━━━━━━[0m [1m5:01[0m 7s/step - accuracy: 0.9292 - dice_coeff: 0.9367 - iou_score: 0.9192 - loss: 0.2501 - precision: 0.9357 - recall: 0.9812
[1m 85/125[0m [32m━━━━━━━━━━━━━[0m[37m━━━━━━━[0m [1m4:54[0m 7s/step - accuracy: 0.9292 - dice_coeff: 0.9367 - iou_score: 0.9192 - loss: 0.2501 - precision: 0.9357 - recall: 0.9812
[1m 86/125[0m [32m━━━━━━━━━━━━━[0m[37m━━━━━━━[0m [1m4:46[0m 7s/step - accuracy: 0.9292 - dice_coeff: 0.9367 - iou_score: 0.9192 - loss: 0.2502 - precision: 0.9357 - recall: 0.9812
[1m 87/125[0m [32m━━━━━━━━━━━━━[0m[37m━━━━━━━[0m [1m4:39[0m 7s/step - accuracy: 0.9292 - dice_coeff: 0.9367 - iou_score: 0.9191 - loss: 0.2502 - precision: 0.9357 - recall: 0.9812
[1m 88/125[0m [32m━━━━━━━━━━━━━━[0m[37m━━━━━━[0m [1m4:31[0m 7s/step - accuracy: 0.9292 - dice_coeff: 0.9367 - iou_score: 0.9191 - loss: 0.2503 - precision: 0.9357 - recall: 0.9812
[1m 89/125[0m [32m━━━━━━━━━━━━━━[0m[37m━━━━━━[0m [1m4:24[0m 7s/step - accuracy: 0.9292 - dice_coeff: 0.9367 - iou_score: 0.9191 - loss: 0.2503 - precision: 0.9357 - recall: 0.9812
[1m 90/125[0m [32m━━━━━━━━━━━━━━[0m[37m━━━━━━[0m [1m4:17[0m 7s/step - accuracy: 0.9291 - dice_coeff: 0.9366 - iou_score: 0.9191 - loss: 0.2503 - precision: 0.9356 - recall: 0.9812
[1m 91/125[0m [32m━━━━━━━━━━━━━━[0m[37m━━━━━━[0m [1m4:09[0m 7s/step - accuracy: 0.9291 - dice_coeff: 0.9366 - iou_score: 0.9191 - loss: 0.2504 - precision: 0.9356 - recall: 0.9812
[1m 92/125[0m [32m━━━━━━━━━━━━━━[0m[37m━━━━━━[0m [1m4:02[0m 7s/step - accuracy: 0.9291 - dice_coeff: 0.9366 - iou_score: 0.9191 - loss: 0.2504 - precision: 0.9356 - recall: 0.9812
[1m 93/125[0m [32m━━━━━━━━━━━━━━[0m[37m━━━━━━[0m [1m3:54[0m 7s/step - accuracy: 0.9291 - dice_coeff: 0.9366 - iou_score: 0.9191 - loss: 0.2504 - precision: 0.9356 - recall: 0.9812
[1m 94/125[0m [32m━━━━━━━━━━━━━━━[0m[37m━━━━━[0m [1m3:47[0m 7s/step - accuracy: 0.9291 - dice_coeff: 0.9366 - iou_score: 0.9191 - loss: 0.2505 - precision: 0.9356 - recall: 0.9812
[1m 95/125[0m [32m━━━━━━━━━━━━━━━[0m[37m━━━━━[0m [1m3:40[0m 7s/step - accuracy: 0.9291 - dice_coeff: 0.9366 - iou_score: 0.9190 - loss: 0.2505 - precision: 0.9356 - recall: 0.9812
[1m 96/125[0m [32m━━━━━━━━━━━━━━━[0m[37m━━━━━[0m [1m3:32[0m 7s/step - accuracy: 0.9291 - dice_coeff: 0.9366 - iou_score: 0.9190 - loss: 0.2505 - precision: 0.9356 - recall: 0.9811
[1m 97/125[0m [32m━━━━━━━━━━━━━━━[0m[37m━━━━━[0m [1m3:25[0m 7s/step - accuracy: 0.9291 - dice_coeff: 0.9366 - iou_score: 0.9190 - loss: 0.2506 - precision: 0.9356 - recall: 0.9811
[1m 98/125[0m [32m━━━━━━━━━━━━━━━[0m[37m━━━━━[0m [1m3:18[0m 7s/step - accuracy: 0.9291 - dice_coeff: 0.9366 - iou_score: 0.9190 - loss: 0.2506 - precision: 0.9356 - recall: 0.9811
[1m 99/125[0m [32m━━━━━━━━━━━━━━━[0m[37m━━━━━[0m [1m3:10[0m 7s/step - accuracy: 0.9291 - dice_coeff: 0.9366 - iou_score: 0.9190 - loss: 0.2506 - precision: 0.9356 - recall: 0.9811
[1m100/125[0m [32m━━━━━━━━━━━━━━━━[0m[37m━━━━[0m [1m3:03[0m 7s/step - accuracy: 0.9291 - dice_coeff: 0.9366 - iou_score: 0.9190 - loss: 0.2506 - precision: 0.9356 - recall: 0.9811
[1m101/125[0m [32m━━━━━━━━━━━━━━━━[0m[37m━━━━[0m [1m2:55[0m 7s/step - accuracy: 0.9291 - dice_coeff: 0.9366 - iou_score: 0.9190 - loss: 0.2506 - precision: 0.9356 - recall: 0.9811
[1m102/125[0m [32m━━━━━━━━━━━━━━━━[0m[37m━━━━[0m [1m2:48[0m 7s/step - accuracy: 0.9291 - dice_coeff: 0.9366 - iou_score: 0.9190 - loss: 0.2506 - precision: 0.9356 - recall: 0.9811
[1m103/125[0m [32m━━━━━━━━━━━━━━━━[0m[37m━━━━[0m [1m2:41[0m 7s/step - accuracy: 0.9290 - dice_coeff: 0.9366 - iou_score: 0.9190 - loss: 0.2507 - precision: 0.9356 - recall: 0.9811
[1m104/125[0m [32m━━━━━━━━━━━━━━━━[0m[37m━━━━[0m [1m2:33[0m 7s/step - accuracy: 0.9290 - dice_coeff: 0.9365 - iou_score: 0.9190 - loss: 0.2507 - precision: 0.9356 - recall: 0.9811
[1m105/125[0m [32m━━━━━━━━━━━━━━━━[0m[37m━━━━[0m [1m2:26[0m 7s/step - accuracy: 0.9290 - dice_coeff: 0.9365 - iou_score: 0.9190 - loss: 0.2507 - precision: 0.9356 - recall: 0.9811
[1m106/125[0m [32m━━━━━━━━━━━━━━━━[0m[37m━━━━[0m [1m2:19[0m 7s/step - accuracy: 0.9290 - dice_coeff: 0.9365 - iou_score: 0.9190 - loss: 0.2507 - precision: 0.9356 - recall: 0.9811
[1m107/125[0m [32m━━━━━━━━━━━━━━━━━[0m[37m━━━[0m [1m2:11[0m 7s/step - accuracy: 0.9290 - dice_coeff: 0.9365 - iou_score: 0.9189 - loss: 0.2508 - precision: 0.9356 - recall: 0.9811
[1m108/125[0m [32m━━━━━━━━━━━━━━━━━[0m[37m━━━[0m [1m2:04[0m 7s/step - accuracy: 0.9290 - dice_coeff: 0.9365 - iou_score: 0.9189 - loss: 0.2508 - precision: 0.9356 - recall: 0.9811
[1m109/125[0m [32m━━━━━━━━━━━━━━━━━[0m[37m━━━[0m [1m1:57[0m 7s/step - accuracy: 0.9290 - dice_coeff: 0.9365 - iou_score: 0.9189 - loss: 0.2508 - precision: 0.9356 - recall: 0.9811
[1m110/125[0m [32m━━━━━━━━━━━━━━━━━[0m[37m━━━[0m [1m1:49[0m 7s/step - accuracy: 0.9290 - dice_coeff: 0.9365 - iou_score: 0.9189 - loss: 0.2508 - precision: 0.9356 - recall: 0.9811
[1m111/125[0m [32m━━━━━━━━━━━━━━━━━[0m[37m━━━[0m [1m1:42[0m 7s/step - accuracy: 0.9290 - dice_coeff: 0.9365 - iou_score: 0.9189 - loss: 0.2509 - precision: 0.9356 - recall: 0.9811
[1m112/125[0m [32m━━━━━━━━━━━━━━━━━[0m[37m━━━[0m [1m1:35[0m 7s/step - accuracy: 0.9290 - dice_coeff: 0.9365 - iou_score: 0.9189 - loss: 0.2509 - precision: 0.9355 - recall: 0.9811
[1m113/125[0m [32m━━━━━━━━━━━━━━━━━━[0m[37m━━[0m [1m1:27[0m 7s/step - accuracy: 0.9290 - dice_coeff: 0.9365 - iou_score: 0.9189 - loss: 0.2509 - precision: 0.9355 - recall: 0.9810
[1m114/125[0m [32m━━━━━━━━━━━━━━━━━━[0m[37m━━[0m [1m1:20[0m 7s/step - accuracy: 0.9290 - dice_coeff: 0.9365 - iou_score: 0.9189 - loss: 0.2510 - precision: 0.9355 - recall: 0.9810
[1m115/125[0m [32m━━━━━━━━━━━━━━━━━━[0m[37m━━[0m [1m1:13[0m 7s/step - accuracy: 0.9289 - dice_coeff: 0.9365 - iou_score: 0.9189 - loss: 0.2510 - precision: 0.9355 - recall: 0.9810
[1m116/125[0m [32m━━━━━━━━━━━━━━━━━━[0m[37m━━[0m [1m1:05[0m 7s/step - accuracy: 0.9289 - dice_coeff: 0.9365 - iou_score: 0.9189 - loss: 0.2510 - precision: 0.9355 - recall: 0.9810
[1m117/125[0m [32m━━━━━━━━━━━━━━━━━━[0m[37m━━[0m [1m58s[0m 7s/step - accuracy: 0.9289 - dice_coeff: 0.9365 - iou_score: 0.9188 - loss: 0.2510 - precision: 0.9355 - recall: 0.9810 
[1m118/125[0m [32m━━━━━━━━━━━━━━━━━━[0m[37m━━[0m [1m51s[0m 7s/step - accuracy: 0.9289 - dice_coeff: 0.9364 - iou_score: 0.9188 - loss: 0.2511 - precision: 0.9355 - recall: 0.9810
[1m119/125[0m [32m━━━━━━━━━━━━━━━━━━━[0m[37m━[0m [1m43s[0m 7s/step - accuracy: 0.9289 - dice_coeff: 0.9364 - iou_score: 0.9188 - loss: 0.2511 - precision: 0.9355 - recall: 0.9810
[1m120/125[0m [32m━━━━━━━━━━━━━━━━━━━[0m[37m━[0m [1m36s[0m 7s/step - accuracy: 0.9289 - dice_coeff: 0.9364 - iou_score: 0.9188 - loss: 0.2511 - precision: 0.9355 - recall: 0.9810
[1m121/125[0m [32m━━━━━━━━━━━━━━━━━━━[0m[37m━[0m [1m29s[0m 7s/step - accuracy: 0.9289 - dice_coeff: 0.9364 - iou_score: 0.9188 - loss: 0.2511 - precision: 0.9355 - recall: 0.9810
[1m122/125[0m [32m━━━━━━━━━━━━━━━━━━━[0m[37m━[0m [1m21s[0m 7s/step - accuracy: 0.9289 - dice_coeff: 0.9364 - iou_score: 0.9188 - loss: 0.2512 - precision: 0.9355 - recall: 0.9810
[1m123/125[0m [32m━━━━━━━━━━━━━━━━━━━[0m[37m━[0m [1m14s[0m 7s/step - accuracy: 0.9289 - dice_coeff: 0.9364 - iou_score: 0.9188 - loss: 0.2512 - precision: 0.9355 - recall: 0.9810
[1m124/125[0m [32m━━━━━━━━━━━━━━━━━━━[0m[37m━[0m [1m7s[0m 7s/step - accuracy: 0.9289 - dice_coeff: 0.9364 - iou_score: 0.9188 - loss: 0.2512 - precision: 0.9355 - recall: 0.9810 
[1m125/125[0m [32m━━━━━━━━━━━━━━━━━━━━[0m[37m[0m [1m0s[0m 7s/step - accuracy: 0.9289 - dice_coeff: 0.9364 - iou_score: 0.9188 - loss: 0.2512 - precision: 0.9355 - recall: 0.9810
Epoch 18: val_dice_coeff improved from 0.92193 to 0.92348, saving model to d:\labdatanew@aniket\unet++\models\best_model.keras

Epoch 18: finished saving model to d:\labdatanew@aniket\unet++\models\best_model.keras

[1m125/125[0m [32m━━━━━━━━━━━━━━━━━━━━[0m[37m[0m [1m982s[0m 8s/step - accuracy: 0.9281 - dice_coeff: 0.9358 - iou_score: 0.9179 - loss: 0.2537 - precision: 0.9351 - recall: 0.9804 - val_accuracy: 0.9130 - val_dice_coeff: 0.9235 - val_iou_score: 0.8989 - val_loss: 0.3296 - val_precision: 0.9208 - val_recall: 0.9742 - learning_rate: 5.0000e-05
Epoch 19/100

[1m  1/125[0m [37m━━━━━━━━━━━━━━━━━━━━[0m [1m14:33[0m 7s/step - accuracy: 0.9290 - dice_coeff: 0.9373 - iou_score: 0.9196 - loss: 0.2505 - precision: 0.9368 - recall: 0.9804
[1m  2/125[0m [37m━━━━━━━━━━━━━━━━━━━━[0m [1m14:31[0m 7s/step - accuracy: 0.9325 - dice_coeff: 0.9397 - iou_score: 0.9235 - loss: 0.2394 - precision: 0.9396 - recall: 0.9818
[1m  3/125[0m [37m━━━━━━━━━━━━━━━━━━━━[0m [1m14:25[0m 7s/step - accuracy: 0.9302 - dice_coeff: 0.9383 - iou_score: 0.9209 - loss: 0.2468 - precision: 0.9363 - recall: 0.9824
[1m  4/125[0m [37m━━━━━━━━━━━━━━━━━━━━[0m [1m14:22[0m 7s/step - accuracy: 0.9293 - dice_coeff: 0.9377 - iou_score: 0.9198 - loss: 0.2497 - precision: 0.9351 - recall: 0.9826
[1m  5/125[0m [37m━━━━━━━━━━━━━━━━━━━━[0m [1m14:14[0m 7s/step - accuracy: 0.9287 - dice_coeff: 0.9373 - iou_score: 0.9191 - loss: 0.2514 - precision: 0.9341 - recall: 0.9828
[1m  6/125[0m [37m━━━━━━━━━━━━━━━━━━━━[0m [1m14:06[0m 7s/step - accuracy: 0.9286 - dice_coeff: 0.9372 - iou_score: 0.9189 - loss: 0.2516 - precision: 0.9339 - recall: 0.9828
[1m  7/125[0m [32m━[0m[37m━━━━━━━━━━━━━━━━━━━[0m [1m13:58[0m 7s/step - accuracy: 0.9287 - dice_coeff: 0.9371 - iou_score: 0.9189 - loss: 0.2516 - precision: 0.9340 - recall: 0.9827
[1m  8/125[0m [32m━[0m[37m━━━━━━━━━━━━━━━━━━━[0m [1m13:51[0m 7s/step - accuracy: 0.9286 - dice_coeff: 0.9370 - iou_score: 0.9188 - loss: 0.2518 - precision: 0.9340 - recall: 0.9826
[1m  9/125[0m [32m━[0m[37m━━━━━━━━━━━━━━━━━━━[0m [1m13:45[0m 7s/step - accuracy: 0.9286 - dice_coeff: 0.9370 - iou_score: 0.9188 - loss: 0.2518 - precision: 0.9341 - recall: 0.9825
[1m 10/125[0m [32m━[0m[37m━━━━━━━━━━━━━━━━━━━[0m [1m13:38[0m 7s/step - accuracy: 0.9286 - dice_coeff: 0.9369 - iou_score: 0.9187 - loss: 0.2519 - precision: 0.9341 - recall: 0.9824
[1m 11/125[0m [32m━[0m[37m━━━━━━━━━━━━━━━━━━━[0m [1m13:31[0m 7s/step - accuracy: 0.9285 - dice_coeff: 0.9368 - iou_score: 0.9186 - loss: 0.2520 - precision: 0.9341 - recall: 0.9823
[1m 12/125[0m [32m━[0m[37m━━━━━━━━━━━━━━━━━━━[0m [1m13:25[0m 7s/step - accuracy: 0.9284 - dice_coeff: 0.9366 - iou_score: 0.9185 - loss: 0.2523 - precision: 0.9341 - recall: 0.9821
[1m 13/125[0m [32m━━[0m[37m━━━━━━━━━━━━━━━━━━[0m [1m13:18[0m 7s/step - accuracy: 0.9285 - dice_coeff: 0.9366 - iou_score: 0.9185 - loss: 0.2523 - precision: 0.9343 - recall: 0.9819
[1m 14/125[0m [32m━━[0m[37m━━━━━━━━━━━━━━━━━━[0m [1m13:11[0m 7s/step - accuracy: 0.9285 - dice_coeff: 0.9366 - iou_score: 0.9185 - loss: 0.2520 - precision: 0.9345 - recall: 0.9818
[1m 15/125[0m [32m━━[0m[37m━━━━━━━━━━━━━━━━━━[0m [1m13:04[0m 7s/step - accuracy: 0.9286 - dice_coeff: 0.9366 - iou_score: 0.9186 - loss: 0.2518 - precision: 0.9347 - recall: 0.9816
[1m 16/125[0m [32m━━[0m[37m━━━━━━━━━━━━━━━━━━[0m [1m12:56[0m 7s/step - accuracy: 0.9286 - dice_coeff: 0.9366 - iou_score: 0.9186 - loss: 0.2517 - precision: 0.9348 - recall: 0.9815
[1m 17/125[0m [32m━━[0m[37m━━━━━━━━━━━━━━━━━━[0m [1m12:49[0m 7s/step - accuracy: 0.9287 - dice_coeff: 0.9365 - iou_score: 0.9186 - loss: 0.2517 - precision: 0.9349 - recall: 0.9814
[1m 18/125[0m [32m━━[0m[37m━━━━━━━━━━━━━━━━━━[0m [1m12:42[0m 7s/step - accuracy: 0.9287 - dice_coeff: 0.9365 - iou_score: 0.9186 - loss: 0.2516 - precision: 0.9350 - recall: 0.9813
[1m 19/125[0m [32m━━━[0m[37m━━━━━━━━━━━━━━━━━[0m [1m12:35[0m 7s/step - accuracy: 0.9287 - dice_coeff: 0.9365 - iou_score: 0.9186 - loss: 0.2515 - precision: 0.9351 - recall: 0.9812
[1m 20/125[0m [32m━━━[0m[37m━━━━━━━━━━━━━━━━━[0m [1m12:28[0m 7s/step - accuracy: 0.9287 - dice_coeff: 0.9365 - iou_score: 0.9186 - loss: 0.2514 - precision: 0.9352 - recall: 0.9812
[1m 21/125[0m [32m━━━[0m[37m━━━━━━━━━━━━━━━━━[0m [1m12:21[0m 7s/step - accuracy: 0.9288 - dice_coeff: 0.9365 - iou_score: 0.9186 - loss: 0.2513 - precision: 0.9352 - recall: 0.9811
[1m 22/125[0m [32m━━━[0m[37m━━━━━━━━━━━━━━━━━[0m [1m12:15[0m 7s/step - accuracy: 0.9288 - dice_coeff: 0.9366 - iou_score: 0.9187 - loss: 0.2512 - precision: 0.9353 - recall: 0.9811
[1m 23/125[0m [32m━━━[0m[37m━━━━━━━━━━━━━━━━━[0m [1m12:07[0m 7s/step - accuracy: 0.9288 - dice_coeff: 0.9366 - iou_score: 0.9187 - loss: 0.2511 - precision: 0.9353 - recall: 0.9811
[1m 24/125[0m [32m━━━[0m[37m━━━━━━━━━━━━━━━━━[0m [1m12:00[0m 7s/step - accuracy: 0.9288 - dice_coeff: 0.9366 - iou_score: 0.9187 - loss: 0.2509 - precision: 0.9354 - recall: 0.9810
[1m 25/125[0m [32m━━━━[0m[37m━━━━━━━━━━━━━━━━[0m [1m11:52[0m 7s/step - accuracy: 0.9289 - dice_coeff: 0.9366 - iou_score: 0.9187 - loss: 0.2508 - precision: 0.9354 - recall: 0.9810
[1m 26/125[0m [32m━━━━[0m[37m━━━━━━━━━━━━━━━━[0m [1m11:45[0m 7s/step - accuracy: 0.9289 - dice_coeff: 0.9366 - iou_score: 0.9188 - loss: 0.2507 - precision: 0.9355 - recall: 0.9810
[1m 27/125[0m [32m━━━━[0m[37m━━━━━━━━━━━━━━━━[0m [1m11:38[0m 7s/step - accuracy: 0.9289 - dice_coeff: 0.9366 - iou_score: 0.9188 - loss: 0.2506 - precision: 0.9355 - recall: 0.9810
[1m 28/125[0m [32m━━━━[0m[37m━━━━━━━━━━━━━━━━[0m [1m11:31[0m 7s/step - accuracy: 0.9290 - dice_coeff: 0.9367 - iou_score: 0.9188 - loss: 0.2505 - precision: 0.9355 - recall: 0.9809
[1m 29/125[0m [32m━━━━[0m[37m━━━━━━━━━━━━━━━━[0m [1m11:24[0m 7s/step - accuracy: 0.9290 - dice_coeff: 0.9367 - iou_score: 0.9189 - loss: 0.2504 - precision: 0.9356 - recall: 0.9809
[1m 30/125[0m [32m━━━━[0m[37m━━━━━━━━━━━━━━━━[0m [1m11:17[0m 7s/step - accuracy: 0.9290 - dice_coeff: 0.9367 - iou_score: 0.9189 - loss: 0.2503 - precision: 0.9356 - recall: 0.9809
[1m 31/125[0m [32m━━━━[0m[37m━━━━━━━━━━━━━━━━[0m [1m11:10[0m 7s/step - accuracy: 0.9290 - dice_coeff: 0.9367 - iou_score: 0.9189 - loss: 0.2502 - precision: 0.9357 - recall: 0.9809
[1m 32/125[0m [32m━━━━━[0m[37m━━━━━━━━━━━━━━━[0m [1m11:02[0m 7s/step - accuracy: 0.9291 - dice_coeff: 0.9367 - iou_score: 0.9189 - loss: 0.2501 - precision: 0.9357 - recall: 0.9809
[1m 33/125[0m [32m━━━━━[0m[37m━━━━━━━━━━━━━━━[0m [1m10:55[0m 7s/step - accuracy: 0.9291 - dice_coeff: 0.9367 - iou_score: 0.9190 - loss: 0.2501 - precision: 0.9357 - recall: 0.9809
[1m 34/125[0m [32m━━━━━[0m[37m━━━━━━━━━━━━━━━[0m [1m10:48[0m 7s/step - accuracy: 0.9291 - dice_coeff: 0.9368 - iou_score: 0.9190 - loss: 0.2500 - precision: 0.9358 - recall: 0.9809
[1m 35/125[0m [32m━━━━━[0m[37m━━━━━━━━━━━━━━━[0m [1m10:41[0m 7s/step - accuracy: 0.9291 - dice_coeff: 0.9368 - iou_score: 0.9190 - loss: 0.2499 - precision: 0.9358 - recall: 0.9809
[1m 36/125[0m [32m━━━━━[0m[37m━━━━━━━━━━━━━━━[0m [1m10:33[0m 7s/step - accuracy: 0.9291 - dice_coeff: 0.9368 - iou_score: 0.9190 - loss: 0.2499 - precision: 0.9358 - recall: 0.9809
[1m 37/125[0m [32m━━━━━[0m[37m━━━━━━━━━━━━━━━[0m [1m10:26[0m 7s/step - accuracy: 0.9291 - dice_coeff: 0.9368 - iou_score: 0.9190 - loss: 0.2499 - precision: 0.9358 - recall: 0.9809
[1m 38/125[0m [32m━━━━━━[0m[37m━━━━━━━━━━━━━━[0m [1m10:19[0m 7s/step - accuracy: 0.9292 - dice_coeff: 0.9368 - iou_score: 0.9190 - loss: 0.2498 - precision: 0.9358 - recall: 0.9809
[1m 39/125[0m [32m━━━━━━[0m[37m━━━━━━━━━━━━━━[0m [1m10:12[0m 7s/step - accuracy: 0.9292 - dice_coeff: 0.9368 - iou_score: 0.9190 - loss: 0.2498 - precision: 0.9358 - recall: 0.9809
[1m 40/125[0m [32m━━━━━━[0m[37m━━━━━━━━━━━━━━[0m [1m10:05[0m 7s/step - accuracy: 0.9292 - dice_coeff: 0.9368 - iou_score: 0.9190 - loss: 0.2498 - precision: 0.9359 - recall: 0.9808
[1m 41/125[0m [32m━━━━━━[0m[37m━━━━━━━━━━━━━━[0m [1m9:57[0m 7s/step - accuracy: 0.9292 - dice_coeff: 0.9368 - iou_score: 0.9190 - loss: 0.2498 - precision: 0.9359 - recall: 0.9808 
[1m 42/125[0m [32m━━━━━━[0m[37m━━━━━━━━━━━━━━[0m [1m9:50[0m 7s/step - accuracy: 0.9292 - dice_coeff: 0.9368 - iou_score: 0.9190 - loss: 0.2499 - precision: 0.9359 - recall: 0.9808
[1m 43/125[0m [32m━━━━━━[0m[37m━━━━━━━━━━━━━━[0m [1m9:43[0m 7s/step - accuracy: 0.9292 - dice_coeff: 0.9368 - iou_score: 0.9190 - loss: 0.2499 - precision: 0.9359 - recall: 0.9808
[1m 44/125[0m [32m━━━━━━━[0m[37m━━━━━━━━━━━━━[0m [1m9:36[0m 7s/step - accuracy: 0.9292 - dice_coeff: 0.9368 - iou_score: 0.9190 - loss: 0.2499 - precision: 0.9359 - recall: 0.9808
[1m 45/125[0m [32m━━━━━━━[0m[37m━━━━━━━━━━━━━[0m [1m9:29[0m 7s/step - accuracy: 0.9291 - dice_coeff: 0.9368 - iou_score: 0.9190 - loss: 0.2499 - precision: 0.9359 - recall: 0.9808
[1m 46/125[0m [32m━━━━━━━[0m[37m━━━━━━━━━━━━━[0m [1m9:22[0m 7s/step - accuracy: 0.9291 - dice_coeff: 0.9368 - iou_score: 0.9190 - loss: 0.2500 - precision: 0.9359 - recall: 0.9808
[1m 47/125[0m [32m━━━━━━━[0m[37m━━━━━━━━━━━━━[0m [1m9:15[0m 7s/step - accuracy: 0.9291 - dice_coeff: 0.9367 - iou_score: 0.9190 - loss: 0.2500 - precision: 0.9359 - recall: 0.9808
[1m 48/125[0m [32m━━━━━━━[0m[37m━━━━━━━━━━━━━[0m [1m9:08[0m 7s/step - accuracy: 0.9291 - dice_coeff: 0.9367 - iou_score: 0.9190 - loss: 0.2501 - precision: 0.9358 - recall: 0.9808
[1m 49/125[0m [32m━━━━━━━[0m[37m━━━━━━━━━━━━━[0m [1m9:01[0m 7s/step - accuracy: 0.9291 - dice_coeff: 0.9367 - iou_score: 0.9189 - loss: 0.2501 - precision: 0.9358 - recall: 0.9808
[1m 50/125[0m [32m━━━━━━━━[0m[37m━━━━━━━━━━━━[0m [1m8:54[0m 7s/step - accuracy: 0.9291 - dice_coeff: 0.9367 - iou_score: 0.9189 - loss: 0.2501 - precision: 0.9358 - recall: 0.9808
[1m 51/125[0m [32m━━━━━━━━[0m[37m━━━━━━━━━━━━[0m [1m8:47[0m 7s/step - accuracy: 0.9291 - dice_coeff: 0.9367 - iou_score: 0.9189 - loss: 0.2502 - precision: 0.9358 - recall: 0.9808
[1m 52/125[0m [32m━━━━━━━━[0m[37m━━━━━━━━━━━━[0m [1m8:39[0m 7s/step - accuracy: 0.9291 - dice_coeff: 0.9367 - iou_score: 0.9189 - loss: 0.2502 - precision: 0.9358 - recall: 0.9807
[1m 53/125[0m [32m━━━━━━━━[0m[37m━━━━━━━━━━━━[0m [1m8:32[0m 7s/step - accuracy: 0.9291 - dice_coeff: 0.9367 - iou_score: 0.9189 - loss: 0.2502 - precision: 0.9358 - recall: 0.9807
[1m 54/125[0m [32m━━━━━━━━[0m[37m━━━━━━━━━━━━[0m [1m8:25[0m 7s/step - accuracy: 0.9291 - dice_coeff: 0.9367 - iou_score: 0.9189 - loss: 0.2502 - precision: 0.9358 - recall: 0.9807
[1m 55/125[0m [32m━━━━━━━━[0m[37m━━━━━━━━━━━━[0m [1m8:18[0m 7s/step - accuracy: 0.9290 - dice_coeff: 0.9367 - iou_score: 0.9189 - loss: 0.2503 - precision: 0.9358 - recall: 0.9807
[1m 56/125[0m [32m━━━━━━━━[0m[37m━━━━━━━━━━━━[0m [1m8:11[0m 7s/step - accuracy: 0.9290 - dice_coeff: 0.9367 - iou_score: 0.9189 - loss: 0.2503 - precision: 0.9358 - recall: 0.9807
[1m 57/125[0m [32m━━━━━━━━━[0m[37m━━━━━━━━━━━[0m [1m8:04[0m 7s/step - accuracy: 0.9290 - dice_coeff: 0.9367 - iou_score: 0.9189 - loss: 0.2503 - precision: 0.9358 - recall: 0.9807
[1m 58/125[0m [32m━━━━━━━━━[0m[37m━━━━━━━━━━━[0m [1m7:57[0m 7s/step - accuracy: 0.9290 - dice_coeff: 0.9366 - iou_score: 0.9189 - loss: 0.2504 - precision: 0.9358 - recall: 0.9807
[1m 59/125[0m [32m━━━━━━━━━[0m[37m━━━━━━━━━━━[0m [1m7:50[0m 7s/step - accuracy: 0.9290 - dice_coeff: 0.9366 - iou_score: 0.9189 - loss: 0.2504 - precision: 0.9358 - recall: 0.9807
[1m 60/125[0m [32m━━━━━━━━━[0m[37m━━━━━━━━━━━[0m [1m7:42[0m 7s/step - accuracy: 0.9290 - dice_coeff: 0.9366 - iou_score: 0.9189 - loss: 0.2504 - precision: 0.9358 - recall: 0.9807
[1m 61/125[0m [32m━━━━━━━━━[0m[37m━━━━━━━━━━━[0m [1m7:35[0m 7s/step - accuracy: 0.9290 - dice_coeff: 0.9366 - iou_score: 0.9188 - loss: 0.2504 - precision: 0.9358 - recall: 0.9807
[1m 62/125[0m [32m━━━━━━━━━[0m[37m━━━━━━━━━━━[0m [1m7:28[0m 7s/step - accuracy: 0.9290 - dice_coeff: 0.9366 - iou_score: 0.9188 - loss: 0.2504 - precision: 0.9358 - recall: 0.9807
[1m 63/125[0m [32m━━━━━━━━━━[0m[37m━━━━━━━━━━[0m [1m7:22[0m 7s/step - accuracy: 0.9290 - dice_coeff: 0.9366 - iou_score: 0.9188 - loss: 0.2504 - precision: 0.9358 - recall: 0.9807
[1m 64/125[0m [32m━━━━━━━━━━[0m[37m━━━━━━━━━━[0m [1m7:14[0m 7s/step - accuracy: 0.9290 - dice_coeff: 0.9366 - iou_score: 0.9188 - loss: 0.2505 - precision: 0.9358 - recall: 0.9807
[1m 65/125[0m [32m━━━━━━━━━━[0m[37m━━━━━━━━━━[0m [1m7:07[0m 7s/step - accuracy: 0.9290 - dice_coeff: 0.9366 - iou_score: 0.9188 - loss: 0.2505 - precision: 0.9358 - recall: 0.9807
[1m 66/125[0m [32m━━━━━━━━━━[0m[37m━━━━━━━━━━[0m [1m7:00[0m 7s/step - accuracy: 0.9290 - dice_coeff: 0.9366 - iou_score: 0.9188 - loss: 0.2505 - precision: 0.9358 - recall: 0.9807
[1m 67/125[0m [32m━━━━━━━━━━[0m[37m━━━━━━━━━━[0m [1m6:53[0m 7s/step - accuracy: 0.9290 - dice_coeff: 0.9366 - iou_score: 0.9188 - loss: 0.2505 - precision: 0.9358 - recall: 0.9807
[1m 68/125[0m [32m━━━━━━━━━━[0m[37m━━━━━━━━━━[0m [1m6:46[0m 7s/step - accuracy: 0.9290 - dice_coeff: 0.9366 - iou_score: 0.9188 - loss: 0.2505 - precision: 0.9358 - recall: 0.9807
[1m 69/125[0m [32m━━━━━━━━━━━[0m[37m━━━━━━━━━[0m [1m6:39[0m 7s/step - accuracy: 0.9290 - dice_coeff: 0.9366 - iou_score: 0.9188 - loss: 0.2505 - precision: 0.9358 - recall: 0.9807
[1m 70/125[0m [32m━━━━━━━━━━━[0m[37m━━━━━━━━━[0m [1m6:32[0m 7s/step - accuracy: 0.9290 - dice_coeff: 0.9366 - iou_score: 0.9188 - loss: 0.2506 - precision: 0.9358 - recall: 0.9806
[1m 71/125[0m [32m━━━━━━━━━━━[0m[37m━━━━━━━━━[0m [1m6:25[0m 7s/step - accuracy: 0.9289 - dice_coeff: 0.9366 - iou_score: 0.9188 - loss: 0.2506 - precision: 0.9358 - recall: 0.9806
[1m 72/125[0m [32m━━━━━━━━━━━[0m[37m━━━━━━━━━[0m [1m6:18[0m 7s/step - accuracy: 0.9289 - dice_coeff: 0.9366 - iou_score: 0.9188 - loss: 0.2506 - precision: 0.9358 - recall: 0.9806
[1m 73/125[0m [32m━━━━━━━━━━━[0m[37m━━━━━━━━━[0m [1m6:11[0m 7s/step - accuracy: 0.9289 - dice_coeff: 0.9366 - iou_score: 0.9188 - loss: 0.2506 - precision: 0.9358 - recall: 0.9806
[1m 74/125[0m [32m━━━━━━━━━━━[0m[37m━━━━━━━━━[0m [1m6:04[0m 7s/step - accuracy: 0.9289 - dice_coeff: 0.9366 - iou_score: 0.9188 - loss: 0.2507 - precision: 0.9358 - recall: 0.9806
[1m 75/125[0m [32m━━━━━━━━━━━━[0m[37m━━━━━━━━[0m [1m5:57[0m 7s/step - accuracy: 0.9289 - dice_coeff: 0.9366 - iou_score: 0.9187 - loss: 0.2507 - precision: 0.9358 - recall: 0.9806
[1m 76/125[0m [32m━━━━━━━━━━━━[0m[37m━━━━━━━━[0m [1m5:50[0m 7s/step - accuracy: 0.9289 - dice_coeff: 0.9366 - iou_score: 0.9187 - loss: 0.2507 - precision: 0.9358 - recall: 0.9806
[1m 77/125[0m [32m━━━━━━━━━━━━[0m[37m━━━━━━━━[0m [1m5:42[0m 7s/step - accuracy: 0.9289 - dice_coeff: 0.9366 - iou_score: 0.9187 - loss: 0.2507 - precision: 0.9358 - recall: 0.9806
[1m 78/125[0m [32m━━━━━━━━━━━━[0m[37m━━━━━━━━[0m [1m5:35[0m 7s/step - accuracy: 0.9289 - dice_coeff: 0.9366 - iou_score: 0.9187 - loss: 0.2507 - precision: 0.9357 - recall: 0.9806
[1m 79/125[0m [32m━━━━━━━━━━━━[0m[37m━━━━━━━━[0m [1m5:28[0m 7s/step - accuracy: 0.9289 - dice_coeff: 0.9366 - iou_score: 0.9187 - loss: 0.2507 - precision: 0.9357 - recall: 0.9806
[1m 80/125[0m [32m━━━━━━━━━━━━[0m[37m━━━━━━━━[0m [1m5:21[0m 7s/step - accuracy: 0.9289 - dice_coeff: 0.9366 - iou_score: 0.9187 - loss: 0.2508 - precision: 0.9357 - recall: 0.9806
[1m 81/125[0m [32m━━━━━━━━━━━━[0m[37m━━━━━━━━[0m [1m5:14[0m 7s/step - accuracy: 0.9289 - dice_coeff: 0.9366 - iou_score: 0.9187 - loss: 0.2508 - precision: 0.9357 - recall: 0.9806
[1m 82/125[0m [32m━━━━━━━━━━━━━[0m[37m━━━━━━━[0m [1m5:07[0m 7s/step - accuracy: 0.9289 - dice_coeff: 0.9366 - iou_score: 0.9187 - loss: 0.2508 - precision: 0.9357 - recall: 0.9806
[1m 83/125[0m [32m━━━━━━━━━━━━━[0m[37m━━━━━━━[0m [1m4:59[0m 7s/step - accuracy: 0.9289 - dice_coeff: 0.9366 - iou_score: 0.9187 - loss: 0.2508 - precision: 0.9357 - recall: 0.9806
[1m 84/125[0m [32m━━━━━━━━━━━━━[0m[37m━━━━━━━[0m [1m4:52[0m 7s/step - accuracy: 0.9289 - dice_coeff: 0.9365 - iou_score: 0.9187 - loss: 0.2508 - precision: 0.9357 - recall: 0.9806
[1m 85/125[0m [32m━━━━━━━━━━━━━[0m[37m━━━━━━━[0m [1m4:45[0m 7s/step - accuracy: 0.9289 - dice_coeff: 0.9365 - iou_score: 0.9187 - loss: 0.2508 - precision: 0.9357 - recall: 0.9806
[1m 86/125[0m [32m━━━━━━━━━━━━━[0m[37m━━━━━━━[0m [1m4:38[0m 7s/step - accuracy: 0.9289 - dice_coeff: 0.9365 - iou_score: 0.9187 - loss: 0.2508 - precision: 0.9357 - recall: 0.9806
[1m 87/125[0m [32m━━━━━━━━━━━━━[0m[37m━━━━━━━[0m [1m4:31[0m 7s/step - accuracy: 0.9289 - dice_coeff: 0.9365 - iou_score: 0.9187 - loss: 0.2509 - precision: 0.9357 - recall: 0.9806
[1m 88/125[0m [32m━━━━━━━━━━━━━━[0m[37m━━━━━━[0m [1m4:24[0m 7s/step - accuracy: 0.9288 - dice_coeff: 0.9365 - iou_score: 0.9187 - loss: 0.2509 - precision: 0.9357 - recall: 0.9806
[1m 89/125[0m [32m━━━━━━━━━━━━━━[0m[37m━━━━━━[0m [1m4:16[0m 7s/step - accuracy: 0.9288 - dice_coeff: 0.9365 - iou_score: 0.9187 - loss: 0.2509 - precision: 0.9357 - recall: 0.9806
[1m 90/125[0m [32m━━━━━━━━━━━━━━[0m[37m━━━━━━[0m [1m4:09[0m 7s/step - accuracy: 0.9288 - dice_coeff: 0.9365 - iou_score: 0.9187 - loss: 0.2509 - precision: 0.9357 - recall: 0.9806
[1m 91/125[0m [32m━━━━━━━━━━━━━━[0m[37m━━━━━━[0m [1m4:02[0m 7s/step - accuracy: 0.9288 - dice_coeff: 0.9365 - iou_score: 0.9187 - loss: 0.2509 - precision: 0.9357 - recall: 0.9806
[1m 92/125[0m [32m━━━━━━━━━━━━━━[0m[37m━━━━━━[0m [1m3:55[0m 7s/step - accuracy: 0.9288 - dice_coeff: 0.9365 - iou_score: 0.9187 - loss: 0.2509 - precision: 0.9357 - recall: 0.9806
[1m 93/125[0m [32m━━━━━━━━━━━━━━[0m[37m━━━━━━[0m [1m3:48[0m 7s/step - accuracy: 0.9288 - dice_coeff: 0.9365 - iou_score: 0.9187 - loss: 0.2509 - precision: 0.9357 - recall: 0.9806
[1m 94/125[0m [32m━━━━━━━━━━━━━━━[0m[37m━━━━━[0m [1m3:41[0m 7s/step - accuracy: 0.9288 - dice_coeff: 0.9365 - iou_score: 0.9187 - loss: 0.2509 - precision: 0.9357 - recall: 0.9806
[1m 95/125[0m [32m━━━━━━━━━━━━━━━[0m[37m━━━━━[0m [1m3:33[0m 7s/step - accuracy: 0.9288 - dice_coeff: 0.9365 - iou_score: 0.9186 - loss: 0.2510 - precision: 0.9357 - recall: 0.9805
[1m 96/125[0m [32m━━━━━━━━━━━━━━━[0m[37m━━━━━[0m [1m3:26[0m 7s/step - accuracy: 0.9288 - dice_coeff: 0.9365 - iou_score: 0.9186 - loss: 0.2510 - precision: 0.9357 - recall: 0.9805
[1m 97/125[0m [32m━━━━━━━━━━━━━━━[0m[37m━━━━━[0m [1m3:19[0m 7s/step - accuracy: 0.9288 - dice_coeff: 0.9365 - iou_score: 0.9186 - loss: 0.2510 - precision: 0.9357 - recall: 0.9805
[1m 98/125[0m [32m━━━━━━━━━━━━━━━[0m[37m━━━━━[0m [1m3:12[0m 7s/step - accuracy: 0.9288 - dice_coeff: 0.9365 - iou_score: 0.9186 - loss: 0.2510 - precision: 0.9357 - recall: 0.9805
[1m 99/125[0m [32m━━━━━━━━━━━━━━━[0m[37m━━━━━[0m [1m3:05[0m 7s/step - accuracy: 0.9288 - dice_coeff: 0.9365 - iou_score: 0.9186 - loss: 0.2510 - precision: 0.9357 - recall: 0.9805
[1m100/125[0m [32m━━━━━━━━━━━━━━━━[0m[37m━━━━[0m [1m2:58[0m 7s/step - accuracy: 0.9288 - dice_coeff: 0.9365 - iou_score: 0.9186 - loss: 0.2510 - precision: 0.9357 - recall: 0.9805
[1m101/125[0m [32m━━━━━━━━━━━━━━━━[0m[37m━━━━[0m [1m2:51[0m 7s/step - accuracy: 0.9288 - dice_coeff: 0.9365 - iou_score: 0.9186 - loss: 0.2510 - precision: 0.9357 - recall: 0.9805
[1m102/125[0m [32m━━━━━━━━━━━━━━━━[0m[37m━━━━[0m [1m2:43[0m 7s/step - accuracy: 0.9288 - dice_coeff: 0.9365 - iou_score: 0.9186 - loss: 0.2510 - precision: 0.9357 - recall: 0.9805
[1m103/125[0m [32m━━━━━━━━━━━━━━━━[0m[37m━━━━[0m [1m2:36[0m 7s/step - accuracy: 0.9288 - dice_coeff: 0.9365 - iou_score: 0.9186 - loss: 0.2510 - precision: 0.9357 - recall: 0.9805
[1m104/125[0m [32m━━━━━━━━━━━━━━━━[0m[37m━━━━[0m [1m2:29[0m 7s/step - accuracy: 0.9288 - dice_coeff: 0.9365 - iou_score: 0.9186 - loss: 0.2510 - precision: 0.9357 - recall: 0.9805
[1m105/125[0m [32m━━━━━━━━━━━━━━━━[0m[37m━━━━[0m [1m2:22[0m 7s/step - accuracy: 0.9288 - dice_coeff: 0.9365 - iou_score: 0.9186 - loss: 0.2510 - precision: 0.9357 - recall: 0.9805
[1m106/125[0m [32m━━━━━━━━━━━━━━━━[0m[37m━━━━[0m [1m2:15[0m 7s/step - accuracy: 0.9288 - dice_coeff: 0.9365 - iou_score: 0.9186 - loss: 0.2510 - precision: 0.9357 - recall: 0.9805
[1m107/125[0m [32m━━━━━━━━━━━━━━━━━[0m[37m━━━[0m [1m2:08[0m 7s/step - accuracy: 0.9288 - dice_coeff: 0.9365 - iou_score: 0.9186 - loss: 0.2510 - precision: 0.9357 - recall: 0.9805
[1m108/125[0m [32m━━━━━━━━━━━━━━━━━[0m[37m━━━[0m [1m2:01[0m 7s/step - accuracy: 0.9288 - dice_coeff: 0.9365 - iou_score: 0.9186 - loss: 0.2510 - precision: 0.9357 - recall: 0.9805
[1m109/125[0m [32m━━━━━━━━━━━━━━━━━[0m[37m━━━[0m [1m1:53[0m 7s/step - accuracy: 0.9288 - dice_coeff: 0.9365 - iou_score: 0.9186 - loss: 0.2510 - precision: 0.9357 - recall: 0.9805
[1m110/125[0m [32m━━━━━━━━━━━━━━━━━[0m[37m━━━[0m [1m1:46[0m 7s/step - accuracy: 0.9288 - dice_coeff: 0.9365 - iou_score: 0.9186 - loss: 0.2510 - precision: 0.9357 - recall: 0.9805
[1m111/125[0m [32m━━━━━━━━━━━━━━━━━[0m[37m━━━[0m [1m1:39[0m 7s/step - accuracy: 0.9288 - dice_coeff: 0.9365 - iou_score: 0.9186 - loss: 0.2510 - precision: 0.9357 - recall: 0.9805
[1m112/125[0m [32m━━━━━━━━━━━━━━━━━[0m[37m━━━[0m [1m1:32[0m 7s/step - accuracy: 0.9288 - dice_coeff: 0.9365 - iou_score: 0.9186 - loss: 0.2510 - precision: 0.9357 - recall: 0.9805
[1m113/125[0m [32m━━━━━━━━━━━━━━━━━━[0m[37m━━[0m [1m1:25[0m 7s/step - accuracy: 0.9288 - dice_coeff: 0.9365 - iou_score: 0.9186 - loss: 0.2510 - precision: 0.9357 - recall: 0.9805
[1m114/125[0m [32m━━━━━━━━━━━━━━━━━━[0m[37m━━[0m [1m1:18[0m 7s/step - accuracy: 0.9288 - dice_coeff: 0.9365 - iou_score: 0.9186 - loss: 0.2510 - precision: 0.9357 - recall: 0.9805
[1m115/125[0m [32m━━━━━━━━━━━━━━━━━━[0m[37m━━[0m [1m1:11[0m 7s/step - accuracy: 0.9288 - dice_coeff: 0.9365 - iou_score: 0.9186 - loss: 0.2510 - precision: 0.9357 - recall: 0.9805
[1m116/125[0m [32m━━━━━━━━━━━━━━━━━━[0m[37m━━[0m [1m1:04[0m 7s/step - accuracy: 0.9288 - dice_coeff: 0.9365 - iou_score: 0.9186 - loss: 0.2510 - precision: 0.9358 - recall: 0.9805
[1m117/125[0m [32m━━━━━━━━━━━━━━━━━━[0m[37m━━[0m [1m56s[0m 7s/step - accuracy: 0.9288 - dice_coeff: 0.9365 - iou_score: 0.9186 - loss: 0.2510 - precision: 0.9358 - recall: 0.9805 
[1m118/125[0m [32m━━━━━━━━━━━━━━━━━━[0m[37m━━[0m [1m49s[0m 7s/step - accuracy: 0.9288 - dice_coeff: 0.9365 - iou_score: 0.9186 - loss: 0.2510 - precision: 0.9358 - recall: 0.9805
[1m119/125[0m [32m━━━━━━━━━━━━━━━━━━━[0m[37m━[0m [1m42s[0m 7s/step - accuracy: 0.9288 - dice_coeff: 0.9365 - iou_score: 0.9186 - loss: 0.2510 - precision: 0.9358 - recall: 0.9805
[1m120/125[0m [32m━━━━━━━━━━━━━━━━━━━[0m[37m━[0m [1m35s[0m 7s/step - accuracy: 0.9288 - dice_coeff: 0.9365 - iou_score: 0.9186 - loss: 0.2510 - precision: 0.9358 - recall: 0.9805
[1m121/125[0m [32m━━━━━━━━━━━━━━━━━━━[0m[37m━[0m [1m28s[0m 7s/step - accuracy: 0.9288 - dice_coeff: 0.9365 - iou_score: 0.9186 - loss: 0.2510 - precision: 0.9358 - recall: 0.9805
[1m122/125[0m [32m━━━━━━━━━━━━━━━━━━━[0m[37m━[0m [1m21s[0m 7s/step - accuracy: 0.9288 - dice_coeff: 0.9365 - iou_score: 0.9186 - loss: 0.2510 - precision: 0.9358 - recall: 0.9805
[1m123/125[0m [32m━━━━━━━━━━━━━━━━━━━[0m[37m━[0m [1m14s[0m 7s/step - accuracy: 0.9288 - dice_coeff: 0.9365 - iou_score: 0.9186 - loss: 0.2510 - precision: 0.9358 - recall: 0.9805
[1m124/125[0m [32m━━━━━━━━━━━━━━━━━━━[0m[37m━[0m [1m7s[0m 7s/step - accuracy: 0.9288 - dice_coeff: 0.9365 - iou_score: 0.9186 - loss: 0.2510 - precision: 0.9358 - recall: 0.9805 
[1m125/125[0m [32m━━━━━━━━━━━━━━━━━━━━[0m[37m[0m [1m0s[0m 7s/step - accuracy: 0.9288 - dice_coeff: 0.9365 - iou_score: 0.9186 - loss: 0.2510 - precision: 0.9358 - recall: 0.9805
Epoch 19: val_dice_coeff did not improve from 0.92348

[1m125/125[0m [32m━━━━━━━━━━━━━━━━━━━━[0m[37m[0m [1m957s[0m 8s/step - accuracy: 0.9289 - dice_coeff: 0.9366 - iou_score: 0.9187 - loss: 0.2507 - precision: 0.9360 - recall: 0.9803 - val_accuracy: 0.9134 - val_dice_coeff: 0.9183 - val_iou_score: 0.8994 - val_loss: 0.3031 - val_precision: 0.9196 - val_recall: 0.9761 - learning_rate: 5.0000e-05
Epoch 20/100

[1m  1/125[0m [37m━━━━━━━━━━━━━━━━━━━━[0m [1m14:23[0m 7s/step - accuracy: 0.9244 - dice_coeff: 0.9343 - iou_score: 0.9122 - loss: 0.2642 - precision: 0.9289 - recall: 0.9806
[1m  2/125[0m [37m━━━━━━━━━━━━━━━━━━━━[0m [1m14:27[0m 7s/step - accuracy: 0.9267 - dice_coeff: 0.9354 - iou_score: 0.9152 - loss: 0.2566 - precision: 0.9324 - recall: 0.9802
[1m  3/125[0m [37m━━━━━━━━━━━━━━━━━━━━[0m [1m14:26[0m 7s/step - accuracy: 0.9274 - dice_coeff: 0.9357 - iou_score: 0.9161 - loss: 0.2547 - precision: 0.9332 - recall: 0.9804
[1m  4/125[0m [37m━━━━━━━━━━━━━━━━━━━━[0m [1m14:21[0m 7s/step - accuracy: 0.9279 - dice_coeff: 0.9359 - iou_score: 0.9167 - loss: 0.2532 - precision: 0.9340 - recall: 0.9802
[1m  5/125[0m [37m━━━━━━━━━━━━━━━━━━━━[0m [1m14:13[0m 7s/step - accuracy: 0.9281 - dice_coeff: 0.9360 - iou_score: 0.9170 - loss: 0.2527 - precision: 0.9345 - recall: 0.9800
[1m  6/125[0m [37m━━━━━━━━━━━━━━━━━━━━[0m [1m14:03[0m 7s/step - accuracy: 0.9281 - dice_coeff: 0.9359 - iou_score: 0.9170 - loss: 0.2531 - precision: 0.9347 - recall: 0.9798
[1m  7/125[0m [32m━[0m[37m━━━━━━━━━━━━━━━━━━━[0m [1m13:56[0m 7s/step - accuracy: 0.9278 - dice_coeff: 0.9357 - iou_score: 0.9166 - loss: 0.2543 - precision: 0.9345 - recall: 0.9796
[1m  8/125[0m [32m━[0m[37m━━━━━━━━━━━━━━━━━━━[0m [1m13:49[0m 7s/step - accuracy: 0.9274 - dice_coeff: 0.9355 - iou_score: 0.9162 - loss: 0.2556 - precision: 0.9342 - recall: 0.9795
[1m  9/125[0m [32m━[0m[37m━━━━━━━━━━━━━━━━━━━[0m [1m13:41[0m 7s/step - accuracy: 0.9272 - dice_coeff: 0.9353 - iou_score: 0.9161 - loss: 0.2563 - precision: 0.9341 - recall: 0.9794
[1m 10/125[0m [32m━[0m[37m━━━━━━━━━━━━━━━━━━━[0m [1m13:34[0m 7s/step - accuracy: 0.9269 - dice_coeff: 0.9351 - iou_score: 0.9157 - loss: 0.2576 - precision: 0.9337 - recall: 0.9794
[1m 11/125[0m [32m━[0m[37m━━━━━━━━━━━━━━━━━━━[0m [1m13:27[0m 7s/step - accuracy: 0.9266 - dice_coeff: 0.9349 - iou_score: 0.9154 - loss: 0.2585 - precision: 0.9334 - recall: 0.9794
[1m 12/125[0m [32m━[0m[37m━━━━━━━━━━━━━━━━━━━[0m [1m13:19[0m 7s/step - accuracy: 0.9264 - dice_coeff: 0.9347 - iou_score: 0.9152 - loss: 0.2592 - precision: 0.9332 - recall: 0.9794
[1m 13/125[0m [32m━━[0m[37m━━━━━━━━━━━━━━━━━━[0m [1m13:13[0m 7s/step - accuracy: 0.9263 - dice_coeff: 0.9346 - iou_score: 0.9151 - loss: 0.2598 - precision: 0.9330 - recall: 0.9794
[1m 14/125[0m [32m━━[0m[37m━━━━━━━━━━━━━━━━━━[0m [1m13:06[0m 7s/step - accuracy: 0.9262 - dice_coeff: 0.9345 - iou_score: 0.9150 - loss: 0.2601 - precision: 0.9329 - recall: 0.9794
[1m 15/125[0m [32m━━[0m[37m━━━━━━━━━━━━━━━━━━[0m [1m12:59[0m 7s/step - accuracy: 0.9261 - dice_coeff: 0.9344 - iou_score: 0.9149 - loss: 0.2604 - precision: 0.9328 - recall: 0.9795
[1m 16/125[0m [32m━━[0m[37m━━━━━━━━━━━━━━━━━━[0m [1m12:52[0m 7s/step - accuracy: 0.9261 - dice_coeff: 0.9344 - iou_score: 0.9149 - loss: 0.2606 - precision: 0.9328 - recall: 0.9795
[1m 17/125[0m [32m━━[0m[37m━━━━━━━━━━━━━━━━━━[0m [1m12:45[0m 7s/step - accuracy: 0.9261 - dice_coeff: 0.9343 - iou_score: 0.9149 - loss: 0.2607 - precision: 0.9328 - recall: 0.9795
[1m 18/125[0m [32m━━[0m[37m━━━━━━━━━━━━━━━━━━[0m [1m12:37[0m 7s/step - accuracy: 0.9260 - dice_coeff: 0.9343 - iou_score: 0.9149 - loss: 0.2609 - precision: 0.9328 - recall: 0.9795
[1m 19/125[0m [32m━━━[0m[37m━━━━━━━━━━━━━━━━━[0m [1m12:30[0m 7s/step - accuracy: 0.9260 - dice_coeff: 0.9343 - iou_score: 0.9149 - loss: 0.2609 - precision: 0.9328 - recall: 0.9795
[1m 20/125[0m [32m━━━[0m[37m━━━━━━━━━━━━━━━━━[0m [1m12:23[0m 7s/step - accuracy: 0.9260 - dice_coeff: 0.9343 - iou_score: 0.9149 - loss: 0.2609 - precision: 0.9328 - recall: 0.9795
[1m 21/125[0m [32m━━━[0m[37m━━━━━━━━━━━━━━━━━[0m [1m12:15[0m 7s/step - accuracy: 0.9260 - dice_coeff: 0.9343 - iou_score: 0.9149 - loss: 0.2609 - precision: 0.9328 - recall: 0.9795
[1m 22/125[0m [32m━━━[0m[37m━━━━━━━━━━━━━━━━━[0m [1m12:08[0m 7s/step - accuracy: 0.9260 - dice_coeff: 0.9343 - iou_score: 0.9149 - loss: 0.2609 - precision: 0.9328 - recall: 0.9795
[1m 23/125[0m [32m━━━[0m[37m━━━━━━━━━━━━━━━━━[0m [1m12:01[0m 7s/step - accuracy: 0.9260 - dice_coeff: 0.9343 - iou_score: 0.9150 - loss: 0.2609 - precision: 0.9328 - recall: 0.9796
[1m 24/125[0m [32m━━━[0m[37m━━━━━━━━━━━━━━━━━[0m [1m11:54[0m 7s/step - accuracy: 0.9260 - dice_coeff: 0.9343 - iou_score: 0.9150 - loss: 0.2609 - precision: 0.9328 - recall: 0.9796
[1m 25/125[0m [32m━━━━[0m[37m━━━━━━━━━━━━━━━━[0m [1m11:47[0m 7s/step - accuracy: 0.9261 - dice_coeff: 0.9343 - iou_score: 0.9150 - loss: 0.2608 - precision: 0.9328 - recall: 0.9796
[1m 26/125[0m [32m━━━━[0m[37m━━━━━━━━━━━━━━━━[0m [1m11:40[0m 7s/step - accuracy: 0.9261 - dice_coeff: 0.9343 - iou_score: 0.9151 - loss: 0.2607 - precision: 0.9329 - recall: 0.9796
[1m 27/125[0m [32m━━━━[0m[37m━━━━━━━━━━━━━━━━[0m [1m11:33[0m 7s/step - accuracy: 0.9261 - dice_coeff: 0.9343 - iou_score: 0.9151 - loss: 0.2607 - precision: 0.9329 - recall: 0.9796
[1m 28/125[0m [32m━━━━[0m[37m━━━━━━━━━━━━━━━━[0m [1m11:26[0m 7s/step - accuracy: 0.9261 - dice_coeff: 0.9343 - iou_score: 0.9151 - loss: 0.2607 - precision: 0.9329 - recall: 0.9796
[1m 29/125[0m [32m━━━━[0m[37m━━━━━━━━━━━━━━━━[0m [1m11:19[0m 7s/step - accuracy: 0.9261 - dice_coeff: 0.9343 - iou_score: 0.9151 - loss: 0.2606 - precision: 0.9329 - recall: 0.9796
[1m 30/125[0m [32m━━━━[0m[37m━━━━━━━━━━━━━━━━[0m [1m11:12[0m 7s/step - accuracy: 0.9261 - dice_coeff: 0.9344 - iou_score: 0.9152 - loss: 0.2606 - precision: 0.9329 - recall: 0.9797
[1m 31/125[0m [32m━━━━[0m[37m━━━━━━━━━━━━━━━━[0m [1m11:05[0m 7s/step - accuracy: 0.9261 - dice_coeff: 0.9344 - iou_score: 0.9152 - loss: 0.2605 - precision: 0.9329 - recall: 0.9797
[1m 32/125[0m [32m━━━━━[0m[37m━━━━━━━━━━━━━━━[0m [1m10:58[0m 7s/step - accuracy: 0.9262 - dice_coeff: 0.9344 - iou_score: 0.9152 - loss: 0.2605 - precision: 0.9329 - recall: 0.9797
[1m 33/125[0m [32m━━━━━[0m[37m━━━━━━━━━━━━━━━[0m [1m10:51[0m 7s/step - accuracy: 0.9262 - dice_coeff: 0.9344 - iou_score: 0.9152 - loss: 0.2604 - precision: 0.9329 - recall: 0.9797
[1m 34/125[0m [32m━━━━━[0m[37m━━━━━━━━━━━━━━━[0m [1m10:44[0m 7s/step - accuracy: 0.9262 - dice_coeff: 0.9344 - iou_score: 0.9153 - loss: 0.2603 - precision: 0.9330 - recall: 0.9797
[1m 35/125[0m [32m━━━━━[0m[37m━━━━━━━━━━━━━━━[0m [1m10:37[0m 7s/step - accuracy: 0.9262 - dice_coeff: 0.9344 - iou_score: 0.9153 - loss: 0.2602 - precision: 0.9330 - recall: 0.9797
[1m 36/125[0m [32m━━━━━[0m[37m━━━━━━━━━━━━━━━[0m [1m10:30[0m 7s/step - accuracy: 0.9263 - dice_coeff: 0.9345 - iou_score: 0.9154 - loss: 0.2600 - precision: 0.9330 - recall: 0.9798
[1m 37/125[0m [32m━━━━━[0m[37m━━━━━━━━━━━━━━━[0m [1m10:23[0m 7s/step - accuracy: 0.9263 - dice_coeff: 0.9345 - iou_score: 0.9154 - loss: 0.2599 - precision: 0.9331 - recall: 0.9798
[1m 38/125[0m [32m━━━━━━[0m[37m━━━━━━━━━━━━━━[0m [1m10:16[0m 7s/step - accuracy: 0.9264 - dice_coeff: 0.9345 - iou_score: 0.9155 - loss: 0.2598 - precision: 0.9331 - recall: 0.9798
[1m 39/125[0m [32m━━━━━━[0m[37m━━━━━━━━━━━━━━[0m [1m10:09[0m 7s/step - accuracy: 0.9264 - dice_coeff: 0.9345 - iou_score: 0.9155 - loss: 0.2597 - precision: 0.9332 - recall: 0.9798
[1m 40/125[0m [32m━━━━━━[0m[37m━━━━━━━━━━━━━━[0m [1m10:02[0m 7s/step - accuracy: 0.9264 - dice_coeff: 0.9346 - iou_score: 0.9156 - loss: 0.2595 - precision: 0.9332 - recall: 0.9798
[1m 41/125[0m [32m━━━━━━[0m[37m━━━━━━━━━━━━━━[0m [1m9:55[0m 7s/step - accuracy: 0.9265 - dice_coeff: 0.9346 - iou_score: 0.9156 - loss: 0.2594 - precision: 0.9332 - recall: 0.9798 
[1m 42/125[0m [32m━━━━━━[0m[37m━━━━━━━━━━━━━━[0m [1m9:48[0m 7s/step - accuracy: 0.9265 - dice_coeff: 0.9347 - iou_score: 0.9157 - loss: 0.2592 - precision: 0.9333 - recall: 0.9798
[1m 43/125[0m [32m━━━━━━[0m[37m━━━━━━━━━━━━━━[0m [1m9:41[0m 7s/step - accuracy: 0.9266 - dice_coeff: 0.9347 - iou_score: 0.9157 - loss: 0.2591 - precision: 0.9333 - recall: 0.9798
[1m 44/125[0m [32m━━━━━━━[0m[37m━━━━━━━━━━━━━[0m [1m9:34[0m 7s/step - accuracy: 0.9266 - dice_coeff: 0.9347 - iou_score: 0.9158 - loss: 0.2589 - precision: 0.9334 - recall: 0.9798
[1m 45/125[0m [32m━━━━━━━[0m[37m━━━━━━━━━━━━━[0m [1m9:27[0m 7s/step - accuracy: 0.9266 - dice_coeff: 0.9348 - iou_score: 0.9158 - loss: 0.2588 - precision: 0.9334 - recall: 0.9799
[1m 46/125[0m [32m━━━━━━━[0m[37m━━━━━━━━━━━━━[0m [1m9:20[0m 7s/step - accuracy: 0.9267 - dice_coeff: 0.9348 - iou_score: 0.9159 - loss: 0.2586 - precision: 0.9334 - recall: 0.9799
[1m 47/125[0m [32m━━━━━━━[0m[37m━━━━━━━━━━━━━[0m [1m9:12[0m 7s/step - accuracy: 0.9267 - dice_coeff: 0.9348 - iou_score: 0.9159 - loss: 0.2585 - precision: 0.9335 - recall: 0.9799
[1m 48/125[0m [32m━━━━━━━[0m[37m━━━━━━━━━━━━━[0m [1m9:05[0m 7s/step - accuracy: 0.9268 - dice_coeff: 0.9349 - iou_score: 0.9160 - loss: 0.2584 - precision: 0.9335 - recall: 0.9799
[1m 49/125[0m [32m━━━━━━━[0m[37m━━━━━━━━━━━━━[0m [1m8:58[0m 7s/step - accuracy: 0.9268 - dice_coeff: 0.9349 - iou_score: 0.9160 - loss: 0.2582 - precision: 0.9335 - recall: 0.9799
[1m 50/125[0m [32m━━━━━━━━[0m[37m━━━━━━━━━━━━[0m [1m8:51[0m 7s/step - accuracy: 0.9268 - dice_coeff: 0.9349 - iou_score: 0.9160 - loss: 0.2581 - precision: 0.9336 - recall: 0.9799
[1m 51/125[0m [32m━━━━━━━━[0m[37m━━━━━━━━━━━━[0m [1m8:44[0m 7s/step - accuracy: 0.9269 - dice_coeff: 0.9349 - iou_score: 0.9161 - loss: 0.2580 - precision: 0.9336 - recall: 0.9799
[1m 52/125[0m [32m━━━━━━━━[0m[37m━━━━━━━━━━━━[0m [1m8:37[0m 7s/step - accuracy: 0.9269 - dice_coeff: 0.9350 - iou_score: 0.9161 - loss: 0.2579 - precision: 0.9337 - recall: 0.9799
[1m 53/125[0m [32m━━━━━━━━[0m[37m━━━━━━━━━━━━[0m [1m8:30[0m 7s/step - accuracy: 0.9269 - dice_coeff: 0.9350 - iou_score: 0.9162 - loss: 0.2577 - precision: 0.9337 - recall: 0.9799
[1m 54/125[0m [32m━━━━━━━━[0m[37m━━━━━━━━━━━━[0m [1m8:23[0m 7s/step - accuracy: 0.9270 - dice_coeff: 0.9350 - iou_score: 0.9162 - loss: 0.2575 - precision: 0.9338 - recall: 0.9799
[1m 55/125[0m [32m━━━━━━━━[0m[37m━━━━━━━━━━━━[0m [1m8:16[0m 7s/step - accuracy: 0.9270 - dice_coeff: 0.9351 - iou_score: 0.9163 - loss: 0.2574 - precision: 0.9338 - recall: 0.9800
[1m 56/125[0m [32m━━━━━━━━[0m[37m━━━━━━━━━━━━[0m [1m8:09[0m 7s/step - accuracy: 0.9271 - dice_coeff: 0.9351 - iou_score: 0.9163 - loss: 0.2572 - precision: 0.9339 - recall: 0.9800
[1m 57/125[0m [32m━━━━━━━━━[0m[37m━━━━━━━━━━━[0m [1m8:02[0m 7s/step - accuracy: 0.9271 - dice_coeff: 0.9351 - iou_score: 0.9164 - loss: 0.2571 - precision: 0.9339 - recall: 0.9800
[1m 58/125[0m [32m━━━━━━━━━[0m[37m━━━━━━━━━━━[0m [1m7:55[0m 7s/step - accuracy: 0.9272 - dice_coeff: 0.9352 - iou_score: 0.9164 - loss: 0.2569 - precision: 0.9339 - recall: 0.9800
[1m 59/125[0m [32m━━━━━━━━━[0m[37m━━━━━━━━━━━[0m [1m7:47[0m 7s/step - accuracy: 0.9272 - dice_coeff: 0.9352 - iou_score: 0.9165 - loss: 0.2568 - precision: 0.9340 - recall: 0.9800
[1m 60/125[0m [32m━━━━━━━━━[0m[37m━━━━━━━━━━━[0m [1m7:40[0m 7s/step - accuracy: 0.9272 - dice_coeff: 0.9353 - iou_score: 0.9165 - loss: 0.2566 - precision: 0.9340 - recall: 0.9800
[1m 61/125[0m [32m━━━━━━━━━[0m[37m━━━━━━━━━━━[0m [1m7:33[0m 7s/step - accuracy: 0.9273 - dice_coeff: 0.9353 - iou_score: 0.9166 - loss: 0.2565 - precision: 0.9341 - recall: 0.9800
[1m 62/125[0m [32m━━━━━━━━━[0m[37m━━━━━━━━━━━[0m [1m7:26[0m 7s/step - accuracy: 0.9273 - dice_coeff: 0.9353 - iou_score: 0.9166 - loss: 0.2564 - precision: 0.9341 - recall: 0.9800
[1m 63/125[0m [32m━━━━━━━━━━[0m[37m━━━━━━━━━━[0m [1m7:19[0m 7s/step - accuracy: 0.9273 - dice_coeff: 0.9353 - iou_score: 0.9167 - loss: 0.2563 - precision: 0.9341 - recall: 0.9800
[1m 64/125[0m [32m━━━━━━━━━━[0m[37m━━━━━━━━━━[0m [1m7:12[0m 7s/step - accuracy: 0.9274 - dice_coeff: 0.9354 - iou_score: 0.9167 - loss: 0.2562 - precision: 0.9342 - recall: 0.9800
[1m 65/125[0m [32m━━━━━━━━━━[0m[37m━━━━━━━━━━[0m [1m7:05[0m 7s/step - accuracy: 0.9274 - dice_coeff: 0.9354 - iou_score: 0.9167 - loss: 0.2560 - precision: 0.9342 - recall: 0.9800
[1m 66/125[0m [32m━━━━━━━━━━[0m[37m━━━━━━━━━━[0m [1m6:58[0m 7s/step - accuracy: 0.9274 - dice_coeff: 0.9354 - iou_score: 0.9168 - loss: 0.2559 - precision: 0.9342 - recall: 0.9801
[1m 67/125[0m [32m━━━━━━━━━━[0m[37m━━━━━━━━━━[0m [1m6:50[0m 7s/step - accuracy: 0.9275 - dice_coeff: 0.9355 - iou_score: 0.9168 - loss: 0.2558 - precision: 0.9343 - recall: 0.9801
[1m 68/125[0m [32m━━━━━━━━━━[0m[37m━━━━━━━━━━[0m [1m6:43[0m 7s/step - accuracy: 0.9275 - dice_coeff: 0.9355 - iou_score: 0.9169 - loss: 0.2557 - precision: 0.9343 - recall: 0.9801
[1m 69/125[0m [32m━━━━━━━━━━━[0m[37m━━━━━━━━━[0m [1m6:36[0m 7s/step - accuracy: 0.9275 - dice_coeff: 0.9355 - iou_score: 0.9169 - loss: 0.2556 - precision: 0.9343 - recall: 0.9801
[1m 70/125[0m [32m━━━━━━━━━━━[0m[37m━━━━━━━━━[0m [1m6:29[0m 7s/step - accuracy: 0.9276 - dice_coeff: 0.9355 - iou_score: 0.9169 - loss: 0.2555 - precision: 0.9344 - recall: 0.9801
[1m 71/125[0m [32m━━━━━━━━━━━[0m[37m━━━━━━━━━[0m [1m6:22[0m 7s/step - accuracy: 0.9276 - dice_coeff: 0.9356 - iou_score: 0.9170 - loss: 0.2554 - precision: 0.9344 - recall: 0.9801
[1m 72/125[0m [32m━━━━━━━━━━━[0m[37m━━━━━━━━━[0m [1m6:15[0m 7s/step - accuracy: 0.9276 - dice_coeff: 0.9356 - iou_score: 0.9170 - loss: 0.2552 - precision: 0.9345 - recall: 0.9801
[1m 73/125[0m [32m━━━━━━━━━━━[0m[37m━━━━━━━━━[0m [1m6:08[0m 7s/step - accuracy: 0.9277 - dice_coeff: 0.9356 - iou_score: 0.9171 - loss: 0.2551 - precision: 0.9345 - recall: 0.9801
[1m 74/125[0m [32m━━━━━━━━━━━[0m[37m━━━━━━━━━[0m [1m6:00[0m 7s/step - accuracy: 0.9277 - dice_coeff: 0.9357 - iou_score: 0.9171 - loss: 0.2550 - precision: 0.9345 - recall: 0.9801
[1m 75/125[0m [32m━━━━━━━━━━━━[0m[37m━━━━━━━━[0m [1m5:53[0m 7s/step - accuracy: 0.9277 - dice_coeff: 0.9357 - iou_score: 0.9171 - loss: 0.2549 - precision: 0.9345 - recall: 0.9801
[1m 76/125[0m [32m━━━━━━━━━━━━[0m[37m━━━━━━━━[0m [1m5:46[0m 7s/step - accuracy: 0.9278 - dice_coeff: 0.9357 - iou_score: 0.9172 - loss: 0.2548 - precision: 0.9346 - recall: 0.9801
[1m 77/125[0m [32m━━━━━━━━━━━━[0m[37m━━━━━━━━[0m [1m5:39[0m 7s/step - accuracy: 0.9278 - dice_coeff: 0.9357 - iou_score: 0.9172 - loss: 0.2547 - precision: 0.9346 - recall: 0.9801
[1m 78/125[0m [32m━━━━━━━━━━━━[0m[37m━━━━━━━━[0m [1m5:32[0m 7s/step - accuracy: 0.9278 - dice_coeff: 0.9358 - iou_score: 0.9172 - loss: 0.2546 - precision: 0.9346 - recall: 0.9801
[1m 79/125[0m [32m━━━━━━━━━━━━[0m[37m━━━━━━━━[0m [1m5:25[0m 7s/step - accuracy: 0.9278 - dice_coeff: 0.9358 - iou_score: 0.9173 - loss: 0.2545 - precision: 0.9347 - recall: 0.9801
[1m 80/125[0m [32m━━━━━━━━━━━━[0m[37m━━━━━━━━[0m [1m5:18[0m 7s/step - accuracy: 0.9279 - dice_coeff: 0.9358 - iou_score: 0.9173 - loss: 0.2544 - precision: 0.9347 - recall: 0.9801
[1m 81/125[0m [32m━━━━━━━━━━━━[0m[37m━━━━━━━━[0m [1m5:10[0m 7s/step - accuracy: 0.9279 - dice_coeff: 0.9358 - iou_score: 0.9173 - loss: 0.2544 - precision: 0.9347 - recall: 0.9801
[1m 82/125[0m [32m━━━━━━━━━━━━━[0m[37m━━━━━━━[0m [1m5:03[0m 7s/step - accuracy: 0.9279 - dice_coeff: 0.9358 - iou_score: 0.9173 - loss: 0.2543 - precision: 0.9347 - recall: 0.9801
[1m 83/125[0m [32m━━━━━━━━━━━━━[0m[37m━━━━━━━[0m [1m4:56[0m 7s/step - accuracy: 0.9279 - dice_coeff: 0.9359 - iou_score: 0.9174 - loss: 0.2542 - precision: 0.9348 - recall: 0.9801
[1m 84/125[0m [32m━━━━━━━━━━━━━[0m[37m━━━━━━━[0m [1m4:49[0m 7s/step - accuracy: 0.9279 - dice_coeff: 0.9359 - iou_score: 0.9174 - loss: 0.2541 - precision: 0.9348 - recall: 0.9802
[1m 85/125[0m [32m━━━━━━━━━━━━━[0m[37m━━━━━━━[0m [1m4:42[0m 7s/step - accuracy: 0.9280 - dice_coeff: 0.9359 - iou_score: 0.9174 - loss: 0.2540 - precision: 0.9348 - recall: 0.9802
[1m 86/125[0m [32m━━━━━━━━━━━━━[0m[37m━━━━━━━[0m [1m4:35[0m 7s/step - accuracy: 0.9280 - dice_coeff: 0.9359 - iou_score: 0.9175 - loss: 0.2540 - precision: 0.9348 - recall: 0.9802
[1m 87/125[0m [32m━━━━━━━━━━━━━[0m[37m━━━━━━━[0m [1m4:28[0m 7s/step - accuracy: 0.9280 - dice_coeff: 0.9359 - iou_score: 0.9175 - loss: 0.2539 - precision: 0.9349 - recall: 0.9802
[1m 88/125[0m [32m━━━━━━━━━━━━━━[0m[37m━━━━━━[0m [1m4:21[0m 7s/step - accuracy: 0.9280 - dice_coeff: 0.9360 - iou_score: 0.9175 - loss: 0.2538 - precision: 0.9349 - recall: 0.9802
[1m 89/125[0m [32m━━━━━━━━━━━━━━[0m[37m━━━━━━[0m [1m4:14[0m 7s/step - accuracy: 0.9280 - dice_coeff: 0.9360 - iou_score: 0.9175 - loss: 0.2538 - precision: 0.9349 - recall: 0.9802
[1m 90/125[0m [32m━━━━━━━━━━━━━━[0m[37m━━━━━━[0m [1m4:07[0m 7s/step - accuracy: 0.9281 - dice_coeff: 0.9360 - iou_score: 0.9175 - loss: 0.2537 - precision: 0.9349 - recall: 0.9802
[1m 91/125[0m [32m━━━━━━━━━━━━━━[0m[37m━━━━━━[0m [1m3:59[0m 7s/step - accuracy: 0.9281 - dice_coeff: 0.9360 - iou_score: 0.9176 - loss: 0.2536 - precision: 0.9349 - recall: 0.9802
[1m 92/125[0m [32m━━━━━━━━━━━━━━[0m[37m━━━━━━[0m [1m3:52[0m 7s/step - accuracy: 0.9281 - dice_coeff: 0.9360 - iou_score: 0.9176 - loss: 0.2536 - precision: 0.9350 - recall: 0.9802
[1m 93/125[0m [32m━━━━━━━━━━━━━━[0m[37m━━━━━━[0m [1m3:45[0m 7s/step - accuracy: 0.9281 - dice_coeff: 0.9360 - iou_score: 0.9176 - loss: 0.2535 - precision: 0.9350 - recall: 0.9802
[1m 94/125[0m [32m━━━━━━━━━━━━━━━[0m[37m━━━━━[0m [1m3:37[0m 7s/step - accuracy: 0.9281 - dice_coeff: 0.9361 - iou_score: 0.9176 - loss: 0.2535 - precision: 0.9350 - recall: 0.9802
[1m 95/125[0m [32m━━━━━━━━━━━━━━━[0m[37m━━━━━[0m [1m3:30[0m 7s/step - accuracy: 0.9281 - dice_coeff: 0.9361 - iou_score: 0.9177 - loss: 0.2534 - precision: 0.9350 - recall: 0.9802
[1m 96/125[0m [32m━━━━━━━━━━━━━━━[0m[37m━━━━━[0m [1m3:23[0m 7s/step - accuracy: 0.9282 - dice_coeff: 0.9361 - iou_score: 0.9177 - loss: 0.2534 - precision: 0.9350 - recall: 0.9802
[1m 97/125[0m [32m━━━━━━━━━━━━━━━[0m[37m━━━━━[0m [1m3:16[0m 7s/step - accuracy: 0.9282 - dice_coeff: 0.9361 - iou_score: 0.9177 - loss: 0.2533 - precision: 0.9351 - recall: 0.9802
[1m 98/125[0m [32m━━━━━━━━━━━━━━━[0m[37m━━━━━[0m [1m3:09[0m 7s/step - accuracy: 0.9282 - dice_coeff: 0.9361 - iou_score: 0.9177 - loss: 0.2532 - precision: 0.9351 - recall: 0.9802
[1m 99/125[0m [32m━━━━━━━━━━━━━━━[0m[37m━━━━━[0m [1m3:02[0m 7s/step - accuracy: 0.9282 - dice_coeff: 0.9361 - iou_score: 0.9177 - loss: 0.2532 - precision: 0.9351 - recall: 0.9802
[1m100/125[0m [32m━━━━━━━━━━━━━━━━[0m[37m━━━━[0m [1m2:55[0m 7s/step - accuracy: 0.9282 - dice_coeff: 0.9361 - iou_score: 0.9177 - loss: 0.2531 - precision: 0.9351 - recall: 0.9802
[1m101/125[0m [32m━━━━━━━━━━━━━━━━[0m[37m━━━━[0m [1m2:48[0m 7s/step - accuracy: 0.9282 - dice_coeff: 0.9361 - iou_score: 0.9178 - loss: 0.2531 - precision: 0.9351 - recall: 0.9802
[1m102/125[0m [32m━━━━━━━━━━━━━━━━[0m[37m━━━━[0m [1m2:41[0m 7s/step - accuracy: 0.9282 - dice_coeff: 0.9362 - iou_score: 0.9178 - loss: 0.2530 - precision: 0.9351 - recall: 0.9802
[1m103/125[0m [32m━━━━━━━━━━━━━━━━[0m[37m━━━━[0m [1m2:34[0m 7s/step - accuracy: 0.9283 - dice_coeff: 0.9362 - iou_score: 0.9178 - loss: 0.2530 - precision: 0.9352 - recall: 0.9802
[1m104/125[0m [32m━━━━━━━━━━━━━━━━[0m[37m━━━━[0m [1m2:27[0m 7s/step - accuracy: 0.9283 - dice_coeff: 0.9362 - iou_score: 0.9178 - loss: 0.2529 - precision: 0.9352 - recall: 0.9802
[1m105/125[0m [32m━━━━━━━━━━━━━━━━[0m[37m━━━━[0m [1m2:20[0m 7s/step - accuracy: 0.9283 - dice_coeff: 0.9362 - iou_score: 0.9178 - loss: 0.2529 - precision: 0.9352 - recall: 0.9802
[1m106/125[0m [32m━━━━━━━━━━━━━━━━[0m[37m━━━━[0m [1m2:13[0m 7s/step - accuracy: 0.9283 - dice_coeff: 0.9362 - iou_score: 0.9179 - loss: 0.2528 - precision: 0.9352 - recall: 0.9802
[1m107/125[0m [32m━━━━━━━━━━━━━━━━━[0m[37m━━━[0m [1m2:06[0m 7s/step - accuracy: 0.9283 - dice_coeff: 0.9362 - iou_score: 0.9179 - loss: 0.2528 - precision: 0.9352 - recall: 0.9802
[1m108/125[0m [32m━━━━━━━━━━━━━━━━━[0m[37m━━━[0m [1m1:59[0m 7s/step - accuracy: 0.9283 - dice_coeff: 0.9362 - iou_score: 0.9179 - loss: 0.2528 - precision: 0.9352 - recall: 0.9802
[1m109/125[0m [32m━━━━━━━━━━━━━━━━━[0m[37m━━━[0m [1m1:52[0m 7s/step - accuracy: 0.9283 - dice_coeff: 0.9362 - iou_score: 0.9179 - loss: 0.2527 - precision: 0.9352 - recall: 0.9802
[1m110/125[0m [32m━━━━━━━━━━━━━━━━━[0m[37m━━━[0m [1m1:45[0m 7s/step - accuracy: 0.9283 - dice_coeff: 0.9363 - iou_score: 0.9179 - loss: 0.2527 - precision: 0.9353 - recall: 0.9802
[1m111/125[0m [32m━━━━━━━━━━━━━━━━━[0m[37m━━━[0m [1m1:38[0m 7s/step - accuracy: 0.9284 - dice_coeff: 0.9363 - iou_score: 0.9179 - loss: 0.2526 - precision: 0.9353 - recall: 0.9802
[1m112/125[0m [32m━━━━━━━━━━━━━━━━━[0m[37m━━━[0m [1m1:31[0m 7s/step - accuracy: 0.9284 - dice_coeff: 0.9363 - iou_score: 0.9179 - loss: 0.2526 - precision: 0.9353 - recall: 0.9802
[1m113/125[0m [32m━━━━━━━━━━━━━━━━━━[0m[37m━━[0m [1m1:24[0m 7s/step - accuracy: 0.9284 - dice_coeff: 0.9363 - iou_score: 0.9179 - loss: 0.2526 - precision: 0.9353 - recall: 0.9802
[1m114/125[0m [32m━━━━━━━━━━━━━━━━━━[0m[37m━━[0m [1m1:17[0m 7s/step - accuracy: 0.9284 - dice_coeff: 0.9363 - iou_score: 0.9180 - loss: 0.2525 - precision: 0.9353 - recall: 0.9802
[1m115/125[0m [32m━━━━━━━━━━━━━━━━━━[0m[37m━━[0m [1m1:10[0m 7s/step - accuracy: 0.9284 - dice_coeff: 0.9363 - iou_score: 0.9180 - loss: 0.2525 - precision: 0.9353 - recall: 0.9802
[1m116/125[0m [32m━━━━━━━━━━━━━━━━━━[0m[37m━━[0m [1m1:03[0m 7s/step - accuracy: 0.9284 - dice_coeff: 0.9363 - iou_score: 0.9180 - loss: 0.2524 - precision: 0.9353 - recall: 0.9802
[1m117/125[0m [32m━━━━━━━━━━━━━━━━━━[0m[37m━━[0m [1m56s[0m 7s/step - accuracy: 0.9284 - dice_coeff: 0.9363 - iou_score: 0.9180 - loss: 0.2524 - precision: 0.9353 - recall: 0.9802 
[1m118/125[0m [32m━━━━━━━━━━━━━━━━━━[0m[37m━━[0m [1m49s[0m 7s/step - accuracy: 0.9284 - dice_coeff: 0.9363 - iou_score: 0.9180 - loss: 0.2524 - precision: 0.9354 - recall: 0.9802
[1m119/125[0m [32m━━━━━━━━━━━━━━━━━━━[0m[37m━[0m [1m42s[0m 7s/step - accuracy: 0.9284 - dice_coeff: 0.9363 - iou_score: 0.9180 - loss: 0.2523 - precision: 0.9354 - recall: 0.9802
[1m120/125[0m [32m━━━━━━━━━━━━━━━━━━━[0m[37m━[0m [1m35s[0m 7s/step - accuracy: 0.9284 - dice_coeff: 0.9363 - iou_score: 0.9180 - loss: 0.2523 - precision: 0.9354 - recall: 0.9802
[1m121/125[0m [32m━━━━━━━━━━━━━━━━━━━[0m[37m━[0m [1m28s[0m 7s/step - accuracy: 0.9284 - dice_coeff: 0.9364 - iou_score: 0.9180 - loss: 0.2523 - precision: 0.9354 - recall: 0.9802
[1m122/125[0m [32m━━━━━━━━━━━━━━━━━━━[0m[37m━[0m [1m21s[0m 7s/step - accuracy: 0.9285 - dice_coeff: 0.9364 - iou_score: 0.9181 - loss: 0.2522 - precision: 0.9354 - recall: 0.9802
[1m123/125[0m [32m━━━━━━━━━━━━━━━━━━━[0m[37m━[0m [1m14s[0m 7s/step - accuracy: 0.9285 - dice_coeff: 0.9364 - iou_score: 0.9181 - loss: 0.2522 - precision: 0.9354 - recall: 0.9802
[1m124/125[0m [32m━━━━━━━━━━━━━━━━━━━[0m[37m━[0m [1m7s[0m 7s/step - accuracy: 0.9285 - dice_coeff: 0.9364 - iou_score: 0.9181 - loss: 0.2522 - precision: 0.9354 - recall: 0.9802 
[1m125/125[0m [32m━━━━━━━━━━━━━━━━━━━━[0m[37m[0m [1m0s[0m 7s/step - accuracy: 0.9285 - dice_coeff: 0.9364 - iou_score: 0.9181 - loss: 0.2522 - precision: 0.9354 - recall: 0.9802
Epoch 20: val_dice_coeff did not improve from 0.92348

[1m125/125[0m [32m━━━━━━━━━━━━━━━━━━━━[0m[37m[0m [1m942s[0m 8s/step - accuracy: 0.9293 - dice_coeff: 0.9372 - iou_score: 0.9192 - loss: 0.2488 - precision: 0.9366 - recall: 0.9802 - val_accuracy: 0.9137 - val_dice_coeff: 0.9225 - val_iou_score: 0.9000 - val_loss: 0.2983 - val_precision: 0.9178 - val_recall: 0.9790 - learning_rate: 5.0000e-05
Epoch 21/100

[1m  1/125[0m [37m━━━━━━━━━━━━━━━━━━━━[0m [1m14:22[0m 7s/step - accuracy: 0.9294 - dice_coeff: 0.9374 - iou_score: 0.9192 - loss: 0.2524 - precision: 0.9360 - recall: 0.9808
[1m  2/125[0m [37m━━━━━━━━━━━━━━━━━━━━[0m [1m14:06[0m 7s/step - accuracy: 0.9320 - dice_coeff: 0.9385 - iou_score: 0.9222 - loss: 0.2441 - precision: 0.9387 - recall: 0.9813
[1m  3/125[0m [37m━━━━━━━━━━━━━━━━━━━━[0m [1m14:01[0m 7s/step - accuracy: 0.9325 - dice_coeff: 0.9387 - iou_score: 0.9228 - loss: 0.2422 - precision: 0.9394 - recall: 0.9813
[1m  4/125[0m [37m━━━━━━━━━━━━━━━━━━━━[0m [1m13:58[0m 7s/step - accuracy: 0.9321 - dice_coeff: 0.9383 - iou_score: 0.9224 - loss: 0.2434 - precision: 0.9391 - recall: 0.9811
[1m  5/125[0m [37m━━━━━━━━━━━━━━━━━━━━[0m [1m13:49[0m 7s/step - accuracy: 0.9319 - dice_coeff: 0.9382 - iou_score: 0.9221 - loss: 0.2437 - precision: 0.9388 - recall: 0.9811
[1m  6/125[0m [37m━━━━━━━━━━━━━━━━━━━━[0m [1m13:43[0m 7s/step - accuracy: 0.9315 - dice_coeff: 0.9380 - iou_score: 0.9218 - loss: 0.2444 - precision: 0.9384 - recall: 0.9811
[1m  7/125[0m [32m━[0m[37m━━━━━━━━━━━━━━━━━━━[0m [1m13:36[0m 7s/step - accuracy: 0.9314 - dice_coeff: 0.9380 - iou_score: 0.9216 - loss: 0.2445 - precision: 0.9382 - recall: 0.9812
[1m  8/125[0m [32m━[0m[37m━━━━━━━━━━━━━━━━━━━[0m [1m13:29[0m 7s/step - accuracy: 0.9314 - dice_coeff: 0.9381 - iou_score: 0.9216 - loss: 0.2443 - precision: 0.9381 - recall: 0.9813
[1m  9/125[0m [32m━[0m[37m━━━━━━━━━━━━━━━━━━━[0m [1m13:21[0m 7s/step - accuracy: 0.9312 - dice_coeff: 0.9381 - iou_score: 0.9214 - loss: 0.2446 - precision: 0.9378 - recall: 0.9813
[1m 10/125[0m [32m━[0m[37m━━━━━━━━━━━━━━━━━━━[0m [1m13:14[0m 7s/step - accuracy: 0.9311 - dice_coeff: 0.9380 - iou_score: 0.9212 - loss: 0.2450 - precision: 0.9377 - recall: 0.9813
[1m 11/125[0m [32m━[0m[37m━━━━━━━━━━━━━━━━━━━[0m [1m13:07[0m 7s/step - accuracy: 0.9309 - dice_coeff: 0.9380 - iou_score: 0.9211 - loss: 0.2454 - precision: 0.9375 - recall: 0.9813
[1m 12/125[0m [32m━[0m[37m━━━━━━━━━━━━━━━━━━━[0m [1m13:00[0m 7s/step - accuracy: 0.9309 - dice_coeff: 0.9380 - iou_score: 0.9210 - loss: 0.2454 - precision: 0.9374 - recall: 0.9813
[1m 13/125[0m [32m━━[0m[37m━━━━━━━━━━━━━━━━━━[0m [1m12:53[0m 7s/step - accuracy: 0.9308 - dice_coeff: 0.9379 - iou_score: 0.9209 - loss: 0.2457 - precision: 0.9373 - recall: 0.9813
[1m 14/125[0m [32m━━[0m[37m━━━━━━━━━━━━━━━━━━[0m [1m12:45[0m 7s/step - accuracy: 0.9307 - dice_coeff: 0.9379 - iou_score: 0.9207 - loss: 0.2460 - precision: 0.9372 - recall: 0.9812
[1m 15/125[0m [32m━━[0m[37m━━━━━━━━━━━━━━━━━━[0m [1m13:16[0m 7s/step - accuracy: 0.9306 - dice_coeff: 0.9378 - iou_score: 0.9206 - loss: 0.2462 - precision: 0.9371 - recall: 0.9812
[1m 16/125[0m [32m━━[0m[37m━━━━━━━━━━━━━━━━━━[0m [1m14:12[0m 8s/step - accuracy: 0.9305 - dice_coeff: 0.9378 - iou_score: 0.9205 - loss: 0.2463 - precision: 0.9370 - recall: 0.9812
[1m 17/125[0m [32m━━[0m[37m━━━━━━━━━━━━━━━━━━[0m [1m14:58[0m 8s/step - accuracy: 0.9305 - dice_coeff: 0.9378 - iou_score: 0.9204 - loss: 0.2464 - precision: 0.9370 - recall: 0.9812
[1m 18/125[0m [32m━━[0m[37m━━━━━━━━━━━━━━━━━━[0m [1m15:37[0m 9s/step - accuracy: 0.9305 - dice_coeff: 0.9378 - iou_score: 0.9204 - loss: 0.2464 - precision: 0.9370 - recall: 0.9811
[1m 19/125[0m [32m━━━[0m[37m━━━━━━━━━━━━━━━━━[0m [1m16:09[0m 9s/step - accuracy: 0.9305 - dice_coeff: 0.9378 - iou_score: 0.9204 - loss: 0.2465 - precision: 0.9370 - recall: 0.9811
[1m 20/125[0m [32m━━━[0m[37m━━━━━━━━━━━━━━━━━[0m [1m16:36[0m 9s/step - accuracy: 0.9304 - dice_coeff: 0.9378 - iou_score: 0.9203 - loss: 0.2465 - precision: 0.9370 - recall: 0.9811
[1m 21/125[0m [32m━━━[0m[37m━━━━━━━━━━━━━━━━━[0m [1m16:59[0m 10s/step - accuracy: 0.9304 - dice_coeff: 0.9377 - iou_score: 0.9203 - loss: 0.2466 - precision: 0.9370 - recall: 0.9810
[1m 22/125[0m [32m━━━[0m[37m━━━━━━━━━━━━━━━━━[0m [1m17:19[0m 10s/step - accuracy: 0.9304 - dice_coeff: 0.9377 - iou_score: 0.9202 - loss: 0.2467 - precision: 0.9369 - recall: 0.9810
[1m 23/125[0m [32m━━━[0m[37m━━━━━━━━━━━━━━━━━[0m [1m17:36[0m 10s/step - accuracy: 0.9303 - dice_coeff: 0.9377 - iou_score: 0.9202 - loss: 0.2467 - precision: 0.9369 - recall: 0.9809
[1m 24/125[0m [32m━━━[0m[37m━━━━━━━━━━━━━━━━━[0m [1m17:49[0m 11s/step - accuracy: 0.9303 - dice_coeff: 0.9377 - iou_score: 0.9201 - loss: 0.2468 - precision: 0.9369 - recall: 0.9809
[1m 25/125[0m [32m━━━━[0m[37m━━━━━━━━━━━━━━━━[0m [1m18:00[0m 11s/step - accuracy: 0.9303 - dice_coeff: 0.9377 - iou_score: 0.9201 - loss: 0.2468 - precision: 0.9369 - recall: 0.9809
[1m 26/125[0m [32m━━━━[0m[37m━━━━━━━━━━━━━━━━[0m [1m18:09[0m 11s/step - accuracy: 0.9303 - dice_coeff: 0.9377 - iou_score: 0.9201 - loss: 0.2468 - precision: 0.9369 - recall: 0.9808
[1m 27/125[0m [32m━━━━[0m[37m━━━━━━━━━━━━━━━━[0m [1m18:16[0m 11s/step - accuracy: 0.9302 - dice_coeff: 0.9376 - iou_score: 0.9201 - loss: 0.2469 - precision: 0.9369 - recall: 0.9808
[1m 28/125[0m [32m━━━━[0m[37m━━━━━━━━━━━━━━━━[0m [1m18:22[0m 11s/step - accuracy: 0.9302 - dice_coeff: 0.9376 - iou_score: 0.9200 - loss: 0.2469 - precision: 0.9369 - recall: 0.9808
[1m 29/125[0m [32m━━━━[0m[37m━━━━━━━━━━━━━━━━[0m [1m18:25[0m 12s/step - accuracy: 0.9302 - dice_coeff: 0.9376 - iou_score: 0.9200 - loss: 0.2469 - precision: 0.9369 - recall: 0.9808
[1m 30/125[0m [32m━━━━[0m[37m━━━━━━━━━━━━━━━━[0m [1m18:28[0m 12s/step - accuracy: 0.9302 - dice_coeff: 0.9376 - iou_score: 0.9200 - loss: 0.2469 - precision: 0.9369 - recall: 0.9808
[1m 31/125[0m [32m━━━━[0m[37m━━━━━━━━━━━━━━━━[0m [1m18:30[0m 12s/step - accuracy: 0.9302 - dice_coeff: 0.9376 - iou_score: 0.9200 - loss: 0.2469 - precision: 0.9369 - recall: 0.9807
[1m 32/125[0m [32m━━━━━[0m[37m━━━━━━━━━━━━━━━[0m [1m18:29[0m 12s/step - accuracy: 0.9302 - dice_coeff: 0.9377 - iou_score: 0.9200 - loss: 0.2468 - precision: 0.9369 - recall: 0.9807
[1m 33/125[0m [32m━━━━━[0m[37m━━━━━━━━━━━━━━━[0m [1m18:28[0m 12s/step - accuracy: 0.9302 - dice_coeff: 0.9377 - iou_score: 0.9200 - loss: 0.2468 - precision: 0.9369 - recall: 0.9807
[1m 34/125[0m [32m━━━━━[0m[37m━━━━━━━━━━━━━━━[0m [1m18:27[0m 12s/step - accuracy: 0.9302 - dice_coeff: 0.9377 - iou_score: 0.9200 - loss: 0.2468 - precision: 0.9370 - recall: 0.9807
[1m 35/125[0m [32m━━━━━[0m[37m━━━━━━━━━━━━━━━[0m [1m18:24[0m 12s/step - accuracy: 0.9302 - dice_coeff: 0.9377 - iou_score: 0.9200 - loss: 0.2467 - precision: 0.9370 - recall: 0.9807
[1m 36/125[0m [32m━━━━━[0m[37m━━━━━━━━━━━━━━━[0m [1m18:21[0m 12s/step - accuracy: 0.9302 - dice_coeff: 0.9377 - iou_score: 0.9200 - loss: 0.2467 - precision: 0.9370 - recall: 0.9807
[1m 37/125[0m [32m━━━━━[0m[37m━━━━━━━━━━━━━━━[0m [1m18:18[0m 12s/step - accuracy: 0.9302 - dice_coeff: 0.9377 - iou_score: 0.9200 - loss: 0.2466 - precision: 0.9370 - recall: 0.9807
[1m 38/125[0m [32m━━━━━━[0m[37m━━━━━━━━━━━━━━[0m [1m18:13[0m 13s/step - accuracy: 0.9302 - dice_coeff: 0.9377 - iou_score: 0.9200 - loss: 0.2466 - precision: 0.9370 - recall: 0.9807
[1m 39/125[0m [32m━━━━━━[0m[37m━━━━━━━━━━━━━━[0m [1m18:08[0m 13s/step - accuracy: 0.9302 - dice_coeff: 0.9377 - iou_score: 0.9200 - loss: 0.2466 - precision: 0.9370 - recall: 0.9807
[1m 40/125[0m [32m━━━━━━[0m[37m━━━━━━━━━━━━━━[0m [1m18:02[0m 13s/step - accuracy: 0.9302 - dice_coeff: 0.9377 - iou_score: 0.9200 - loss: 0.2465 - precision: 0.9370 - recall: 0.9806
[1m 41/125[0m [32m━━━━━━[0m[37m━━━━━━━━━━━━━━[0m [1m17:55[0m 13s/step - accuracy: 0.9302 - dice_coeff: 0.9377 - iou_score: 0.9200 - loss: 0.2465 - precision: 0.9370 - recall: 0.9806
[1m 42/125[0m [32m━━━━━━[0m[37m━━━━━━━━━━━━━━[0m [1m17:49[0m 13s/step - accuracy: 0.9302 - dice_coeff: 0.9377 - iou_score: 0.9200 - loss: 0.2465 - precision: 0.9370 - recall: 0.9806
[1m 43/125[0m [32m━━━━━━[0m[37m━━━━━━━━━━━━━━[0m [1m17:41[0m 13s/step - accuracy: 0.9302 - dice_coeff: 0.9377 - iou_score: 0.9200 - loss: 0.2465 - precision: 0.9370 - recall: 0.9806
[1m 44/125[0m [32m━━━━━━━[0m[37m━━━━━━━━━━━━━[0m [1m17:34[0m 13s/step - accuracy: 0.9302 - dice_coeff: 0.9378 - iou_score: 0.9200 - loss: 0.2465 - precision: 0.9371 - recall: 0.9806
[1m 45/125[0m [32m━━━━━━━[0m[37m━━━━━━━━━━━━━[0m [1m17:26[0m 13s/step - accuracy: 0.9302 - dice_coeff: 0.9378 - iou_score: 0.9200 - loss: 0.2465 - precision: 0.9371 - recall: 0.9806
[1m 46/125[0m [32m━━━━━━━[0m[37m━━━━━━━━━━━━━[0m [1m17:17[0m 13s/step - accuracy: 0.9302 - dice_coeff: 0.9378 - iou_score: 0.9200 - loss: 0.2465 - precision: 0.9371 - recall: 0.9806
[1m 47/125[0m [32m━━━━━━━[0m[37m━━━━━━━━━━━━━[0m [1m17:09[0m 13s/step - accuracy: 0.9302 - dice_coeff: 0.9378 - iou_score: 0.9200 - loss: 0.2465 - precision: 0.9371 - recall: 0.9806
[1m 48/125[0m [32m━━━━━━━[0m[37m━━━━━━━━━━━━━[0m [1m17:01[0m 13s/step - accuracy: 0.9302 - dice_coeff: 0.9378 - iou_score: 0.9200 - loss: 0.2465 - precision: 0.9371 - recall: 0.9806
[1m 49/125[0m [32m━━━━━━━[0m[37m━━━━━━━━━━━━━[0m [1m16:51[0m 13s/step - accuracy: 0.9302 - dice_coeff: 0.9378 - iou_score: 0.9200 - loss: 0.2465 - precision: 0.9371 - recall: 0.9806
[1m 50/125[0m [32m━━━━━━━━[0m[37m━━━━━━━━━━━━[0m [1m16:42[0m 13s/step - accuracy: 0.9302 - dice_coeff: 0.9378 - iou_score: 0.9200 - loss: 0.2465 - precision: 0.9371 - recall: 0.9806
[1m 51/125[0m [32m━━━━━━━━[0m[37m━━━━━━━━━━━━[0m [1m16:32[0m 13s/step - accuracy: 0.9302 - dice_coeff: 0.9378 - iou_score: 0.9200 - loss: 0.2465 - precision: 0.9371 - recall: 0.9805
[1m 52/125[0m [32m━━━━━━━━[0m[37m━━━━━━━━━━━━[0m [1m16:23[0m 13s/step - accuracy: 0.9301 - dice_coeff: 0.9378 - iou_score: 0.9200 - loss: 0.2465 - precision: 0.9371 - recall: 0.9805
[1m 53/125[0m [32m━━━━━━━━[0m[37m━━━━━━━━━━━━[0m [1m21:48[0m 18s/step - accuracy: 0.9301 - dice_coeff: 0.9378 - iou_score: 0.9200 - loss: 0.2466 - precision: 0.9371 - recall: 0.9805
[1m 54/125[0m [32m━━━━━━━━[0m[37m━━━━━━━━━━━━[0m [1m21:20[0m 18s/step - accuracy: 0.9301 - dice_coeff: 0.9378 - iou_score: 0.9199 - loss: 0.2466 - precision: 0.9371 - recall: 0.9805
[1m 55/125[0m [32m━━━━━━━━[0m[37m━━━━━━━━━━━━[0m [1m20:52[0m 18s/step - accuracy: 0.9301 - dice_coeff: 0.9378 - iou_score: 0.9199 - loss: 0.2466 - precision: 0.9371 - recall: 0.9805
[1m 56/125[0m [32m━━━━━━━━[0m[37m━━━━━━━━━━━━[0m [1m20:23[0m 18s/step - accuracy: 0.9301 - dice_coeff: 0.9378 - iou_score: 0.9199 - loss: 0.2466 - precision: 0.9371 - recall: 0.9805
[1m 57/125[0m [32m━━━━━━━━━[0m[37m━━━━━━━━━━━[0m [1m19:55[0m 18s/step - accuracy: 0.9301 - dice_coeff: 0.9378 - iou_score: 0.9199 - loss: 0.2466 - precision: 0.9371 - recall: 0.9805
[1m 58/125[0m [32m━━━━━━━━━[0m[37m━━━━━━━━━━━[0m [1m19:27[0m 17s/step - accuracy: 0.9301 - dice_coeff: 0.9378 - iou_score: 0.9199 - loss: 0.2466 - precision: 0.9371 - recall: 0.9805
[1m 59/125[0m [32m━━━━━━━━━[0m[37m━━━━━━━━━━━[0m [1m18:59[0m 17s/step - accuracy: 0.9301 - dice_coeff: 0.9378 - iou_score: 0.9199 - loss: 0.2466 - precision: 0.9371 - recall: 0.9805
[1m 60/125[0m [32m━━━━━━━━━[0m[37m━━━━━━━━━━━[0m [1m18:33[0m 17s/step - accuracy: 0.9301 - dice_coeff: 0.9378 - iou_score: 0.9199 - loss: 0.2466 - precision: 0.9371 - recall: 0.9805
[1m 61/125[0m [32m━━━━━━━━━[0m[37m━━━━━━━━━━━[0m [1m18:08[0m 17s/step - accuracy: 0.9301 - dice_coeff: 0.9378 - iou_score: 0.9199 - loss: 0.2466 - precision: 0.9371 - recall: 0.9805
[1m 62/125[0m [32m━━━━━━━━━[0m[37m━━━━━━━━━━━[0m [1m17:42[0m 17s/step - accuracy: 0.9301 - dice_coeff: 0.9378 - iou_score: 0.9199 - loss: 0.2466 - precision: 0.9371 - recall: 0.9805
[1m 63/125[0m [32m━━━━━━━━━━[0m[37m━━━━━━━━━━[0m [1m17:17[0m 17s/step - accuracy: 0.9301 - dice_coeff: 0.9378 - iou_score: 0.9199 - loss: 0.2466 - precision: 0.9371 - recall: 0.9805
[1m 64/125[0m [32m━━━━━━━━━━[0m[37m━━━━━━━━━━[0m [1m16:52[0m 17s/step - accuracy: 0.9301 - dice_coeff: 0.9378 - iou_score: 0.9199 - loss: 0.2466 - precision: 0.9371 - recall: 0.9805
[1m 65/125[0m [32m━━━━━━━━━━[0m[37m━━━━━━━━━━[0m [1m16:29[0m 16s/step - accuracy: 0.9301 - dice_coeff: 0.9378 - iou_score: 0.9199 - loss: 0.2466 - precision: 0.9371 - recall: 0.9805
[1m 66/125[0m [32m━━━━━━━━━━[0m[37m━━━━━━━━━━[0m [1m16:05[0m 16s/step - accuracy: 0.9301 - dice_coeff: 0.9378 - iou_score: 0.9199 - loss: 0.2466 - precision: 0.9371 - recall: 0.9805
[1m 67/125[0m [32m━━━━━━━━━━[0m[37m━━━━━━━━━━[0m [1m15:42[0m 16s/step - accuracy: 0.9301 - dice_coeff: 0.9378 - iou_score: 0.9199 - loss: 0.2466 - precision: 0.9371 - recall: 0.9805
[1m 68/125[0m [32m━━━━━━━━━━[0m[37m━━━━━━━━━━[0m [1m15:19[0m 16s/step - accuracy: 0.9301 - dice_coeff: 0.9378 - iou_score: 0.9199 - loss: 0.2466 - precision: 0.9371 - recall: 0.9805
[1m 69/125[0m [32m━━━━━━━━━━━[0m[37m━━━━━━━━━[0m [1m14:57[0m 16s/step - accuracy: 0.9301 - dice_coeff: 0.9378 - iou_score: 0.9199 - loss: 0.2466 - precision: 0.9371 - recall: 0.9805
[1m 70/125[0m [32m━━━━━━━━━━━[0m[37m━━━━━━━━━[0m [1m14:35[0m 16s/step - accuracy: 0.9300 - dice_coeff: 0.9378 - iou_score: 0.9199 - loss: 0.2466 - precision: 0.9371 - recall: 0.9805
[1m 71/125[0m [32m━━━━━━━━━━━[0m[37m━━━━━━━━━[0m [1m14:14[0m 16s/step - accuracy: 0.9300 - dice_coeff: 0.9378 - iou_score: 0.9199 - loss: 0.2466 - precision: 0.9371 - recall: 0.9805
[1m 72/125[0m [32m━━━━━━━━━━━[0m[37m━━━━━━━━━[0m [1m13:52[0m 16s/step - accuracy: 0.9300 - dice_coeff: 0.9378 - iou_score: 0.9199 - loss: 0.2466 - precision: 0.9371 - recall: 0.9805
[1m 73/125[0m [32m━━━━━━━━━━━[0m[37m━━━━━━━━━[0m [1m13:32[0m 16s/step - accuracy: 0.9300 - dice_coeff: 0.9378 - iou_score: 0.9199 - loss: 0.2467 - precision: 0.9371 - recall: 0.9805
[1m 74/125[0m [32m━━━━━━━━━━━[0m[37m━━━━━━━━━[0m [1m13:11[0m 16s/step - accuracy: 0.9300 - dice_coeff: 0.9378 - iou_score: 0.9199 - loss: 0.2467 - precision: 0.9371 - recall: 0.9805
[1m 75/125[0m [32m━━━━━━━━━━━━[0m[37m━━━━━━━━[0m [1m12:51[0m 15s/step - accuracy: 0.9300 - dice_coeff: 0.9378 - iou_score: 0.9199 - loss: 0.2467 - precision: 0.9371 - recall: 0.9805
[1m 76/125[0m [32m━━━━━━━━━━━━[0m[37m━━━━━━━━[0m [1m12:31[0m 15s/step - accuracy: 0.9300 - dice_coeff: 0.9378 - iou_score: 0.9199 - loss: 0.2467 - precision: 0.9371 - recall: 0.9805
[1m 77/125[0m [32m━━━━━━━━━━━━[0m[37m━━━━━━━━[0m [1m12:11[0m 15s/step - accuracy: 0.9300 - dice_coeff: 0.9378 - iou_score: 0.9199 - loss: 0.2467 - precision: 0.9371 - recall: 0.9805
[1m 78/125[0m [32m━━━━━━━━━━━━[0m[37m━━━━━━━━[0m [1m11:52[0m 15s/step - accuracy: 0.9300 - dice_coeff: 0.9378 - iou_score: 0.9199 - loss: 0.2467 - precision: 0.9371 - recall: 0.9804
[1m 79/125[0m [32m━━━━━━━━━━━━[0m[37m━━━━━━━━[0m [1m11:33[0m 15s/step - accuracy: 0.9300 - dice_coeff: 0.9378 - iou_score: 0.9198 - loss: 0.2467 - precision: 0.9371 - recall: 0.9804
[1m 80/125[0m [32m━━━━━━━━━━━━[0m[37m━━━━━━━━[0m [1m11:15[0m 15s/step - accuracy: 0.9300 - dice_coeff: 0.9378 - iou_score: 0.9198 - loss: 0.2467 - precision: 0.9371 - recall: 0.9804
[1m 81/125[0m [32m━━━━━━━━━━━━[0m[37m━━━━━━━━[0m [1m10:56[0m 15s/step - accuracy: 0.9300 - dice_coeff: 0.9378 - iou_score: 0.9198 - loss: 0.2467 - precision: 0.9371 - recall: 0.9804
[1m 82/125[0m [32m━━━━━━━━━━━━━[0m[37m━━━━━━━[0m [1m10:38[0m 15s/step - accuracy: 0.9300 - dice_coeff: 0.9378 - iou_score: 0.9198 - loss: 0.2467 - precision: 0.9371 - recall: 0.9804
[1m 83/125[0m [32m━━━━━━━━━━━━━[0m[37m━━━━━━━[0m [1m10:20[0m 15s/step - accuracy: 0.9300 - dice_coeff: 0.9378 - iou_score: 0.9198 - loss: 0.2467 - precision: 0.9371 - recall: 0.9804
[1m 84/125[0m [32m━━━━━━━━━━━━━[0m[37m━━━━━━━[0m [1m10:05[0m 15s/step - accuracy: 0.9300 - dice_coeff: 0.9378 - iou_score: 0.9198 - loss: 0.2467 - precision: 0.9371 - recall: 0.9804
[1m 85/125[0m [32m━━━━━━━━━━━━━[0m[37m━━━━━━━[0m [1m9:50[0m 15s/step - accuracy: 0.9300 - dice_coeff: 0.9378 - iou_score: 0.9198 - loss: 0.2467 - precision: 0.9371 - recall: 0.9804 
[1m 86/125[0m [32m━━━━━━━━━━━━━[0m[37m━━━━━━━[0m [1m9:36[0m 15s/step - accuracy: 0.9300 - dice_coeff: 0.9378 - iou_score: 0.9198 - loss: 0.2468 - precision: 0.9371 - recall: 0.9804
[1m 87/125[0m [32m━━━━━━━━━━━━━[0m[37m━━━━━━━[0m [1m9:22[0m 15s/step - accuracy: 0.9300 - dice_coeff: 0.9378 - iou_score: 0.9198 - loss: 0.2468 - precision: 0.9371 - recall: 0.9804
[1m 88/125[0m [32m━━━━━━━━━━━━━━[0m[37m━━━━━━[0m [1m9:07[0m 15s/step - accuracy: 0.9300 - dice_coeff: 0.9378 - iou_score: 0.9198 - loss: 0.2468 - precision: 0.9371 - recall: 0.9804
[1m 89/125[0m [32m━━━━━━━━━━━━━━[0m[37m━━━━━━[0m [1m8:53[0m 15s/step - accuracy: 0.9300 - dice_coeff: 0.9378 - iou_score: 0.9198 - loss: 0.2468 - precision: 0.9371 - recall: 0.9804
[1m 90/125[0m [32m━━━━━━━━━━━━━━[0m[37m━━━━━━[0m [1m8:39[0m 15s/step - accuracy: 0.9300 - dice_coeff: 0.9378 - iou_score: 0.9198 - loss: 0.2468 - precision: 0.9371 - recall: 0.9804
[1m 91/125[0m [32m━━━━━━━━━━━━━━[0m[37m━━━━━━[0m [1m8:24[0m 15s/step - accuracy: 0.9299 - dice_coeff: 0.9377 - iou_score: 0.9198 - loss: 0.2468 - precision: 0.9370 - recall: 0.9804
[1m 92/125[0m [32m━━━━━━━━━━━━━━[0m[37m━━━━━━[0m [1m8:10[0m 15s/step - accuracy: 0.9299 - dice_coeff: 0.9377 - iou_score: 0.9198 - loss: 0.2468 - precision: 0.9370 - recall: 0.9804
[1m 93/125[0m [32m━━━━━━━━━━━━━━[0m[37m━━━━━━[0m [1m7:55[0m 15s/step - accuracy: 0.9299 - dice_coeff: 0.9377 - iou_score: 0.9198 - loss: 0.2468 - precision: 0.9370 - recall: 0.9804
[1m 94/125[0m [32m━━━━━━━━━━━━━━━[0m[37m━━━━━[0m [1m7:41[0m 15s/step - accuracy: 0.9299 - dice_coeff: 0.9377 - iou_score: 0.9198 - loss: 0.2468 - precision: 0.9370 - recall: 0.9804
[1m 95/125[0m [32m━━━━━━━━━━━━━━━[0m[37m━━━━━[0m [1m7:26[0m 15s/step - accuracy: 0.9299 - dice_coeff: 0.9377 - iou_score: 0.9198 - loss: 0.2468 - precision: 0.9370 - recall: 0.9804
[1m 96/125[0m [32m━━━━━━━━━━━━━━━[0m[37m━━━━━[0m [1m7:11[0m 15s/step - accuracy: 0.9299 - dice_coeff: 0.9377 - iou_score: 0.9198 - loss: 0.2468 - precision: 0.9370 - recall: 0.9804
[1m 97/125[0m [32m━━━━━━━━━━━━━━━[0m[37m━━━━━[0m [1m6:57[0m 15s/step - accuracy: 0.9299 - dice_coeff: 0.9377 - iou_score: 0.9198 - loss: 0.2468 - precision: 0.9370 - recall: 0.9804
[1m 98/125[0m [32m━━━━━━━━━━━━━━━[0m[37m━━━━━[0m [1m6:42[0m 15s/step - accuracy: 0.9299 - dice_coeff: 0.9377 - iou_score: 0.9198 - loss: 0.2468 - precision: 0.9370 - recall: 0.9804
[1m 99/125[0m [32m━━━━━━━━━━━━━━━[0m[37m━━━━━[0m [1m6:27[0m 15s/step - accuracy: 0.9299 - dice_coeff: 0.9377 - iou_score: 0.9198 - loss: 0.2468 - precision: 0.9371 - recall: 0.9804
[1m100/125[0m [32m━━━━━━━━━━━━━━━━[0m[37m━━━━[0m [1m6:13[0m 15s/step - accuracy: 0.9299 - dice_coeff: 0.9377 - iou_score: 0.9198 - loss: 0.2468 - precision: 0.9371 - recall: 0.9804
[1m101/125[0m [32m━━━━━━━━━━━━━━━━[0m[37m━━━━[0m [1m5:58[0m 15s/step - accuracy: 0.9299 - dice_coeff: 0.9377 - iou_score: 0.9198 - loss: 0.2468 - precision: 0.9371 - recall: 0.9804
[1m102/125[0m [32m━━━━━━━━━━━━━━━━[0m[37m━━━━[0m [1m5:43[0m 15s/step - accuracy: 0.9299 - dice_coeff: 0.9377 - iou_score: 0.9198 - loss: 0.2468 - precision: 0.9371 - recall: 0.9804
[1m103/125[0m [32m━━━━━━━━━━━━━━━━[0m[37m━━━━[0m [1m5:29[0m 15s/step - accuracy: 0.9299 - dice_coeff: 0.9377 - iou_score: 0.9198 - loss: 0.2468 - precision: 0.9371 - recall: 0.9804
[1m104/125[0m [32m━━━━━━━━━━━━━━━━[0m[37m━━━━[0m [1m5:14[0m 15s/step - accuracy: 0.9299 - dice_coeff: 0.9377 - iou_score: 0.9198 - loss: 0.2468 - precision: 0.9371 - recall: 0.9804
[1m105/125[0m [32m━━━━━━━━━━━━━━━━[0m[37m━━━━[0m [1m4:59[0m 15s/step - accuracy: 0.9299 - dice_coeff: 0.9377 - iou_score: 0.9198 - loss: 0.2468 - precision: 0.9371 - recall: 0.9804
[1m106/125[0m [32m━━━━━━━━━━━━━━━━[0m[37m━━━━[0m [1m4:44[0m 15s/step - accuracy: 0.9299 - dice_coeff: 0.9377 - iou_score: 0.9198 - loss: 0.2468 - precision: 0.9371 - recall: 0.9804
[1m107/125[0m [32m━━━━━━━━━━━━━━━━━[0m[37m━━━[0m [1m4:29[0m 15s/step - accuracy: 0.9299 - dice_coeff: 0.9377 - iou_score: 0.9198 - loss: 0.2468 - precision: 0.9371 - recall: 0.9804
[1m108/125[0m [32m━━━━━━━━━━━━━━━━━[0m[37m━━━[0m [1m4:15[0m 15s/step - accuracy: 0.9299 - dice_coeff: 0.9377 - iou_score: 0.9198 - loss: 0.2468 - precision: 0.9371 - recall: 0.9804
[1m109/125[0m [32m━━━━━━━━━━━━━━━━━[0m[37m━━━[0m [1m4:00[0m 15s/step - accuracy: 0.9299 - dice_coeff: 0.9377 - iou_score: 0.9198 - loss: 0.2468 - precision: 0.9371 - recall: 0.9804
[1m110/125[0m [32m━━━━━━━━━━━━━━━━━[0m[37m━━━[0m [1m3:45[0m 15s/step - accuracy: 0.9299 - dice_coeff: 0.9377 - iou_score: 0.9198 - loss: 0.2468 - precision: 0.9371 - recall: 0.9804
[1m111/125[0m [32m━━━━━━━━━━━━━━━━━[0m[37m━━━[0m [1m3:30[0m 15s/step - accuracy: 0.9299 - dice_coeff: 0.9377 - iou_score: 0.9198 - loss: 0.2468 - precision: 0.9371 - recall: 0.9804
[1m112/125[0m [32m━━━━━━━━━━━━━━━━━[0m[37m━━━[0m [1m3:15[0m 15s/step - accuracy: 0.9299 - dice_coeff: 0.9377 - iou_score: 0.9198 - loss: 0.2468 - precision: 0.9371 - recall: 0.9804
[1m113/125[0m [32m━━━━━━━━━━━━━━━━━━[0m[37m━━[0m [1m3:00[0m 15s/step - accuracy: 0.9299 - dice_coeff: 0.9377 - iou_score: 0.9198 - loss: 0.2468 - precision: 0.9371 - recall: 0.9804
[1m114/125[0m [32m━━━━━━━━━━━━━━━━━━[0m[37m━━[0m [1m2:45[0m 15s/step - accuracy: 0.9299 - dice_coeff: 0.9377 - iou_score: 0.9198 - loss: 0.2468 - precision: 0.9371 - recall: 0.9804
[1m115/125[0m [32m━━━━━━━━━━━━━━━━━━[0m[37m━━[0m [1m2:30[0m 15s/step - accuracy: 0.9299 - dice_coeff: 0.9377 - iou_score: 0.9198 - loss: 0.2468 - precision: 0.9371 - recall: 0.9804
[1m116/125[0m [32m━━━━━━━━━━━━━━━━━━[0m[37m━━[0m [1m2:15[0m 15s/step - accuracy: 0.9299 - dice_coeff: 0.9377 - iou_score: 0.9198 - loss: 0.2468 - precision: 0.9371 - recall: 0.9804
[1m117/125[0m [32m━━━━━━━━━━━━━━━━━━[0m[37m━━[0m [1m2:00[0m 15s/step - accuracy: 0.9299 - dice_coeff: 0.9377 - iou_score: 0.9198 - loss: 0.2468 - precision: 0.9371 - recall: 0.9804
[1m118/125[0m [32m━━━━━━━━━━━━━━━━━━[0m[37m━━[0m [1m1:45[0m 15s/step - accuracy: 0.9299 - dice_coeff: 0.9377 - iou_score: 0.9198 - loss: 0.2468 - precision: 0.9371 - recall: 0.9804
[1m119/125[0m [32m━━━━━━━━━━━━━━━━━━━[0m[37m━[0m [1m3:00[0m 30s/step - accuracy: 0.9299 - dice_coeff: 0.9377 - iou_score: 0.9198 - loss: 0.2468 - precision: 0.9371 - recall: 0.9804
[1m120/125[0m [32m━━━━━━━━━━━━━━━━━━━[0m[37m━[0m [1m2:29[0m 30s/step - accuracy: 0.9299 - dice_coeff: 0.9377 - iou_score: 0.9198 - loss: 0.2468 - precision: 0.9371 - recall: 0.9804
[1m121/125[0m [32m━━━━━━━━━━━━━━━━━━━[0m[37m━[0m [1m1:59[0m 30s/step - accuracy: 0.9299 - dice_coeff: 0.9377 - iou_score: 0.9198 - loss: 0.2468 - precision: 0.9371 - recall: 0.9804
[1m122/125[0m [32m━━━━━━━━━━━━━━━━━━━[0m[37m━[0m [1m1:29[0m 30s/step - accuracy: 0.9299 - dice_coeff: 0.9378 - iou_score: 0.9198 - loss: 0.2468 - precision: 0.9371 - recall: 0.9804
[1m123/125[0m [32m━━━━━━━━━━━━━━━━━━━[0m[37m━[0m [1m59s[0m 30s/step - accuracy: 0.9299 - dice_coeff: 0.9378 - iou_score: 0.9198 - loss: 0.2468 - precision: 0.9371 - recall: 0.9804 
[1m124/125[0m [32m━━━━━━━━━━━━━━━━━━━[0m[37m━[0m [1m29s[0m 29s/step - accuracy: 0.9299 - dice_coeff: 0.9378 - iou_score: 0.9198 - loss: 0.2468 - precision: 0.9371 - recall: 0.9804
[1m125/125[0m [32m━━━━━━━━━━━━━━━━━━━━[0m[37m[0m [1m0s[0m 29s/step - accuracy: 0.9299 - dice_coeff: 0.9378 - iou_score: 0.9198 - loss: 0.2467 - precision: 0.9371 - recall: 0.9804 
Epoch 21: val_dice_coeff improved from 0.92348 to 0.92355, saving model to d:\labdatanew@aniket\unet++\models\best_model.keras

Epoch 21: finished saving model to d:\labdatanew@aniket\unet++\models\best_model.keras

[1m125/125[0m [32m━━━━━━━━━━━━━━━━━━━━[0m[37m[0m [1m3731s[0m 30s/step - accuracy: 0.9298 - dice_coeff: 0.9379 - iou_score: 0.9197 - loss: 0.2465 - precision: 0.9372 - recall: 0.9802 - val_accuracy: 0.9136 - val_dice_coeff: 0.9235 - val_iou_score: 0.8999 - val_loss: 0.3011 - val_precision: 0.9181 - val_recall: 0.9785 - learning_rate: 5.0000e-05
Epoch 22/100

[1m  1/125[0m [37m━━━━━━━━━━━━━━━━━━━━[0m [1m19:22[0m 9s/step - accuracy: 0.9386 - dice_coeff: 0.9440 - iou_score: 0.9300 - loss: 0.2174 - precision: 0.9480 - recall: 0.9800
[1m  2/125[0m [37m━━━━━━━━━━━━━━━━━━━━[0m [1m18:42[0m 9s/step - accuracy: 0.9371 - dice_coeff: 0.9428 - iou_score: 0.9280 - loss: 0.2224 - precision: 0.9455 - recall: 0.9805
[1m  3/125[0m [37m━━━━━━━━━━━━━━━━━━━━[0m [1m18:41[0m 9s/step - accuracy: 0.9364 - dice_coeff: 0.9422 - iou_score: 0.9273 - loss: 0.2247 - precision: 0.9451 - recall: 0.9800
[1m  4/125[0m [37m━━━━━━━━━━━━━━━━━━━━[0m [1m18:29[0m 9s/step - accuracy: 0.9358 - dice_coeff: 0.9418 - iou_score: 0.9266 - loss: 0.2267 - precision: 0.9447 - recall: 0.9798
[1m  5/125[0m [37m━━━━━━━━━━━━━━━━━━━━[0m [1m18:21[0m 9s/step - accuracy: 0.9352 - dice_coeff: 0.9415 - iou_score: 0.9261 - loss: 0.2285 - precision: 0.9440 - recall: 0.9799
[1m  6/125[0m [37m━━━━━━━━━━━━━━━━━━━━[0m [1m18:11[0m 9s/step - accuracy: 0.9348 - dice_coeff: 0.9413 - iou_score: 0.9257 - loss: 0.2296 - precision: 0.9435 - recall: 0.9800
[1m  7/125[0m [32m━[0m[37m━━━━━━━━━━━━━━━━━━━[0m [1m18:03[0m 9s/step - accuracy: 0.9344 - dice_coeff: 0.9411 - iou_score: 0.9252 - loss: 0.2308 - precision: 0.9429 - recall: 0.9801
[1m  8/125[0m [32m━[0m[37m━━━━━━━━━━━━━━━━━━━[0m [1m17:52[0m 9s/step - accuracy: 0.9340 - dice_coeff: 0.9409 - iou_score: 0.9248 - loss: 0.2320 - precision: 0.9424 - recall: 0.9802
[1m  9/125[0m [32m━[0m[37m━━━━━━━━━━━━━━━━━━━[0m [1m17:42[0m 9s/step - accuracy: 0.9339 - dice_coeff: 0.9408 - iou_score: 0.9245 - loss: 0.2325 - precision: 0.9422 - recall: 0.9801
[1m 10/125[0m [32m━[0m[37m━━━━━━━━━━━━━━━━━━━[0m [1m17:37[0m 9s/step - accuracy: 0.9338 - dice_coeff: 0.9408 - iou_score: 0.9245 - loss: 0.2325 - precision: 0.9422 - recall: 0.9801
[1m 11/125[0m [32m━[0m[37m━━━━━━━━━━━━━━━━━━━[0m [1m17:24[0m 9s/step - accuracy: 0.9338 - dice_coeff: 0.9408 - iou_score: 0.9244 - loss: 0.2328 - precision: 0.9422 - recall: 0.9800
[1m 12/125[0m [32m━[0m[37m━━━━━━━━━━━━━━━━━━━[0m [1m17:15[0m 9s/step - accuracy: 0.9336 - dice_coeff: 0.9407 - iou_score: 0.9243 - loss: 0.2333 - precision: 0.9421 - recall: 0.9800
[1m 13/125[0m [32m━━[0m[37m━━━━━━━━━━━━━━━━━━[0m [1m17:03[0m 9s/step - accuracy: 0.9336 - dice_coeff: 0.9407 - iou_score: 0.9242 - loss: 0.2335 - precision: 0.9421 - recall: 0.9799
[1m 14/125[0m [32m━━[0m[37m━━━━━━━━━━━━━━━━━━[0m [1m16:52[0m 9s/step - accuracy: 0.9335 - dice_coeff: 0.9406 - iou_score: 0.9241 - loss: 0.2338 - precision: 0.9420 - recall: 0.9800
[1m 15/125[0m [32m━━[0m[37m━━━━━━━━━━━━━━━━━━[0m [1m16:45[0m 9s/step - accuracy: 0.9333 - dice_coeff: 0.9405 - iou_score: 0.9239 - loss: 0.2343 - precision: 0.9417 - recall: 0.9800
[1m 16/125[0m [32m━━[0m[37m━━━━━━━━━━━━━━━━━━[0m [1m16:36[0m 9s/step - accuracy: 0.9332 - dice_coeff: 0.9405 - iou_score: 0.9238 - loss: 0.2348 - precision: 0.9416 - recall: 0.9800
[1m 17/125[0m [32m━━[0m[37m━━━━━━━━━━━━━━━━━━[0m [1m16:24[0m 9s/step - accuracy: 0.9331 - dice_coeff: 0.9404 - iou_score: 0.9237 - loss: 0.2351 - precision: 0.9415 - recall: 0.9800
[1m 18/125[0m [32m━━[0m[37m━━━━━━━━━━━━━━━━━━[0m [1m16:13[0m 9s/step - accuracy: 0.9330 - dice_coeff: 0.9404 - iou_score: 0.9236 - loss: 0.2353 - precision: 0.9414 - recall: 0.9800
[1m 19/125[0m [32m━━━[0m[37m━━━━━━━━━━━━━━━━━[0m [1m16:02[0m 9s/step - accuracy: 0.9330 - dice_coeff: 0.9404 - iou_score: 0.9235 - loss: 0.2355 - precision: 0.9413 - recall: 0.9800
[1m 20/125[0m [32m━━━[0m[37m━━━━━━━━━━━━━━━━━[0m [1m15:53[0m 9s/step - accuracy: 0.9330 - dice_coeff: 0.9404 - iou_score: 0.9235 - loss: 0.2356 - precision: 0.9412 - recall: 0.9801
[1m 21/125[0m [32m━━━[0m[37m━━━━━━━━━━━━━━━━━[0m [1m15:45[0m 9s/step - accuracy: 0.9329 - dice_coeff: 0.9403 - iou_score: 0.9235 - loss: 0.2358 - precision: 0.9411 - recall: 0.9801
[1m 22/125[0m [32m━━━[0m[37m━━━━━━━━━━━━━━━━━[0m [1m15:33[0m 9s/step - accuracy: 0.9329 - dice_coeff: 0.9403 - iou_score: 0.9234 - loss: 0.2359 - precision: 0.9410 - recall: 0.9801
[1m 23/125[0m [32m━━━[0m[37m━━━━━━━━━━━━━━━━━[0m [1m15:22[0m 9s/step - accuracy: 0.9328 - dice_coeff: 0.9403 - iou_score: 0.9233 - loss: 0.2361 - precision: 0.9410 - recall: 0.9802
[1m 24/125[0m [32m━━━[0m[37m━━━━━━━━━━━━━━━━━[0m [1m15:12[0m 9s/step - accuracy: 0.9328 - dice_coeff: 0.9403 - iou_score: 0.9233 - loss: 0.2363 - precision: 0.9409 - recall: 0.9802
[1m 25/125[0m [32m━━━━[0m[37m━━━━━━━━━━━━━━━━[0m [1m15:10[0m 9s/step - accuracy: 0.9327 - dice_coeff: 0.9402 - iou_score: 0.9232 - loss: 0.2365 - precision: 0.9408 - recall: 0.9802
[1m 26/125[0m [32m━━━━[0m[37m━━━━━━━━━━━━━━━━[0m [1m15:29[0m 9s/step - accuracy: 0.9327 - dice_coeff: 0.9402 - iou_score: 0.9231 - loss: 0.2366 - precision: 0.9407 - recall: 0.9802
[1m 27/125[0m [32m━━━━[0m[37m━━━━━━━━━━━━━━━━[0m [1m15:44[0m 10s/step - accuracy: 0.9326 - dice_coeff: 0.9402 - iou_score: 0.9231 - loss: 0.2368 - precision: 0.9407 - recall: 0.9802
[1m 28/125[0m [32m━━━━[0m[37m━━━━━━━━━━━━━━━━[0m [1m15:56[0m 10s/step - accuracy: 0.9326 - dice_coeff: 0.9401 - iou_score: 0.9230 - loss: 0.2370 - precision: 0.9406 - recall: 0.9802
[1m 29/125[0m [32m━━━━[0m[37m━━━━━━━━━━━━━━━━[0m [1m16:04[0m 10s/step - accuracy: 0.9325 - dice_coeff: 0.9401 - iou_score: 0.9229 - loss: 0.2372 - precision: 0.9406 - recall: 0.9802
[1m 30/125[0m [32m━━━━[0m[37m━━━━━━━━━━━━━━━━[0m [1m15:51[0m 10s/step - accuracy: 0.9325 - dice_coeff: 0.9401 - iou_score: 0.9229 - loss: 0.2373 - precision: 0.9405 - recall: 0.9801
[1m 31/125[0m [32m━━━━[0m[37m━━━━━━━━━━━━━━━━[0m [1m15:37[0m 10s/step - accuracy: 0.9324 - dice_coeff: 0.9400 - iou_score: 0.9228 - loss: 0.2375 - precision: 0.9405 - recall: 0.9801
[1m 32/125[0m [32m━━━━━[0m[37m━━━━━━━━━━━━━━━[0m [1m15:24[0m 10s/step - accuracy: 0.9324 - dice_coeff: 0.9400 - iou_score: 0.9228 - loss: 0.2376 - precision: 0.9404 - recall: 0.9801
[1m 33/125[0m [32m━━━━━[0m[37m━━━━━━━━━━━━━━━[0m [1m15:10[0m 10s/step - accuracy: 0.9324 - dice_coeff: 0.9400 - iou_score: 0.9227 - loss: 0.2378 - precision: 0.9403 - recall: 0.9801
[1m 34/125[0m [32m━━━━━[0m[37m━━━━━━━━━━━━━━━[0m [1m14:57[0m 10s/step - accuracy: 0.9323 - dice_coeff: 0.9399 - iou_score: 0.9227 - loss: 0.2379 - precision: 0.9403 - recall: 0.9801
[1m 35/125[0m [32m━━━━━[0m[37m━━━━━━━━━━━━━━━[0m [1m14:44[0m 10s/step - accuracy: 0.9323 - dice_coeff: 0.9399 - iou_score: 0.9226 - loss: 0.2380 - precision: 0.9402 - recall: 0.9801
[1m 36/125[0m [32m━━━━━[0m[37m━━━━━━━━━━━━━━━[0m [1m14:31[0m 10s/step - accuracy: 0.9322 - dice_coeff: 0.9399 - iou_score: 0.9226 - loss: 0.2381 - precision: 0.9402 - recall: 0.9801
[1m 37/125[0m [32m━━━━━[0m[37m━━━━━━━━━━━━━━━[0m [1m14:19[0m 10s/step - accuracy: 0.9322 - dice_coeff: 0.9399 - iou_score: 0.9225 - loss: 0.2383 - precision: 0.9401 - recall: 0.9801
[1m 38/125[0m [32m━━━━━━[0m[37m━━━━━━━━━━━━━━[0m [1m14:07[0m 10s/step - accuracy: 0.9322 - dice_coeff: 0.9398 - iou_score: 0.9225 - loss: 0.2384 - precision: 0.9401 - recall: 0.9802
[1m 39/125[0m [32m━━━━━━[0m[37m━━━━━━━━━━━━━━[0m [1m13:54[0m 10s/step - accuracy: 0.9321 - dice_coeff: 0.9398 - iou_score: 0.9224 - loss: 0.2385 - precision: 0.9400 - recall: 0.9802
[1m 40/125[0m [32m━━━━━━[0m[37m━━━━━━━━━━━━━━[0m [1m13:43[0m 10s/step - accuracy: 0.9321 - dice_coeff: 0.9398 - iou_score: 0.9224 - loss: 0.2387 - precision: 0.9400 - recall: 0.9802
[1m 41/125[0m [32m━━━━━━[0m[37m━━━━━━━━━━━━━━[0m [1m13:31[0m 10s/step - accuracy: 0.9320 - dice_coeff: 0.9397 - iou_score: 0.9223 - loss: 0.2388 - precision: 0.9399 - recall: 0.9802
[1m 42/125[0m [32m━━━━━━[0m[37m━━━━━━━━━━━━━━[0m [1m13:19[0m 10s/step - accuracy: 0.9320 - dice_coeff: 0.9397 - iou_score: 0.9223 - loss: 0.2390 - precision: 0.9399 - recall: 0.9802
[1m 43/125[0m [32m━━━━━━[0m[37m━━━━━━━━━━━━━━[0m [1m13:08[0m 10s/step - accuracy: 0.9320 - dice_coeff: 0.9397 - iou_score: 0.9222 - loss: 0.2391 - precision: 0.9398 - recall: 0.9801
[1m 44/125[0m [32m━━━━━━━[0m[37m━━━━━━━━━━━━━[0m [1m12:56[0m 10s/step - accuracy: 0.9320 - dice_coeff: 0.9397 - iou_score: 0.9222 - loss: 0.2392 - precision: 0.9398 - recall: 0.9801
[1m 45/125[0m [32m━━━━━━━[0m[37m━━━━━━━━━━━━━[0m [1m12:45[0m 10s/step - accuracy: 0.9319 - dice_coeff: 0.9397 - iou_score: 0.9222 - loss: 0.2392 - precision: 0.9398 - recall: 0.9801
[1m 46/125[0m [32m━━━━━━━[0m[37m━━━━━━━━━━━━━[0m [1m12:34[0m 10s/step - accuracy: 0.9319 - dice_coeff: 0.9396 - iou_score: 0.9222 - loss: 0.2393 - precision: 0.9397 - recall: 0.9801
[1m 47/125[0m [32m━━━━━━━[0m[37m━━━━━━━━━━━━━[0m [1m12:22[0m 10s/step - accuracy: 0.9319 - dice_coeff: 0.9396 - iou_score: 0.9221 - loss: 0.2394 - precision: 0.9397 - recall: 0.9801
[1m 48/125[0m [32m━━━━━━━[0m[37m━━━━━━━━━━━━━[0m [1m12:08[0m 9s/step - accuracy: 0.9319 - dice_coeff: 0.9396 - iou_score: 0.9221 - loss: 0.2394 - precision: 0.9397 - recall: 0.9801 
[1m 49/125[0m [32m━━━━━━━[0m[37m━━━━━━━━━━━━━[0m [1m11:55[0m 9s/step - accuracy: 0.9319 - dice_coeff: 0.9396 - iou_score: 0.9221 - loss: 0.2395 - precision: 0.9397 - recall: 0.9801
[1m 50/125[0m [32m━━━━━━━━[0m[37m━━━━━━━━━━━━[0m [1m11:42[0m 9s/step - accuracy: 0.9318 - dice_coeff: 0.9396 - iou_score: 0.9221 - loss: 0.2395 - precision: 0.9397 - recall: 0.9801
[1m 51/125[0m [32m━━━━━━━━[0m[37m━━━━━━━━━━━━[0m [1m11:29[0m 9s/step - accuracy: 0.9318 - dice_coeff: 0.9396 - iou_score: 0.9221 - loss: 0.2396 - precision: 0.9396 - recall: 0.9801
[1m 52/125[0m [32m━━━━━━━━[0m[37m━━━━━━━━━━━━[0m [1m11:16[0m 9s/step - accuracy: 0.9318 - dice_coeff: 0.9396 - iou_score: 0.9220 - loss: 0.2396 - precision: 0.9396 - recall: 0.9801
[1m 53/125[0m [32m━━━━━━━━[0m[37m━━━━━━━━━━━━[0m [1m11:04[0m 9s/step - accuracy: 0.9318 - dice_coeff: 0.9395 - iou_score: 0.9220 - loss: 0.2397 - precision: 0.9396 - recall: 0.9801
[1m 54/125[0m [32m━━━━━━━━[0m[37m━━━━━━━━━━━━[0m [1m10:52[0m 9s/step - accuracy: 0.9318 - dice_coeff: 0.9395 - iou_score: 0.9220 - loss: 0.2397 - precision: 0.9396 - recall: 0.9801
[1m 55/125[0m [32m━━━━━━━━[0m[37m━━━━━━━━━━━━[0m [1m10:40[0m 9s/step - accuracy: 0.9318 - dice_coeff: 0.9395 - iou_score: 0.9220 - loss: 0.2397 - precision: 0.9396 - recall: 0.9801
[1m 56/125[0m [32m━━━━━━━━[0m[37m━━━━━━━━━━━━[0m [1m10:28[0m 9s/step - accuracy: 0.9318 - dice_coeff: 0.9395 - iou_score: 0.9220 - loss: 0.2398 - precision: 0.9396 - recall: 0.9801
[1m 57/125[0m [32m━━━━━━━━━[0m[37m━━━━━━━━━━━[0m [1m10:17[0m 9s/step - accuracy: 0.9318 - dice_coeff: 0.9395 - iou_score: 0.9220 - loss: 0.2398 - precision: 0.9395 - recall: 0.9801
[1m 58/125[0m [32m━━━━━━━━━[0m[37m━━━━━━━━━━━[0m [1m10:05[0m 9s/step - accuracy: 0.9318 - dice_coeff: 0.9395 - iou_score: 0.9219 - loss: 0.2399 - precision: 0.9395 - recall: 0.9801
[1m 59/125[0m [32m━━━━━━━━━[0m[37m━━━━━━━━━━━[0m [1m9:54[0m 9s/step - accuracy: 0.9317 - dice_coeff: 0.9395 - iou_score: 0.9219 - loss: 0.2399 - precision: 0.9395 - recall: 0.9801 
[1m 60/125[0m [32m━━━━━━━━━[0m[37m━━━━━━━━━━━[0m [1m9:43[0m 9s/step - accuracy: 0.9317 - dice_coeff: 0.9395 - iou_score: 0.9219 - loss: 0.2400 - precision: 0.9395 - recall: 0.9801
[1m 61/125[0m [32m━━━━━━━━━[0m[37m━━━━━━━━━━━[0m [1m9:32[0m 9s/step - accuracy: 0.9317 - dice_coeff: 0.9394 - iou_score: 0.9219 - loss: 0.2401 - precision: 0.9394 - recall: 0.9801
[1m 62/125[0m [32m━━━━━━━━━[0m[37m━━━━━━━━━━━[0m [1m9:22[0m 9s/step - accuracy: 0.9317 - dice_coeff: 0.9394 - iou_score: 0.9218 - loss: 0.2401 - precision: 0.9394 - recall: 0.9801
[1m 63/125[0m [32m━━━━━━━━━━[0m[37m━━━━━━━━━━[0m [1m9:11[0m 9s/step - accuracy: 0.9316 - dice_coeff: 0.9394 - iou_score: 0.9218 - loss: 0.2402 - precision: 0.9394 - recall: 0.9801
[1m 64/125[0m [32m━━━━━━━━━━[0m[37m━━━━━━━━━━[0m [1m9:01[0m 9s/step - accuracy: 0.9316 - dice_coeff: 0.9394 - iou_score: 0.9218 - loss: 0.2403 - precision: 0.9394 - recall: 0.9801
[1m 65/125[0m [32m━━━━━━━━━━[0m[37m━━━━━━━━━━[0m [1m8:50[0m 9s/step - accuracy: 0.9316 - dice_coeff: 0.9394 - iou_score: 0.9217 - loss: 0.2404 - precision: 0.9393 - recall: 0.9801
[1m 66/125[0m [32m━━━━━━━━━━[0m[37m━━━━━━━━━━[0m [1m8:40[0m 9s/step - accuracy: 0.9316 - dice_coeff: 0.9393 - iou_score: 0.9217 - loss: 0.2404 - precision: 0.9393 - recall: 0.9801
[1m 67/125[0m [32m━━━━━━━━━━[0m[37m━━━━━━━━━━[0m [1m8:30[0m 9s/step - accuracy: 0.9316 - dice_coeff: 0.9393 - iou_score: 0.9217 - loss: 0.2405 - precision: 0.9393 - recall: 0.9801
[1m 68/125[0m [32m━━━━━━━━━━[0m[37m━━━━━━━━━━[0m [1m8:20[0m 9s/step - accuracy: 0.9316 - dice_coeff: 0.9393 - iou_score: 0.9217 - loss: 0.2405 - precision: 0.9393 - recall: 0.9801
[1m 69/125[0m [32m━━━━━━━━━━━[0m[37m━━━━━━━━━[0m [1m8:10[0m 9s/step - accuracy: 0.9315 - dice_coeff: 0.9393 - iou_score: 0.9217 - loss: 0.2406 - precision: 0.9393 - recall: 0.9801
[1m 70/125[0m [32m━━━━━━━━━━━[0m[37m━━━━━━━━━[0m [1m8:00[0m 9s/step - accuracy: 0.9315 - dice_coeff: 0.9393 - iou_score: 0.9216 - loss: 0.2406 - precision: 0.9392 - recall: 0.9801
[1m 71/125[0m [32m━━━━━━━━━━━[0m[37m━━━━━━━━━[0m [1m7:50[0m 9s/step - accuracy: 0.9315 - dice_coeff: 0.9393 - iou_score: 0.9216 - loss: 0.2407 - precision: 0.9392 - recall: 0.9801
[1m 72/125[0m [32m━━━━━━━━━━━[0m[37m━━━━━━━━━[0m [1m7:40[0m 9s/step - accuracy: 0.9315 - dice_coeff: 0.9393 - iou_score: 0.9216 - loss: 0.2407 - precision: 0.9392 - recall: 0.9801
[1m 73/125[0m [32m━━━━━━━━━━━[0m[37m━━━━━━━━━[0m [1m7:31[0m 9s/step - accuracy: 0.9315 - dice_coeff: 0.9393 - iou_score: 0.9216 - loss: 0.2408 - precision: 0.9392 - recall: 0.9801
[1m 74/125[0m [32m━━━━━━━━━━━[0m[37m━━━━━━━━━[0m [1m7:21[0m 9s/step - accuracy: 0.9315 - dice_coeff: 0.9392 - iou_score: 0.9216 - loss: 0.2408 - precision: 0.9392 - recall: 0.9801
[1m 75/125[0m [32m━━━━━━━━━━━━[0m[37m━━━━━━━━[0m [1m7:12[0m 9s/step - accuracy: 0.9315 - dice_coeff: 0.9392 - iou_score: 0.9215 - loss: 0.2408 - precision: 0.9392 - recall: 0.9801
[1m 76/125[0m [32m━━━━━━━━━━━━[0m[37m━━━━━━━━[0m [1m7:02[0m 9s/step - accuracy: 0.9314 - dice_coeff: 0.9392 - iou_score: 0.9215 - loss: 0.2409 - precision: 0.9391 - recall: 0.9801
[1m 77/125[0m [32m━━━━━━━━━━━━[0m[37m━━━━━━━━[0m [1m6:53[0m 9s/step - accuracy: 0.9314 - dice_coeff: 0.9392 - iou_score: 0.9215 - loss: 0.2409 - precision: 0.9391 - recall: 0.9801
[1m 78/125[0m [32m━━━━━━━━━━━━[0m[37m━━━━━━━━[0m [1m6:43[0m 9s/step - accuracy: 0.9314 - dice_coeff: 0.9392 - iou_score: 0.9215 - loss: 0.2410 - precision: 0.9391 - recall: 0.9801
[1m 79/125[0m [32m━━━━━━━━━━━━[0m[37m━━━━━━━━[0m [1m6:34[0m 9s/step - accuracy: 0.9314 - dice_coeff: 0.9392 - iou_score: 0.9215 - loss: 0.2410 - precision: 0.9391 - recall: 0.9801
[1m 80/125[0m [32m━━━━━━━━━━━━[0m[37m━━━━━━━━[0m [1m6:25[0m 9s/step - accuracy: 0.9314 - dice_coeff: 0.9392 - iou_score: 0.9215 - loss: 0.2410 - precision: 0.9391 - recall: 0.9801
[1m 81/125[0m [32m━━━━━━━━━━━━[0m[37m━━━━━━━━[0m [1m6:16[0m 9s/step - accuracy: 0.9314 - dice_coeff: 0.9392 - iou_score: 0.9215 - loss: 0.2411 - precision: 0.9391 - recall: 0.9801
[1m 82/125[0m [32m━━━━━━━━━━━━━[0m[37m━━━━━━━[0m [1m6:06[0m 9s/step - accuracy: 0.9314 - dice_coeff: 0.9392 - iou_score: 0.9215 - loss: 0.2411 - precision: 0.9391 - recall: 0.9801
[1m 83/125[0m [32m━━━━━━━━━━━━━[0m[37m━━━━━━━[0m [1m5:57[0m 9s/step - accuracy: 0.9314 - dice_coeff: 0.9392 - iou_score: 0.9214 - loss: 0.2411 - precision: 0.9390 - recall: 0.9801
[1m 84/125[0m [32m━━━━━━━━━━━━━[0m[37m━━━━━━━[0m [1m5:48[0m 9s/step - accuracy: 0.9314 - dice_coeff: 0.9392 - iou_score: 0.9214 - loss: 0.2412 - precision: 0.9390 - recall: 0.9801
[1m 85/125[0m [32m━━━━━━━━━━━━━[0m[37m━━━━━━━[0m [1m5:39[0m 8s/step - accuracy: 0.9313 - dice_coeff: 0.9391 - iou_score: 0.9214 - loss: 0.2412 - precision: 0.9390 - recall: 0.9801
[1m 86/125[0m [32m━━━━━━━━━━━━━[0m[37m━━━━━━━[0m [1m5:30[0m 8s/step - accuracy: 0.9313 - dice_coeff: 0.9391 - iou_score: 0.9214 - loss: 0.2413 - precision: 0.9390 - recall: 0.9801
[1m 87/125[0m [32m━━━━━━━━━━━━━[0m[37m━━━━━━━[0m [1m5:21[0m 8s/step - accuracy: 0.9313 - dice_coeff: 0.9391 - iou_score: 0.9214 - loss: 0.2413 - precision: 0.9390 - recall: 0.9801
[1m 88/125[0m [32m━━━━━━━━━━━━━━[0m[37m━━━━━━[0m [1m5:12[0m 8s/step - accuracy: 0.9313 - dice_coeff: 0.9391 - iou_score: 0.9214 - loss: 0.2414 - precision: 0.9390 - recall: 0.9801
[1m 89/125[0m [32m━━━━━━━━━━━━━━[0m[37m━━━━━━[0m [1m5:03[0m 8s/step - accuracy: 0.9313 - dice_coeff: 0.9391 - iou_score: 0.9213 - loss: 0.2414 - precision: 0.9390 - recall: 0.9801
[1m 90/125[0m [32m━━━━━━━━━━━━━━[0m[37m━━━━━━[0m [1m4:54[0m 8s/step - accuracy: 0.9313 - dice_coeff: 0.9391 - iou_score: 0.9213 - loss: 0.2414 - precision: 0.9389 - recall: 0.9801
[1m 91/125[0m [32m━━━━━━━━━━━━━━[0m[37m━━━━━━[0m [1m4:46[0m 8s/step - accuracy: 0.9313 - dice_coeff: 0.9391 - iou_score: 0.9213 - loss: 0.2415 - precision: 0.9389 - recall: 0.9801
[1m 92/125[0m [32m━━━━━━━━━━━━━━[0m[37m━━━━━━[0m [1m4:37[0m 8s/step - accuracy: 0.9313 - dice_coeff: 0.9391 - iou_score: 0.9213 - loss: 0.2415 - precision: 0.9389 - recall: 0.9801
[1m 93/125[0m [32m━━━━━━━━━━━━━━[0m[37m━━━━━━[0m [1m4:28[0m 8s/step - accuracy: 0.9312 - dice_coeff: 0.9391 - iou_score: 0.9213 - loss: 0.2415 - precision: 0.9389 - recall: 0.9801
[1m 94/125[0m [32m━━━━━━━━━━━━━━━[0m[37m━━━━━[0m [1m4:19[0m 8s/step - accuracy: 0.9312 - dice_coeff: 0.9391 - iou_score: 0.9213 - loss: 0.2416 - precision: 0.9389 - recall: 0.9801
[1m 95/125[0m [32m━━━━━━━━━━━━━━━[0m[37m━━━━━[0m [1m4:11[0m 8s/step - accuracy: 0.9312 - dice_coeff: 0.9391 - iou_score: 0.9213 - loss: 0.2416 - precision: 0.9389 - recall: 0.9801
[1m 96/125[0m [32m━━━━━━━━━━━━━━━[0m[37m━━━━━[0m [1m4:02[0m 8s/step - accuracy: 0.9312 - dice_coeff: 0.9390 - iou_score: 0.9213 - loss: 0.2416 - precision: 0.9389 - recall: 0.9801
[1m 97/125[0m [32m━━━━━━━━━━━━━━━[0m[37m━━━━━[0m [1m3:53[0m 8s/step - accuracy: 0.9312 - dice_coeff: 0.9390 - iou_score: 0.9212 - loss: 0.2417 - precision: 0.9389 - recall: 0.9801
[1m 98/125[0m [32m━━━━━━━━━━━━━━━[0m[37m━━━━━[0m [1m3:45[0m 8s/step - accuracy: 0.9312 - dice_coeff: 0.9390 - iou_score: 0.9212 - loss: 0.2417 - precision: 0.9388 - recall: 0.9801
[1m 99/125[0m [32m━━━━━━━━━━━━━━━[0m[37m━━━━━[0m [1m3:36[0m 8s/step - accuracy: 0.9312 - dice_coeff: 0.9390 - iou_score: 0.9212 - loss: 0.2417 - precision: 0.9388 - recall: 0.9801
[1m100/125[0m [32m━━━━━━━━━━━━━━━━[0m[37m━━━━[0m [1m3:28[0m 8s/step - accuracy: 0.9312 - dice_coeff: 0.9390 - iou_score: 0.9212 - loss: 0.2418 - precision: 0.9388 - recall: 0.9801
[1m101/125[0m [32m━━━━━━━━━━━━━━━━[0m[37m━━━━[0m [1m3:19[0m 8s/step - accuracy: 0.9312 - dice_coeff: 0.9390 - iou_score: 0.9212 - loss: 0.2418 - precision: 0.9388 - recall: 0.9801
[1m102/125[0m [32m━━━━━━━━━━━━━━━━[0m[37m━━━━[0m [1m3:10[0m 8s/step - accuracy: 0.9312 - dice_coeff: 0.9390 - iou_score: 0.9212 - loss: 0.2418 - precision: 0.9388 - recall: 0.9801
[1m103/125[0m [32m━━━━━━━━━━━━━━━━[0m[37m━━━━[0m [1m3:02[0m 8s/step - accuracy: 0.9312 - dice_coeff: 0.9390 - iou_score: 0.9212 - loss: 0.2419 - precision: 0.9388 - recall: 0.9801
[1m104/125[0m [32m━━━━━━━━━━━━━━━━[0m[37m━━━━[0m [1m2:53[0m 8s/step - accuracy: 0.9311 - dice_coeff: 0.9390 - iou_score: 0.9212 - loss: 0.2419 - precision: 0.9388 - recall: 0.9801
[1m105/125[0m [32m━━━━━━━━━━━━━━━━[0m[37m━━━━[0m [1m2:45[0m 8s/step - accuracy: 0.9311 - dice_coeff: 0.9390 - iou_score: 0.9212 - loss: 0.2419 - precision: 0.9388 - recall: 0.9801
[1m106/125[0m [32m━━━━━━━━━━━━━━━━[0m[37m━━━━[0m [1m2:37[0m 8s/step - accuracy: 0.9311 - dice_coeff: 0.9390 - iou_score: 0.9212 - loss: 0.2419 - precision: 0.9388 - recall: 0.9801
[1m107/125[0m [32m━━━━━━━━━━━━━━━━━[0m[37m━━━[0m [1m2:28[0m 8s/step - accuracy: 0.9311 - dice_coeff: 0.9390 - iou_score: 0.9211 - loss: 0.2420 - precision: 0.9388 - recall: 0.9801
[1m108/125[0m [32m━━━━━━━━━━━━━━━━━[0m[37m━━━[0m [1m2:20[0m 8s/step - accuracy: 0.9311 - dice_coeff: 0.9390 - iou_score: 0.9211 - loss: 0.2420 - precision: 0.9387 - recall: 0.9801
[1m109/125[0m [32m━━━━━━━━━━━━━━━━━[0m[37m━━━[0m [1m2:11[0m 8s/step - accuracy: 0.9311 - dice_coeff: 0.9390 - iou_score: 0.9211 - loss: 0.2420 - precision: 0.9387 - recall: 0.9801
[1m110/125[0m [32m━━━━━━━━━━━━━━━━━[0m[37m━━━[0m [1m2:03[0m 8s/step - accuracy: 0.9311 - dice_coeff: 0.9390 - iou_score: 0.9211 - loss: 0.2420 - precision: 0.9387 - recall: 0.9801
[1m111/125[0m [32m━━━━━━━━━━━━━━━━━[0m[37m━━━[0m [1m1:55[0m 8s/step - accuracy: 0.9311 - dice_coeff: 0.9390 - iou_score: 0.9211 - loss: 0.2420 - precision: 0.9387 - recall: 0.9801
[1m112/125[0m [32m━━━━━━━━━━━━━━━━━[0m[37m━━━[0m [1m1:46[0m 8s/step - accuracy: 0.9311 - dice_coeff: 0.9389 - iou_score: 0.9211 - loss: 0.2421 - precision: 0.9387 - recall: 0.9801
[1m113/125[0m [32m━━━━━━━━━━━━━━━━━━[0m[37m━━[0m [1m1:38[0m 8s/step - accuracy: 0.9311 - dice_coeff: 0.9389 - iou_score: 0.9211 - loss: 0.2421 - precision: 0.9387 - recall: 0.9801
[1m114/125[0m [32m━━━━━━━━━━━━━━━━━━[0m[37m━━[0m [1m1:30[0m 8s/step - accuracy: 0.9311 - dice_coeff: 0.9389 - iou_score: 0.9211 - loss: 0.2421 - precision: 0.9387 - recall: 0.9801
[1m115/125[0m [32m━━━━━━━━━━━━━━━━━━[0m[37m━━[0m [1m1:21[0m 8s/step - accuracy: 0.9311 - dice_coeff: 0.9389 - iou_score: 0.9211 - loss: 0.2421 - precision: 0.9387 - recall: 0.9801
[1m116/125[0m [32m━━━━━━━━━━━━━━━━━━[0m[37m━━[0m [1m1:13[0m 8s/step - accuracy: 0.9311 - dice_coeff: 0.9389 - iou_score: 0.9211 - loss: 0.2422 - precision: 0.9387 - recall: 0.9801
[1m117/125[0m [32m━━━━━━━━━━━━━━━━━━[0m[37m━━[0m [1m1:05[0m 8s/step - accuracy: 0.9311 - dice_coeff: 0.9389 - iou_score: 0.9211 - loss: 0.2422 - precision: 0.9387 - recall: 0.9801
[1m118/125[0m [32m━━━━━━━━━━━━━━━━━━[0m[37m━━[0m [1m57s[0m 8s/step - accuracy: 0.9311 - dice_coeff: 0.9389 - iou_score: 0.9211 - loss: 0.2422 - precision: 0.9387 - recall: 0.9801 
[1m119/125[0m [32m━━━━━━━━━━━━━━━━━━━[0m[37m━[0m [1m48s[0m 8s/step - accuracy: 0.9310 - dice_coeff: 0.9389 - iou_score: 0.9210 - loss: 0.2422 - precision: 0.9387 - recall: 0.9801
[1m120/125[0m [32m━━━━━━━━━━━━━━━━━━━[0m[37m━[0m [1m40s[0m 8s/step - accuracy: 0.9310 - dice_coeff: 0.9389 - iou_score: 0.9210 - loss: 0.2422 - precision: 0.9386 - recall: 0.9801
[1m121/125[0m [32m━━━━━━━━━━━━━━━━━━━[0m[37m━[0m [1m32s[0m 8s/step - accuracy: 0.9310 - dice_coeff: 0.9389 - iou_score: 0.9210 - loss: 0.2423 - precision: 0.9386 - recall: 0.9801
[1m122/125[0m [32m━━━━━━━━━━━━━━━━━━━[0m[37m━[0m [1m24s[0m 8s/step - accuracy: 0.9310 - dice_coeff: 0.9389 - iou_score: 0.9210 - loss: 0.2423 - precision: 0.9386 - recall: 0.9801
[1m123/125[0m [32m━━━━━━━━━━━━━━━━━━━[0m[37m━[0m [1m16s[0m 8s/step - accuracy: 0.9310 - dice_coeff: 0.9389 - iou_score: 0.9210 - loss: 0.2423 - precision: 0.9386 - recall: 0.9801
[1m124/125[0m [32m━━━━━━━━━━━━━━━━━━━[0m[37m━[0m [1m8s[0m 8s/step - accuracy: 0.9310 - dice_coeff: 0.9389 - iou_score: 0.9210 - loss: 0.2423 - precision: 0.9386 - recall: 0.9801 
[1m125/125[0m [32m━━━━━━━━━━━━━━━━━━━━[0m[37m[0m [1m0s[0m 8s/step - accuracy: 0.9310 - dice_coeff: 0.9389 - iou_score: 0.9210 - loss: 0.2423 - precision: 0.9386 - recall: 0.9801
Epoch 22: val_dice_coeff improved from 0.92355 to 0.92436, saving model to d:\labdatanew@aniket\unet++\models\best_model.keras

Epoch 22: finished saving model to d:\labdatanew@aniket\unet++\models\best_model.keras

Epoch 22: ReduceLROnPlateau reducing learning rate to 2.499999936844688e-05.

[1m125/125[0m [32m━━━━━━━━━━━━━━━━━━━━[0m[37m[0m [1m1091s[0m 9s/step - accuracy: 0.9302 - dice_coeff: 0.9383 - iou_score: 0.9201 - loss: 0.2451 - precision: 0.9377 - recall: 0.9800 - val_accuracy: 0.9143 - val_dice_coeff: 0.9244 - val_iou_score: 0.9006 - val_loss: 0.2961 - val_precision: 0.9191 - val_recall: 0.9781 - learning_rate: 5.0000e-05
Epoch 23/100

[1m  1/125[0m [37m━━━━━━━━━━━━━━━━━━━━[0m [1m15:07[0m 7s/step - accuracy: 0.9400 - dice_coeff: 0.9460 - iou_score: 0.9322 - loss: 0.2102 - precision: 0.9482 - recall: 0.9822
[1m  2/125[0m [37m━━━━━━━━━━━━━━━━━━━━[0m [1m14:59[0m 7s/step - accuracy: 0.9388 - dice_coeff: 0.9447 - iou_score: 0.9307 - loss: 0.2151 - precision: 0.9484 - recall: 0.9804
[1m  3/125[0m [37m━━━━━━━━━━━━━━━━━━━━[0m [1m14:52[0m 7s/step - accuracy: 0.9387 - dice_coeff: 0.9443 - iou_score: 0.9305 - loss: 0.2161 - precision: 0.9484 - recall: 0.9801
[1m  4/125[0m [37m━━━━━━━━━━━━━━━━━━━━[0m [1m14:48[0m 7s/step - accuracy: 0.9384 - dice_coeff: 0.9440 - iou_score: 0.9302 - loss: 0.2172 - precision: 0.9480 - recall: 0.9802
[1m  5/125[0m [37m━━━━━━━━━━━━━━━━━━━━[0m [1m14:41[0m 7s/step - accuracy: 0.9379 - dice_coeff: 0.9437 - iou_score: 0.9296 - loss: 0.2189 - precision: 0.9474 - recall: 0.9803
[1m  6/125[0m [37m━━━━━━━━━━━━━━━━━━━━[0m [1m14:35[0m 7s/step - accuracy: 0.9374 - dice_coeff: 0.9434 - iou_score: 0.9291 - loss: 0.2204 - precision: 0.9467 - recall: 0.9805
[1m  7/125[0m [32m━[0m[37m━━━━━━━━━━━━━━━━━━━[0m [1m14:28[0m 7s/step - accuracy: 0.9370 - dice_coeff: 0.9432 - iou_score: 0.9286 - loss: 0.2218 - precision: 0.9459 - recall: 0.9807
[1m  8/125[0m [32m━[0m[37m━━━━━━━━━━━━━━━━━━━[0m [1m14:21[0m 7s/step - accuracy: 0.9368 - dice_coeff: 0.9431 - iou_score: 0.9284 - loss: 0.2223 - precision: 0.9456 - recall: 0.9808
[1m  9/125[0m [32m━[0m[37m━━━━━━━━━━━━━━━━━━━[0m [1m14:13[0m 7s/step - accuracy: 0.9368 - dice_coeff: 0.9431 - iou_score: 0.9284 - loss: 0.2224 - precision: 0.9455 - recall: 0.9809
[1m 10/125[0m [32m━[0m[37m━━━━━━━━━━━━━━━━━━━[0m [1m14:05[0m 7s/step - accuracy: 0.9366 - dice_coeff: 0.9430 - iou_score: 0.9281 - loss: 0.2230 - precision: 0.9451 - recall: 0.9810
[1m 11/125[0m [32m━[0m[37m━━━━━━━━━━━━━━━━━━━[0m [1m13:57[0m 7s/step - accuracy: 0.9364 - dice_coeff: 0.9429 - iou_score: 0.9279 - loss: 0.2236 - precision: 0.9448 - recall: 0.9811
[1m 12/125[0m [32m━[0m[37m━━━━━━━━━━━━━━━━━━━[0m [1m13:50[0m 7s/step - accuracy: 0.9362 - dice_coeff: 0.9429 - iou_score: 0.9276 - loss: 0.2243 - precision: 0.9444 - recall: 0.9812
[1m 13/125[0m [32m━━[0m[37m━━━━━━━━━━━━━━━━━━[0m [1m13:43[0m 7s/step - accuracy: 0.9359 - dice_coeff: 0.9427 - iou_score: 0.9272 - loss: 0.2253 - precision: 0.9439 - recall: 0.9813
[1m 14/125[0m [32m━━[0m[37m━━━━━━━━━━━━━━━━━━[0m [1m13:36[0m 7s/step - accuracy: 0.9356 - dice_coeff: 0.9426 - iou_score: 0.9270 - loss: 0.2260 - precision: 0.9436 - recall: 0.9813
[1m 15/125[0m [32m━━[0m[37m━━━━━━━━━━━━━━━━━━[0m [1m13:29[0m 7s/step - accuracy: 0.9354 - dice_coeff: 0.9425 - iou_score: 0.9267 - loss: 0.2266 - precision: 0.9433 - recall: 0.9814
[1m 16/125[0m [32m━━[0m[37m━━━━━━━━━━━━━━━━━━[0m [1m13:22[0m 7s/step - accuracy: 0.9353 - dice_coeff: 0.9424 - iou_score: 0.9265 - loss: 0.2272 - precision: 0.9432 - recall: 0.9813
[1m 17/125[0m [32m━━[0m[37m━━━━━━━━━━━━━━━━━━[0m [1m13:15[0m 7s/step - accuracy: 0.9351 - dice_coeff: 0.9423 - iou_score: 0.9263 - loss: 0.2276 - precision: 0.9430 - recall: 0.9813
[1m 18/125[0m [32m━━[0m[37m━━━━━━━━━━━━━━━━━━[0m [1m13:08[0m 7s/step - accuracy: 0.9350 - dice_coeff: 0.9422 - iou_score: 0.9262 - loss: 0.2281 - precision: 0.9428 - recall: 0.9813
[1m 19/125[0m [32m━━━[0m[37m━━━━━━━━━━━━━━━━━[0m [1m13:00[0m 7s/step - accuracy: 0.9349 - dice_coeff: 0.9421 - iou_score: 0.9260 - loss: 0.2285 - precision: 0.9427 - recall: 0.9813
[1m 20/125[0m [32m━━━[0m[37m━━━━━━━━━━━━━━━━━[0m [1m12:54[0m 7s/step - accuracy: 0.9348 - dice_coeff: 0.9420 - iou_score: 0.9258 - loss: 0.2289 - precision: 0.9426 - recall: 0.9812
[1m 21/125[0m [32m━━━[0m[37m━━━━━━━━━━━━━━━━━[0m [1m12:48[0m 7s/step - accuracy: 0.9346 - dice_coeff: 0.9420 - iou_score: 0.9257 - loss: 0.2293 - precision: 0.9424 - recall: 0.9812
[1m 22/125[0m [32m━━━[0m[37m━━━━━━━━━━━━━━━━━[0m [1m12:40[0m 7s/step - accuracy: 0.9345 - dice_coeff: 0.9419 - iou_score: 0.9255 - loss: 0.2297 - precision: 0.9423 - recall: 0.9812
[1m 23/125[0m [32m━━━[0m[37m━━━━━━━━━━━━━━━━━[0m [1m12:32[0m 7s/step - accuracy: 0.9344 - dice_coeff: 0.9418 - iou_score: 0.9254 - loss: 0.2302 - precision: 0.9422 - recall: 0.9811
[1m 24/125[0m [32m━━━[0m[37m━━━━━━━━━━━━━━━━━[0m [1m12:25[0m 7s/step - accuracy: 0.9343 - dice_coeff: 0.9417 - iou_score: 0.9252 - loss: 0.2306 - precision: 0.9421 - recall: 0.9810
[1m 25/125[0m [32m━━━━[0m[37m━━━━━━━━━━━━━━━━[0m [1m12:18[0m 7s/step - accuracy: 0.9341 - dice_coeff: 0.9416 - iou_score: 0.9251 - loss: 0.2310 - precision: 0.9420 - recall: 0.9810
[1m 26/125[0m [32m━━━━[0m[37m━━━━━━━━━━━━━━━━[0m [1m12:13[0m 7s/step - accuracy: 0.9340 - dice_coeff: 0.9415 - iou_score: 0.9249 - loss: 0.2314 - precision: 0.9419 - recall: 0.9809
[1m 27/125[0m [32m━━━━[0m[37m━━━━━━━━━━━━━━━━[0m [1m12:06[0m 7s/step - accuracy: 0.9339 - dice_coeff: 0.9414 - iou_score: 0.9248 - loss: 0.2318 - precision: 0.9418 - recall: 0.9809
[1m 28/125[0m [32m━━━━[0m[37m━━━━━━━━━━━━━━━━[0m [1m11:59[0m 7s/step - accuracy: 0.9338 - dice_coeff: 0.9414 - iou_score: 0.9247 - loss: 0.2321 - precision: 0.9417 - recall: 0.9808
[1m 29/125[0m [32m━━━━[0m[37m━━━━━━━━━━━━━━━━[0m [1m11:52[0m 7s/step - accuracy: 0.9337 - dice_coeff: 0.9413 - iou_score: 0.9246 - loss: 0.2324 - precision: 0.9416 - recall: 0.9808
[1m 30/125[0m [32m━━━━[0m[37m━━━━━━━━━━━━━━━━[0m [1m11:45[0m 7s/step - accuracy: 0.9337 - dice_coeff: 0.9412 - iou_score: 0.9245 - loss: 0.2326 - precision: 0.9415 - recall: 0.9808
[1m 31/125[0m [32m━━━━[0m[37m━━━━━━━━━━━━━━━━[0m [1m11:38[0m 7s/step - accuracy: 0.9336 - dice_coeff: 0.9412 - iou_score: 0.9244 - loss: 0.2329 - precision: 0.9415 - recall: 0.9808
[1m 32/125[0m [32m━━━━━[0m[37m━━━━━━━━━━━━━━━[0m [1m11:30[0m 7s/step - accuracy: 0.9335 - dice_coeff: 0.9411 - iou_score: 0.9243 - loss: 0.2331 - precision: 0.9414 - recall: 0.9808
[1m 33/125[0m [32m━━━━━[0m[37m━━━━━━━━━━━━━━━[0m [1m11:23[0m 7s/step - accuracy: 0.9335 - dice_coeff: 0.9411 - iou_score: 0.9242 - loss: 0.2334 - precision: 0.9413 - recall: 0.9808
[1m 34/125[0m [32m━━━━━[0m[37m━━━━━━━━━━━━━━━[0m [1m11:15[0m 7s/step - accuracy: 0.9334 - dice_coeff: 0.9410 - iou_score: 0.9241 - loss: 0.2336 - precision: 0.9412 - recall: 0.9808
[1m 35/125[0m [32m━━━━━[0m[37m━━━━━━━━━━━━━━━[0m [1m11:08[0m 7s/step - accuracy: 0.9333 - dice_coeff: 0.9410 - iou_score: 0.9240 - loss: 0.2339 - precision: 0.9411 - recall: 0.9807
[1m 36/125[0m [32m━━━━━[0m[37m━━━━━━━━━━━━━━━[0m [1m11:01[0m 7s/step - accuracy: 0.9332 - dice_coeff: 0.9409 - iou_score: 0.9239 - loss: 0.2342 - precision: 0.9410 - recall: 0.9807
[1m 37/125[0m [32m━━━━━[0m[37m━━━━━━━━━━━━━━━[0m [1m10:53[0m 7s/step - accuracy: 0.9331 - dice_coeff: 0.9408 - iou_score: 0.9238 - loss: 0.2344 - precision: 0.9409 - recall: 0.9807
[1m 38/125[0m [32m━━━━━━[0m[37m━━━━━━━━━━━━━━[0m [1m10:46[0m 7s/step - accuracy: 0.9331 - dice_coeff: 0.9408 - iou_score: 0.9237 - loss: 0.2347 - precision: 0.9408 - recall: 0.9807
[1m 39/125[0m [32m━━━━━━[0m[37m━━━━━━━━━━━━━━[0m [1m10:38[0m 7s/step - accuracy: 0.9330 - dice_coeff: 0.9407 - iou_score: 0.9237 - loss: 0.2349 - precision: 0.9408 - recall: 0.9807
[1m 40/125[0m [32m━━━━━━[0m[37m━━━━━━━━━━━━━━[0m [1m10:30[0m 7s/step - accuracy: 0.9329 - dice_coeff: 0.9407 - iou_score: 0.9236 - loss: 0.2351 - precision: 0.9407 - recall: 0.9807
[1m 41/125[0m [32m━━━━━━[0m[37m━━━━━━━━━━━━━━[0m [1m10:23[0m 7s/step - accuracy: 0.9329 - dice_coeff: 0.9406 - iou_score: 0.9235 - loss: 0.2353 - precision: 0.9406 - recall: 0.9807
[1m 42/125[0m [32m━━━━━━[0m[37m━━━━━━━━━━━━━━[0m [1m10:15[0m 7s/step - accuracy: 0.9328 - dice_coeff: 0.9406 - iou_score: 0.9234 - loss: 0.2355 - precision: 0.9406 - recall: 0.9807
[1m 43/125[0m [32m━━━━━━[0m[37m━━━━━━━━━━━━━━[0m [1m10:08[0m 7s/step - accuracy: 0.9328 - dice_coeff: 0.9406 - iou_score: 0.9234 - loss: 0.2357 - precision: 0.9405 - recall: 0.9807
[1m 44/125[0m [32m━━━━━━━[0m[37m━━━━━━━━━━━━━[0m [1m10:00[0m 7s/step - accuracy: 0.9327 - dice_coeff: 0.9405 - iou_score: 0.9233 - loss: 0.2359 - precision: 0.9405 - recall: 0.9806
[1m 45/125[0m [32m━━━━━━━[0m[37m━━━━━━━━━━━━━[0m [1m9:53[0m 7s/step - accuracy: 0.9327 - dice_coeff: 0.9405 - iou_score: 0.9232 - loss: 0.2361 - precision: 0.9404 - recall: 0.9806 
[1m 46/125[0m [32m━━━━━━━[0m[37m━━━━━━━━━━━━━[0m [1m9:45[0m 7s/step - accuracy: 0.9326 - dice_coeff: 0.9404 - iou_score: 0.9232 - loss: 0.2362 - precision: 0.9404 - recall: 0.9806
[1m 47/125[0m [32m━━━━━━━[0m[37m━━━━━━━━━━━━━[0m [1m9:38[0m 7s/step - accuracy: 0.9326 - dice_coeff: 0.9404 - iou_score: 0.9231 - loss: 0.2364 - precision: 0.9403 - recall: 0.9806
[1m 48/125[0m [32m━━━━━━━[0m[37m━━━━━━━━━━━━━[0m [1m9:30[0m 7s/step - accuracy: 0.9325 - dice_coeff: 0.9403 - iou_score: 0.9231 - loss: 0.2366 - precision: 0.9403 - recall: 0.9806
[1m 49/125[0m [32m━━━━━━━[0m[37m━━━━━━━━━━━━━[0m [1m9:23[0m 7s/step - accuracy: 0.9325 - dice_coeff: 0.9403 - iou_score: 0.9230 - loss: 0.2367 - precision: 0.9402 - recall: 0.9806
[1m 50/125[0m [32m━━━━━━━━[0m[37m━━━━━━━━━━━━[0m [1m9:15[0m 7s/step - accuracy: 0.9324 - dice_coeff: 0.9403 - iou_score: 0.9229 - loss: 0.2369 - precision: 0.9402 - recall: 0.9805
[1m 51/125[0m [32m━━━━━━━━[0m[37m━━━━━━━━━━━━[0m [1m9:08[0m 7s/step - accuracy: 0.9324 - dice_coeff: 0.9402 - iou_score: 0.9229 - loss: 0.2370 - precision: 0.9401 - recall: 0.9805
[1m 52/125[0m [32m━━━━━━━━[0m[37m━━━━━━━━━━━━[0m [1m9:00[0m 7s/step - accuracy: 0.9324 - dice_coeff: 0.9402 - iou_score: 0.9228 - loss: 0.2372 - precision: 0.9401 - recall: 0.9805
[1m 53/125[0m [32m━━━━━━━━[0m[37m━━━━━━━━━━━━[0m [1m8:53[0m 7s/step - accuracy: 0.9323 - dice_coeff: 0.9402 - iou_score: 0.9228 - loss: 0.2373 - precision: 0.9401 - recall: 0.9805
[1m 54/125[0m [32m━━━━━━━━[0m[37m━━━━━━━━━━━━[0m [1m8:45[0m 7s/step - accuracy: 0.9323 - dice_coeff: 0.9401 - iou_score: 0.9227 - loss: 0.2375 - precision: 0.9400 - recall: 0.9805
[1m 55/125[0m [32m━━━━━━━━[0m[37m━━━━━━━━━━━━[0m [1m8:38[0m 7s/step - accuracy: 0.9322 - dice_coeff: 0.9401 - iou_score: 0.9227 - loss: 0.2376 - precision: 0.9400 - recall: 0.9805
[1m 56/125[0m [32m━━━━━━━━[0m[37m━━━━━━━━━━━━[0m [1m8:30[0m 7s/step - accuracy: 0.9322 - dice_coeff: 0.9401 - iou_score: 0.9226 - loss: 0.2377 - precision: 0.9399 - recall: 0.9805
[1m 57/125[0m [32m━━━━━━━━━[0m[37m━━━━━━━━━━━[0m [1m8:23[0m 7s/step - accuracy: 0.9321 - dice_coeff: 0.9400 - iou_score: 0.9226 - loss: 0.2379 - precision: 0.9399 - recall: 0.9805
[1m 58/125[0m [32m━━━━━━━━━[0m[37m━━━━━━━━━━━[0m [1m8:16[0m 7s/step - accuracy: 0.9321 - dice_coeff: 0.9400 - iou_score: 0.9225 - loss: 0.2380 - precision: 0.9399 - recall: 0.9805
[1m 59/125[0m [32m━━━━━━━━━[0m[37m━━━━━━━━━━━[0m [1m8:08[0m 7s/step - accuracy: 0.9321 - dice_coeff: 0.9400 - iou_score: 0.9225 - loss: 0.2381 - precision: 0.9398 - recall: 0.9804
[1m 60/125[0m [32m━━━━━━━━━[0m[37m━━━━━━━━━━━[0m [1m8:01[0m 7s/step - accuracy: 0.9320 - dice_coeff: 0.9400 - iou_score: 0.9225 - loss: 0.2382 - precision: 0.9398 - recall: 0.9804
[1m 61/125[0m [32m━━━━━━━━━[0m[37m━━━━━━━━━━━[0m [1m7:53[0m 7s/step - accuracy: 0.9320 - dice_coeff: 0.9399 - iou_score: 0.9224 - loss: 0.2383 - precision: 0.9398 - recall: 0.9804
[1m 62/125[0m [32m━━━━━━━━━[0m[37m━━━━━━━━━━━[0m [1m7:46[0m 7s/step - accuracy: 0.9320 - dice_coeff: 0.9399 - iou_score: 0.9224 - loss: 0.2384 - precision: 0.9397 - recall: 0.9804
[1m 63/125[0m [32m━━━━━━━━━━[0m[37m━━━━━━━━━━[0m [1m7:38[0m 7s/step - accuracy: 0.9320 - dice_coeff: 0.9399 - iou_score: 0.9223 - loss: 0.2385 - precision: 0.9397 - recall: 0.9804
[1m 64/125[0m [32m━━━━━━━━━━[0m[37m━━━━━━━━━━[0m [1m7:31[0m 7s/step - accuracy: 0.9319 - dice_coeff: 0.9399 - iou_score: 0.9223 - loss: 0.2386 - precision: 0.9397 - recall: 0.9804
[1m 65/125[0m [32m━━━━━━━━━━[0m[37m━━━━━━━━━━[0m [1m7:23[0m 7s/step - accuracy: 0.9319 - dice_coeff: 0.9398 - iou_score: 0.9223 - loss: 0.2387 - precision: 0.9396 - recall: 0.9804
[1m 66/125[0m [32m━━━━━━━━━━[0m[37m━━━━━━━━━━[0m [1m7:16[0m 7s/step - accuracy: 0.9319 - dice_coeff: 0.9398 - iou_score: 0.9223 - loss: 0.2387 - precision: 0.9396 - recall: 0.9804
[1m 67/125[0m [32m━━━━━━━━━━[0m[37m━━━━━━━━━━[0m [1m7:08[0m 7s/step - accuracy: 0.9319 - dice_coeff: 0.9398 - iou_score: 0.9222 - loss: 0.2388 - precision: 0.9396 - recall: 0.9804
[1m 68/125[0m [32m━━━━━━━━━━[0m[37m━━━━━━━━━━[0m [1m7:01[0m 7s/step - accuracy: 0.9318 - dice_coeff: 0.9398 - iou_score: 0.9222 - loss: 0.2389 - precision: 0.9396 - recall: 0.9804
[1m 69/125[0m [32m━━━━━━━━━━━[0m[37m━━━━━━━━━[0m [1m6:54[0m 7s/step - accuracy: 0.9318 - dice_coeff: 0.9398 - iou_score: 0.9222 - loss: 0.2390 - precision: 0.9395 - recall: 0.9804
[1m 70/125[0m [32m━━━━━━━━━━━[0m[37m━━━━━━━━━[0m [1m6:46[0m 7s/step - accuracy: 0.9318 - dice_coeff: 0.9397 - iou_score: 0.9221 - loss: 0.2390 - precision: 0.9395 - recall: 0.9804
[1m 71/125[0m [32m━━━━━━━━━━━[0m[37m━━━━━━━━━[0m [1m6:39[0m 7s/step - accuracy: 0.9318 - dice_coeff: 0.9397 - iou_score: 0.9221 - loss: 0.2391 - precision: 0.9395 - recall: 0.9803
[1m 72/125[0m [32m━━━━━━━━━━━[0m[37m━━━━━━━━━[0m [1m6:31[0m 7s/step - accuracy: 0.9318 - dice_coeff: 0.9397 - iou_score: 0.9221 - loss: 0.2392 - precision: 0.9395 - recall: 0.9803
[1m 73/125[0m [32m━━━━━━━━━━━[0m[37m━━━━━━━━━[0m [1m6:24[0m 7s/step - accuracy: 0.9317 - dice_coeff: 0.9397 - iou_score: 0.9221 - loss: 0.2393 - precision: 0.9395 - recall: 0.9803
[1m 74/125[0m [32m━━━━━━━━━━━[0m[37m━━━━━━━━━[0m [1m6:17[0m 7s/step - accuracy: 0.9317 - dice_coeff: 0.9397 - iou_score: 0.9220 - loss: 0.2393 - precision: 0.9394 - recall: 0.9803
[1m 75/125[0m [32m━━━━━━━━━━━━[0m[37m━━━━━━━━[0m [1m6:09[0m 7s/step - accuracy: 0.9317 - dice_coeff: 0.9397 - iou_score: 0.9220 - loss: 0.2394 - precision: 0.9394 - recall: 0.9803
[1m 76/125[0m [32m━━━━━━━━━━━━[0m[37m━━━━━━━━[0m [1m6:02[0m 7s/step - accuracy: 0.9317 - dice_coeff: 0.9396 - iou_score: 0.9220 - loss: 0.2395 - precision: 0.9394 - recall: 0.9803
[1m 77/125[0m [32m━━━━━━━━━━━━[0m[37m━━━━━━━━[0m [1m5:54[0m 7s/step - accuracy: 0.9317 - dice_coeff: 0.9396 - iou_score: 0.9220 - loss: 0.2395 - precision: 0.9394 - recall: 0.9803
[1m 78/125[0m [32m━━━━━━━━━━━━[0m[37m━━━━━━━━[0m [1m5:47[0m 7s/step - accuracy: 0.9316 - dice_coeff: 0.9396 - iou_score: 0.9219 - loss: 0.2396 - precision: 0.9394 - recall: 0.9803
[1m 79/125[0m [32m━━━━━━━━━━━━[0m[37m━━━━━━━━[0m [1m5:39[0m 7s/step - accuracy: 0.9316 - dice_coeff: 0.9396 - iou_score: 0.9219 - loss: 0.2396 - precision: 0.9394 - recall: 0.9803
[1m 80/125[0m [32m━━━━━━━━━━━━[0m[37m━━━━━━━━[0m [1m5:32[0m 7s/step - accuracy: 0.9316 - dice_coeff: 0.9396 - iou_score: 0.9219 - loss: 0.2397 - precision: 0.9393 - recall: 0.9803
[1m 81/125[0m [32m━━━━━━━━━━━━[0m[37m━━━━━━━━[0m [1m5:25[0m 7s/step - accuracy: 0.9316 - dice_coeff: 0.9396 - iou_score: 0.9219 - loss: 0.2398 - precision: 0.9393 - recall: 0.9803
[1m 82/125[0m [32m━━━━━━━━━━━━━[0m[37m━━━━━━━[0m [1m5:17[0m 7s/step - accuracy: 0.9316 - dice_coeff: 0.9396 - iou_score: 0.9218 - loss: 0.2398 - precision: 0.9393 - recall: 0.9803
[1m 83/125[0m [32m━━━━━━━━━━━━━[0m[37m━━━━━━━[0m [1m5:10[0m 7s/step - accuracy: 0.9316 - dice_coeff: 0.9395 - iou_score: 0.9218 - loss: 0.2399 - precision: 0.9393 - recall: 0.9803
[1m 84/125[0m [32m━━━━━━━━━━━━━[0m[37m━━━━━━━[0m [1m5:02[0m 7s/step - accuracy: 0.9315 - dice_coeff: 0.9395 - iou_score: 0.9218 - loss: 0.2399 - precision: 0.9393 - recall: 0.9803
[1m 85/125[0m [32m━━━━━━━━━━━━━[0m[37m━━━━━━━[0m [1m4:55[0m 7s/step - accuracy: 0.9315 - dice_coeff: 0.9395 - iou_score: 0.9218 - loss: 0.2399 - precision: 0.9393 - recall: 0.9803
[1m 86/125[0m [32m━━━━━━━━━━━━━[0m[37m━━━━━━━[0m [1m4:48[0m 7s/step - accuracy: 0.9315 - dice_coeff: 0.9395 - iou_score: 0.9218 - loss: 0.2400 - precision: 0.9392 - recall: 0.9803
[1m 87/125[0m [32m━━━━━━━━━━━━━[0m[37m━━━━━━━[0m [1m4:40[0m 7s/step - accuracy: 0.9315 - dice_coeff: 0.9395 - iou_score: 0.9218 - loss: 0.2400 - precision: 0.9392 - recall: 0.9802
[1m 88/125[0m [32m━━━━━━━━━━━━━━[0m[37m━━━━━━[0m [1m4:33[0m 7s/step - accuracy: 0.9315 - dice_coeff: 0.9395 - iou_score: 0.9217 - loss: 0.2401 - precision: 0.9392 - recall: 0.9802
[1m 89/125[0m [32m━━━━━━━━━━━━━━[0m[37m━━━━━━[0m [1m4:25[0m 7s/step - accuracy: 0.9315 - dice_coeff: 0.9395 - iou_score: 0.9217 - loss: 0.2401 - precision: 0.9392 - recall: 0.9802
[1m 90/125[0m [32m━━━━━━━━━━━━━━[0m[37m━━━━━━[0m [1m4:18[0m 7s/step - accuracy: 0.9315 - dice_coeff: 0.9395 - iou_score: 0.9217 - loss: 0.2402 - precision: 0.9392 - recall: 0.9802
[1m 91/125[0m [32m━━━━━━━━━━━━━━[0m[37m━━━━━━[0m [1m4:11[0m 7s/step - accuracy: 0.9314 - dice_coeff: 0.9395 - iou_score: 0.9217 - loss: 0.2402 - precision: 0.9392 - recall: 0.9802
[1m 92/125[0m [32m━━━━━━━━━━━━━━[0m[37m━━━━━━[0m [1m4:03[0m 7s/step - accuracy: 0.9314 - dice_coeff: 0.9394 - iou_score: 0.9217 - loss: 0.2402 - precision: 0.9392 - recall: 0.9802
[1m 93/125[0m [32m━━━━━━━━━━━━━━[0m[37m━━━━━━[0m [1m3:56[0m 7s/step - accuracy: 0.9314 - dice_coeff: 0.9394 - iou_score: 0.9217 - loss: 0.2403 - precision: 0.9391 - recall: 0.9802
[1m 94/125[0m [32m━━━━━━━━━━━━━━━[0m[37m━━━━━[0m [1m3:48[0m 7s/step - accuracy: 0.9314 - dice_coeff: 0.9394 - iou_score: 0.9216 - loss: 0.2403 - precision: 0.9391 - recall: 0.9802
[1m 95/125[0m [32m━━━━━━━━━━━━━━━[0m[37m━━━━━[0m [1m3:41[0m 7s/step - accuracy: 0.9314 - dice_coeff: 0.9394 - iou_score: 0.9216 - loss: 0.2403 - precision: 0.9391 - recall: 0.9802
[1m 96/125[0m [32m━━━━━━━━━━━━━━━[0m[37m━━━━━[0m [1m3:34[0m 7s/step - accuracy: 0.9314 - dice_coeff: 0.9394 - iou_score: 0.9216 - loss: 0.2404 - precision: 0.9391 - recall: 0.9802
[1m 97/125[0m [32m━━━━━━━━━━━━━━━[0m[37m━━━━━[0m [1m3:26[0m 7s/step - accuracy: 0.9314 - dice_coeff: 0.9394 - iou_score: 0.9216 - loss: 0.2404 - precision: 0.9391 - recall: 0.9802
[1m 98/125[0m [32m━━━━━━━━━━━━━━━[0m[37m━━━━━[0m [1m3:19[0m 7s/step - accuracy: 0.9314 - dice_coeff: 0.9394 - iou_score: 0.9216 - loss: 0.2405 - precision: 0.9391 - recall: 0.9802
[1m 99/125[0m [32m━━━━━━━━━━━━━━━[0m[37m━━━━━[0m [1m3:11[0m 7s/step - accuracy: 0.9314 - dice_coeff: 0.9394 - iou_score: 0.9216 - loss: 0.2405 - precision: 0.9391 - recall: 0.9802
[1m100/125[0m [32m━━━━━━━━━━━━━━━━[0m[37m━━━━[0m [1m3:04[0m 7s/step - accuracy: 0.9314 - dice_coeff: 0.9394 - iou_score: 0.9216 - loss: 0.2405 - precision: 0.9391 - recall: 0.9802
[1m101/125[0m [32m━━━━━━━━━━━━━━━━[0m[37m━━━━[0m [1m2:57[0m 7s/step - accuracy: 0.9313 - dice_coeff: 0.9394 - iou_score: 0.9216 - loss: 0.2406 - precision: 0.9391 - recall: 0.9802
[1m102/125[0m [32m━━━━━━━━━━━━━━━━[0m[37m━━━━[0m [1m2:49[0m 7s/step - accuracy: 0.9313 - dice_coeff: 0.9394 - iou_score: 0.9215 - loss: 0.2406 - precision: 0.9390 - recall: 0.9802
[1m103/125[0m [32m━━━━━━━━━━━━━━━━[0m[37m━━━━[0m [1m2:42[0m 7s/step - accuracy: 0.9313 - dice_coeff: 0.9394 - iou_score: 0.9215 - loss: 0.2406 - precision: 0.9390 - recall: 0.9802
[1m104/125[0m [32m━━━━━━━━━━━━━━━━[0m[37m━━━━[0m [1m2:35[0m 7s/step - accuracy: 0.9313 - dice_coeff: 0.9393 - iou_score: 0.9215 - loss: 0.2407 - precision: 0.9390 - recall: 0.9802
[1m105/125[0m [32m━━━━━━━━━━━━━━━━[0m[37m━━━━[0m [1m2:27[0m 7s/step - accuracy: 0.9313 - dice_coeff: 0.9393 - iou_score: 0.9215 - loss: 0.2407 - precision: 0.9390 - recall: 0.9802
[1m106/125[0m [32m━━━━━━━━━━━━━━━━[0m[37m━━━━[0m [1m2:20[0m 7s/step - accuracy: 0.9313 - dice_coeff: 0.9393 - iou_score: 0.9215 - loss: 0.2407 - precision: 0.9390 - recall: 0.9802
[1m107/125[0m [32m━━━━━━━━━━━━━━━━━[0m[37m━━━[0m [1m2:12[0m 7s/step - accuracy: 0.9313 - dice_coeff: 0.9393 - iou_score: 0.9215 - loss: 0.2408 - precision: 0.9390 - recall: 0.9802
[1m108/125[0m [32m━━━━━━━━━━━━━━━━━[0m[37m━━━[0m [1m2:05[0m 7s/step - accuracy: 0.9313 - dice_coeff: 0.9393 - iou_score: 0.9215 - loss: 0.2408 - precision: 0.9390 - recall: 0.9802
[1m109/125[0m [32m━━━━━━━━━━━━━━━━━[0m[37m━━━[0m [1m1:58[0m 7s/step - accuracy: 0.9313 - dice_coeff: 0.9393 - iou_score: 0.9214 - loss: 0.2408 - precision: 0.9390 - recall: 0.9802
[1m110/125[0m [32m━━━━━━━━━━━━━━━━━[0m[37m━━━[0m [1m1:50[0m 7s/step - accuracy: 0.9313 - dice_coeff: 0.9393 - iou_score: 0.9214 - loss: 0.2409 - precision: 0.9390 - recall: 0.9802
[1m111/125[0m [32m━━━━━━━━━━━━━━━━━[0m[37m━━━[0m [1m1:43[0m 7s/step - accuracy: 0.9313 - dice_coeff: 0.9393 - iou_score: 0.9214 - loss: 0.2409 - precision: 0.9390 - recall: 0.9802
[1m112/125[0m [32m━━━━━━━━━━━━━━━━━[0m[37m━━━[0m [1m1:35[0m 7s/step - accuracy: 0.9312 - dice_coeff: 0.9393 - iou_score: 0.9214 - loss: 0.2409 - precision: 0.9389 - recall: 0.9802
[1m113/125[0m [32m━━━━━━━━━━━━━━━━━━[0m[37m━━[0m [1m1:28[0m 7s/step - accuracy: 0.9312 - dice_coeff: 0.9393 - iou_score: 0.9214 - loss: 0.2409 - precision: 0.9389 - recall: 0.9802
[1m114/125[0m [32m━━━━━━━━━━━━━━━━━━[0m[37m━━[0m [1m1:21[0m 7s/step - accuracy: 0.9312 - dice_coeff: 0.9393 - iou_score: 0.9214 - loss: 0.2410 - precision: 0.9389 - recall: 0.9802
[1m115/125[0m [32m━━━━━━━━━━━━━━━━━━[0m[37m━━[0m [1m1:13[0m 7s/step - accuracy: 0.9312 - dice_coeff: 0.9393 - iou_score: 0.9214 - loss: 0.2410 - precision: 0.9389 - recall: 0.9802
[1m116/125[0m [32m━━━━━━━━━━━━━━━━━━[0m[37m━━[0m [1m1:06[0m 7s/step - accuracy: 0.9312 - dice_coeff: 0.9393 - iou_score: 0.9214 - loss: 0.2410 - precision: 0.9389 - recall: 0.9802
[1m117/125[0m [32m━━━━━━━━━━━━━━━━━━[0m[37m━━[0m [1m59s[0m 7s/step - accuracy: 0.9312 - dice_coeff: 0.9393 - iou_score: 0.9214 - loss: 0.2410 - precision: 0.9389 - recall: 0.9802 
[1m118/125[0m [32m━━━━━━━━━━━━━━━━━━[0m[37m━━[0m [1m51s[0m 7s/step - accuracy: 0.9312 - dice_coeff: 0.9392 - iou_score: 0.9214 - loss: 0.2410 - precision: 0.9389 - recall: 0.9802
[1m119/125[0m [32m━━━━━━━━━━━━━━━━━━━[0m[37m━[0m [1m44s[0m 7s/step - accuracy: 0.9312 - dice_coeff: 0.9392 - iou_score: 0.9214 - loss: 0.2411 - precision: 0.9389 - recall: 0.9802
[1m120/125[0m [32m━━━━━━━━━━━━━━━━━━━[0m[37m━[0m [1m36s[0m 7s/step - accuracy: 0.9312 - dice_coeff: 0.9392 - iou_score: 0.9213 - loss: 0.2411 - precision: 0.9389 - recall: 0.9802
[1m121/125[0m [32m━━━━━━━━━━━━━━━━━━━[0m[37m━[0m [1m29s[0m 7s/step - accuracy: 0.9312 - dice_coeff: 0.9392 - iou_score: 0.9213 - loss: 0.2411 - precision: 0.9389 - recall: 0.9802
[1m122/125[0m [32m━━━━━━━━━━━━━━━━━━━[0m[37m━[0m [1m22s[0m 7s/step - accuracy: 0.9312 - dice_coeff: 0.9392 - iou_score: 0.9213 - loss: 0.2411 - precision: 0.9389 - recall: 0.9802
[1m123/125[0m [32m━━━━━━━━━━━━━━━━━━━[0m[37m━[0m [1m14s[0m 7s/step - accuracy: 0.9312 - dice_coeff: 0.9392 - iou_score: 0.9213 - loss: 0.2411 - precision: 0.9389 - recall: 0.9802
[1m124/125[0m [32m━━━━━━━━━━━━━━━━━━━[0m[37m━[0m [1m7s[0m 7s/step - accuracy: 0.9312 - dice_coeff: 0.9392 - iou_score: 0.9213 - loss: 0.2411 - precision: 0.9389 - recall: 0.9802 
[1m125/125[0m [32m━━━━━━━━━━━━━━━━━━━━[0m[37m[0m [1m0s[0m 7s/step - accuracy: 0.9312 - dice_coeff: 0.9392 - iou_score: 0.9213 - loss: 0.2412 - precision: 0.9389 - recall: 0.9802
Epoch 23: val_dice_coeff improved from 0.92436 to 0.92625, saving model to d:\labdatanew@aniket\unet++\models\best_model.keras

Epoch 23: finished saving model to d:\labdatanew@aniket\unet++\models\best_model.keras

[1m125/125[0m [32m━━━━━━━━━━━━━━━━━━━━[0m[37m[0m [1m995s[0m 8s/step - accuracy: 0.9305 - dice_coeff: 0.9388 - iou_score: 0.9205 - loss: 0.2433 - precision: 0.9381 - recall: 0.9801 - val_accuracy: 0.9147 - val_dice_coeff: 0.9263 - val_iou_score: 0.9012 - val_loss: 0.2944 - val_precision: 0.9177 - val_recall: 0.9804 - learning_rate: 2.5000e-05
Epoch 24/100

[1m  1/125[0m [37m━━━━━━━━━━━━━━━━━━━━[0m [1m15:06[0m 7s/step - accuracy: 0.9394 - dice_coeff: 0.9454 - iou_score: 0.9306 - loss: 0.2130 - precision: 0.9496 - recall: 0.9790
[1m  2/125[0m [37m━━━━━━━━━━━━━━━━━━━━[0m [1m14:54[0m 7s/step - accuracy: 0.9398 - dice_coeff: 0.9457 - iou_score: 0.9310 - loss: 0.2112 - precision: 0.9497 - recall: 0.9793
[1m  3/125[0m [37m━━━━━━━━━━━━━━━━━━━━[0m [1m14:48[0m 7s/step - accuracy: 0.9394 - dice_coeff: 0.9453 - iou_score: 0.9305 - loss: 0.2125 - precision: 0.9493 - recall: 0.9792
[1m  4/125[0m [37m━━━━━━━━━━━━━━━━━━━━[0m [1m14:42[0m 7s/step - accuracy: 0.9386 - dice_coeff: 0.9446 - iou_score: 0.9297 - loss: 0.2152 - precision: 0.9487 - recall: 0.9790
[1m  5/125[0m [37m━━━━━━━━━━━━━━━━━━━━[0m [1m14:36[0m 7s/step - accuracy: 0.9378 - dice_coeff: 0.9440 - iou_score: 0.9288 - loss: 0.2182 - precision: 0.9478 - recall: 0.9788
[1m  6/125[0m [37m━━━━━━━━━━━━━━━━━━━━[0m [1m14:30[0m 7s/step - accuracy: 0.9373 - dice_coeff: 0.9436 - iou_score: 0.9282 - loss: 0.2199 - precision: 0.9472 - recall: 0.9789
[1m  7/125[0m [32m━[0m[37m━━━━━━━━━━━━━━━━━━━[0m [1m14:23[0m 7s/step - accuracy: 0.9369 - dice_coeff: 0.9433 - iou_score: 0.9278 - loss: 0.2212 - precision: 0.9466 - recall: 0.9790
[1m  8/125[0m [32m━[0m[37m━━━━━━━━━━━━━━━━━━━[0m [1m14:16[0m 7s/step - accuracy: 0.9367 - dice_coeff: 0.9432 - iou_score: 0.9275 - loss: 0.2220 - precision: 0.9462 - recall: 0.9791
[1m  9/125[0m [32m━[0m[37m━━━━━━━━━━━━━━━━━━━[0m [1m14:09[0m 7s/step - accuracy: 0.9365 - dice_coeff: 0.9430 - iou_score: 0.9274 - loss: 0.2227 - precision: 0.9459 - recall: 0.9793
[1m 10/125[0m [32m━[0m[37m━━━━━━━━━━━━━━━━━━━[0m [1m14:02[0m 7s/step - accuracy: 0.9363 - dice_coeff: 0.9429 - iou_score: 0.9272 - loss: 0.2234 - precision: 0.9456 - recall: 0.9794
[1m 11/125[0m [32m━[0m[37m━━━━━━━━━━━━━━━━━━━[0m [1m13:55[0m 7s/step - accuracy: 0.9363 - dice_coeff: 0.9429 - iou_score: 0.9271 - loss: 0.2237 - precision: 0.9455 - recall: 0.9794
[1m 12/125[0m [32m━[0m[37m━━━━━━━━━━━━━━━━━━━[0m [1m13:47[0m 7s/step - accuracy: 0.9362 - dice_coeff: 0.9428 - iou_score: 0.9271 - loss: 0.2239 - precision: 0.9454 - recall: 0.9795
[1m 13/125[0m [32m━━[0m[37m━━━━━━━━━━━━━━━━━━[0m [1m13:40[0m 7s/step - accuracy: 0.9362 - dice_coeff: 0.9428 - iou_score: 0.9270 - loss: 0.2240 - precision: 0.9454 - recall: 0.9795
[1m 14/125[0m [32m━━[0m[37m━━━━━━━━━━━━━━━━━━[0m [1m13:33[0m 7s/step - accuracy: 0.9361 - dice_coeff: 0.9428 - iou_score: 0.9269 - loss: 0.2243 - precision: 0.9453 - recall: 0.9795
[1m 15/125[0m [32m━━[0m[37m━━━━━━━━━━━━━━━━━━[0m [1m13:26[0m 7s/step - accuracy: 0.9360 - dice_coeff: 0.9427 - iou_score: 0.9268 - loss: 0.2246 - precision: 0.9451 - recall: 0.9795
[1m 16/125[0m [32m━━[0m[37m━━━━━━━━━━━━━━━━━━[0m [1m13:19[0m 7s/step - accuracy: 0.9359 - dice_coeff: 0.9427 - iou_score: 0.9267 - loss: 0.2251 - precision: 0.9450 - recall: 0.9796
[1m 17/125[0m [32m━━[0m[37m━━━━━━━━━━━━━━━━━━[0m [1m13:12[0m 7s/step - accuracy: 0.9357 - dice_coeff: 0.9426 - iou_score: 0.9265 - loss: 0.2257 - precision: 0.9447 - recall: 0.9796
[1m 18/125[0m [32m━━[0m[37m━━━━━━━━━━━━━━━━━━[0m [1m13:05[0m 7s/step - accuracy: 0.9356 - dice_coeff: 0.9425 - iou_score: 0.9264 - loss: 0.2261 - precision: 0.9445 - recall: 0.9797
[1m 19/125[0m [32m━━━[0m[37m━━━━━━━━━━━━━━━━━[0m [1m12:58[0m 7s/step - accuracy: 0.9354 - dice_coeff: 0.9424 - iou_score: 0.9262 - loss: 0.2265 - precision: 0.9443 - recall: 0.9797
[1m 20/125[0m [32m━━━[0m[37m━━━━━━━━━━━━━━━━━[0m [1m12:51[0m 7s/step - accuracy: 0.9353 - dice_coeff: 0.9424 - iou_score: 0.9261 - loss: 0.2269 - precision: 0.9442 - recall: 0.9797
[1m 21/125[0m [32m━━━[0m[37m━━━━━━━━━━━━━━━━━[0m [1m12:43[0m 7s/step - accuracy: 0.9352 - dice_coeff: 0.9423 - iou_score: 0.9260 - loss: 0.2272 - precision: 0.9440 - recall: 0.9798
[1m 22/125[0m [32m━━━[0m[37m━━━━━━━━━━━━━━━━━[0m [1m12:36[0m 7s/step - accuracy: 0.9351 - dice_coeff: 0.9423 - iou_score: 0.9258 - loss: 0.2276 - precision: 0.9438 - recall: 0.9798
[1m 23/125[0m [32m━━━[0m[37m━━━━━━━━━━━━━━━━━[0m [1m12:28[0m 7s/step - accuracy: 0.9350 - dice_coeff: 0.9422 - iou_score: 0.9257 - loss: 0.2279 - precision: 0.9437 - recall: 0.9799
[1m 24/125[0m [32m━━━[0m[37m━━━━━━━━━━━━━━━━━[0m [1m12:21[0m 7s/step - accuracy: 0.9349 - dice_coeff: 0.9421 - iou_score: 0.9256 - loss: 0.2283 - precision: 0.9435 - recall: 0.9799
[1m 25/125[0m [32m━━━━[0m[37m━━━━━━━━━━━━━━━━[0m [1m12:13[0m 7s/step - accuracy: 0.9347 - dice_coeff: 0.9421 - iou_score: 0.9254 - loss: 0.2287 - precision: 0.9433 - recall: 0.9799
[1m 26/125[0m [32m━━━━[0m[37m━━━━━━━━━━━━━━━━[0m [1m12:06[0m 7s/step - accuracy: 0.9346 - dice_coeff: 0.9420 - iou_score: 0.9253 - loss: 0.2291 - precision: 0.9431 - recall: 0.9800
[1m 27/125[0m [32m━━━━[0m[37m━━━━━━━━━━━━━━━━[0m [1m11:58[0m 7s/step - accuracy: 0.9345 - dice_coeff: 0.9419 - iou_score: 0.9251 - loss: 0.2295 - precision: 0.9430 - recall: 0.9800
[1m 28/125[0m [32m━━━━[0m[37m━━━━━━━━━━━━━━━━[0m [1m11:51[0m 7s/step - accuracy: 0.9344 - dice_coeff: 0.9418 - iou_score: 0.9250 - loss: 0.2298 - precision: 0.9429 - recall: 0.9800
[1m 29/125[0m [32m━━━━[0m[37m━━━━━━━━━━━━━━━━[0m [1m11:44[0m 7s/step - accuracy: 0.9343 - dice_coeff: 0.9418 - iou_score: 0.9249 - loss: 0.2302 - precision: 0.9428 - recall: 0.9800
[1m 30/125[0m [32m━━━━[0m[37m━━━━━━━━━━━━━━━━[0m [1m11:37[0m 7s/step - accuracy: 0.9342 - dice_coeff: 0.9417 - iou_score: 0.9248 - loss: 0.2305 - precision: 0.9427 - recall: 0.9799
[1m 31/125[0m [32m━━━━[0m[37m━━━━━━━━━━━━━━━━[0m [1m11:29[0m 7s/step - accuracy: 0.9341 - dice_coeff: 0.9416 - iou_score: 0.9247 - loss: 0.2308 - precision: 0.9426 - recall: 0.9799
[1m 32/125[0m [32m━━━━━[0m[37m━━━━━━━━━━━━━━━[0m [1m11:22[0m 7s/step - accuracy: 0.9340 - dice_coeff: 0.9416 - iou_score: 0.9246 - loss: 0.2310 - precision: 0.9425 - recall: 0.9799
[1m 33/125[0m [32m━━━━━[0m[37m━━━━━━━━━━━━━━━[0m [1m11:15[0m 7s/step - accuracy: 0.9340 - dice_coeff: 0.9415 - iou_score: 0.9245 - loss: 0.2313 - precision: 0.9424 - recall: 0.9799
[1m 34/125[0m [32m━━━━━[0m[37m━━━━━━━━━━━━━━━[0m [1m11:08[0m 7s/step - accuracy: 0.9339 - dice_coeff: 0.9414 - iou_score: 0.9244 - loss: 0.2316 - precision: 0.9423 - recall: 0.9799
[1m 35/125[0m [32m━━━━━[0m[37m━━━━━━━━━━━━━━━[0m [1m11:00[0m 7s/step - accuracy: 0.9338 - dice_coeff: 0.9414 - iou_score: 0.9243 - loss: 0.2319 - precision: 0.9421 - recall: 0.9799
[1m 36/125[0m [32m━━━━━[0m[37m━━━━━━━━━━━━━━━[0m [1m10:53[0m 7s/step - accuracy: 0.9337 - dice_coeff: 0.9413 - iou_score: 0.9242 - loss: 0.2322 - precision: 0.9420 - recall: 0.9799
[1m 37/125[0m [32m━━━━━[0m[37m━━━━━━━━━━━━━━━[0m [1m10:45[0m 7s/step - accuracy: 0.9336 - dice_coeff: 0.9412 - iou_score: 0.9241 - loss: 0.2325 - precision: 0.9419 - recall: 0.9799
[1m 38/125[0m [32m━━━━━━[0m[37m━━━━━━━━━━━━━━[0m [1m10:38[0m 7s/step - accuracy: 0.9335 - dice_coeff: 0.9412 - iou_score: 0.9240 - loss: 0.2328 - precision: 0.9418 - recall: 0.9799
[1m 39/125[0m [32m━━━━━━[0m[37m━━━━━━━━━━━━━━[0m [1m10:31[0m 7s/step - accuracy: 0.9334 - dice_coeff: 0.9411 - iou_score: 0.9239 - loss: 0.2331 - precision: 0.9417 - recall: 0.9799
[1m 40/125[0m [32m━━━━━━[0m[37m━━━━━━━━━━━━━━[0m [1m10:24[0m 7s/step - accuracy: 0.9334 - dice_coeff: 0.9410 - iou_score: 0.9238 - loss: 0.2334 - precision: 0.9417 - recall: 0.9799
[1m 41/125[0m [32m━━━━━━[0m[37m━━━━━━━━━━━━━━[0m [1m10:16[0m 7s/step - accuracy: 0.9333 - dice_coeff: 0.9410 - iou_score: 0.9237 - loss: 0.2336 - precision: 0.9416 - recall: 0.9799
[1m 42/125[0m [32m━━━━━━[0m[37m━━━━━━━━━━━━━━[0m [1m10:09[0m 7s/step - accuracy: 0.9332 - dice_coeff: 0.9409 - iou_score: 0.9236 - loss: 0.2338 - precision: 0.9415 - recall: 0.9799
[1m 43/125[0m [32m━━━━━━[0m[37m━━━━━━━━━━━━━━[0m [1m10:02[0m 7s/step - accuracy: 0.9332 - dice_coeff: 0.9409 - iou_score: 0.9236 - loss: 0.2340 - precision: 0.9414 - recall: 0.9799
[1m 44/125[0m [32m━━━━━━━[0m[37m━━━━━━━━━━━━━[0m [1m9:54[0m 7s/step - accuracy: 0.9331 - dice_coeff: 0.9408 - iou_score: 0.9235 - loss: 0.2342 - precision: 0.9414 - recall: 0.9799 
[1m 45/125[0m [32m━━━━━━━[0m[37m━━━━━━━━━━━━━[0m [1m9:47[0m 7s/step - accuracy: 0.9331 - dice_coeff: 0.9408 - iou_score: 0.9234 - loss: 0.2344 - precision: 0.9413 - recall: 0.9799
[1m 46/125[0m [32m━━━━━━━[0m[37m━━━━━━━━━━━━━[0m [1m9:40[0m 7s/step - accuracy: 0.9330 - dice_coeff: 0.9407 - iou_score: 0.9234 - loss: 0.2346 - precision: 0.9413 - recall: 0.9799
[1m 47/125[0m [32m━━━━━━━[0m[37m━━━━━━━━━━━━━[0m [1m9:32[0m 7s/step - accuracy: 0.9330 - dice_coeff: 0.9407 - iou_score: 0.9233 - loss: 0.2347 - precision: 0.9412 - recall: 0.9799
[1m 48/125[0m [32m━━━━━━━[0m[37m━━━━━━━━━━━━━[0m [1m9:25[0m 7s/step - accuracy: 0.9329 - dice_coeff: 0.9407 - iou_score: 0.9233 - loss: 0.2349 - precision: 0.9412 - recall: 0.9799
[1m 49/125[0m [32m━━━━━━━[0m[37m━━━━━━━━━━━━━[0m [1m9:18[0m 7s/step - accuracy: 0.9329 - dice_coeff: 0.9406 - iou_score: 0.9232 - loss: 0.2350 - precision: 0.9411 - recall: 0.9799
[1m 50/125[0m [32m━━━━━━━━[0m[37m━━━━━━━━━━━━[0m [1m9:11[0m 7s/step - accuracy: 0.9329 - dice_coeff: 0.9406 - iou_score: 0.9232 - loss: 0.2351 - precision: 0.9411 - recall: 0.9799
[1m 51/125[0m [32m━━━━━━━━[0m[37m━━━━━━━━━━━━[0m [1m9:04[0m 7s/step - accuracy: 0.9328 - dice_coeff: 0.9406 - iou_score: 0.9232 - loss: 0.2352 - precision: 0.9410 - recall: 0.9799
[1m 52/125[0m [32m━━━━━━━━[0m[37m━━━━━━━━━━━━[0m [1m8:56[0m 7s/step - accuracy: 0.9328 - dice_coeff: 0.9406 - iou_score: 0.9231 - loss: 0.2354 - precision: 0.9410 - recall: 0.9799
[1m 53/125[0m [32m━━━━━━━━[0m[37m━━━━━━━━━━━━[0m [1m8:49[0m 7s/step - accuracy: 0.9328 - dice_coeff: 0.9405 - iou_score: 0.9231 - loss: 0.2355 - precision: 0.9409 - recall: 0.9799
[1m 54/125[0m [32m━━━━━━━━[0m[37m━━━━━━━━━━━━[0m [1m8:41[0m 7s/step - accuracy: 0.9327 - dice_coeff: 0.9405 - iou_score: 0.9231 - loss: 0.2356 - precision: 0.9409 - recall: 0.9799
[1m 55/125[0m [32m━━━━━━━━[0m[37m━━━━━━━━━━━━[0m [1m8:34[0m 7s/step - accuracy: 0.9327 - dice_coeff: 0.9405 - iou_score: 0.9230 - loss: 0.2357 - precision: 0.9409 - recall: 0.9799
[1m 56/125[0m [32m━━━━━━━━[0m[37m━━━━━━━━━━━━[0m [1m8:27[0m 7s/step - accuracy: 0.9327 - dice_coeff: 0.9405 - iou_score: 0.9230 - loss: 0.2358 - precision: 0.9408 - recall: 0.9799
[1m 57/125[0m [32m━━━━━━━━━[0m[37m━━━━━━━━━━━[0m [1m8:19[0m 7s/step - accuracy: 0.9326 - dice_coeff: 0.9404 - iou_score: 0.9229 - loss: 0.2359 - precision: 0.9408 - recall: 0.9799
[1m 58/125[0m [32m━━━━━━━━━[0m[37m━━━━━━━━━━━[0m [1m8:12[0m 7s/step - accuracy: 0.9326 - dice_coeff: 0.9404 - iou_score: 0.9229 - loss: 0.2360 - precision: 0.9408 - recall: 0.9799
[1m 59/125[0m [32m━━━━━━━━━[0m[37m━━━━━━━━━━━[0m [1m8:05[0m 7s/step - accuracy: 0.9326 - dice_coeff: 0.9404 - iou_score: 0.9229 - loss: 0.2361 - precision: 0.9407 - recall: 0.9799
[1m 60/125[0m [32m━━━━━━━━━[0m[37m━━━━━━━━━━━[0m [1m7:57[0m 7s/step - accuracy: 0.9325 - dice_coeff: 0.9404 - iou_score: 0.9228 - loss: 0.2362 - precision: 0.9407 - recall: 0.9799
[1m 61/125[0m [32m━━━━━━━━━[0m[37m━━━━━━━━━━━[0m [1m7:50[0m 7s/step - accuracy: 0.9325 - dice_coeff: 0.9403 - iou_score: 0.9228 - loss: 0.2363 - precision: 0.9407 - recall: 0.9799
[1m 62/125[0m [32m━━━━━━━━━[0m[37m━━━━━━━━━━━[0m [1m7:42[0m 7s/step - accuracy: 0.9325 - dice_coeff: 0.9403 - iou_score: 0.9228 - loss: 0.2364 - precision: 0.9406 - recall: 0.9799
[1m 63/125[0m [32m━━━━━━━━━━[0m[37m━━━━━━━━━━[0m [1m7:35[0m 7s/step - accuracy: 0.9325 - dice_coeff: 0.9403 - iou_score: 0.9227 - loss: 0.2365 - precision: 0.9406 - recall: 0.9799
[1m 64/125[0m [32m━━━━━━━━━━[0m[37m━━━━━━━━━━[0m [1m7:28[0m 7s/step - accuracy: 0.9324 - dice_coeff: 0.9403 - iou_score: 0.9227 - loss: 0.2366 - precision: 0.9405 - recall: 0.9799
[1m 65/125[0m [32m━━━━━━━━━━[0m[37m━━━━━━━━━━[0m [1m7:20[0m 7s/step - accuracy: 0.9324 - dice_coeff: 0.9402 - iou_score: 0.9227 - loss: 0.2367 - precision: 0.9405 - recall: 0.9799
[1m 66/125[0m [32m━━━━━━━━━━[0m[37m━━━━━━━━━━[0m [1m7:13[0m 7s/step - accuracy: 0.9324 - dice_coeff: 0.9402 - iou_score: 0.9226 - loss: 0.2368 - precision: 0.9405 - recall: 0.9799
[1m 67/125[0m [32m━━━━━━━━━━[0m[37m━━━━━━━━━━[0m [1m7:06[0m 7s/step - accuracy: 0.9323 - dice_coeff: 0.9402 - iou_score: 0.9226 - loss: 0.2369 - precision: 0.9404 - recall: 0.9799
[1m 68/125[0m [32m━━━━━━━━━━[0m[37m━━━━━━━━━━[0m [1m6:58[0m 7s/step - accuracy: 0.9323 - dice_coeff: 0.9402 - iou_score: 0.9226 - loss: 0.2370 - precision: 0.9404 - recall: 0.9799
[1m 69/125[0m [32m━━━━━━━━━━━[0m[37m━━━━━━━━━[0m [1m6:51[0m 7s/step - accuracy: 0.9323 - dice_coeff: 0.9402 - iou_score: 0.9225 - loss: 0.2371 - precision: 0.9404 - recall: 0.9799
[1m 70/125[0m [32m━━━━━━━━━━━[0m[37m━━━━━━━━━[0m [1m6:44[0m 7s/step - accuracy: 0.9323 - dice_coeff: 0.9402 - iou_score: 0.9225 - loss: 0.2372 - precision: 0.9404 - recall: 0.9799
[1m 71/125[0m [32m━━━━━━━━━━━[0m[37m━━━━━━━━━[0m [1m6:36[0m 7s/step - accuracy: 0.9323 - dice_coeff: 0.9401 - iou_score: 0.9225 - loss: 0.2372 - precision: 0.9403 - recall: 0.9799
[1m 72/125[0m [32m━━━━━━━━━━━[0m[37m━━━━━━━━━[0m [1m6:29[0m 7s/step - accuracy: 0.9322 - dice_coeff: 0.9401 - iou_score: 0.9225 - loss: 0.2373 - precision: 0.9403 - recall: 0.9799
[1m 73/125[0m [32m━━━━━━━━━━━[0m[37m━━━━━━━━━[0m [1m6:21[0m 7s/step - accuracy: 0.9322 - dice_coeff: 0.9401 - iou_score: 0.9225 - loss: 0.2373 - precision: 0.9403 - recall: 0.9799
[1m 74/125[0m [32m━━━━━━━━━━━[0m[37m━━━━━━━━━[0m [1m6:14[0m 7s/step - accuracy: 0.9322 - dice_coeff: 0.9401 - iou_score: 0.9224 - loss: 0.2374 - precision: 0.9403 - recall: 0.9799
[1m 75/125[0m [32m━━━━━━━━━━━━[0m[37m━━━━━━━━[0m [1m6:07[0m 7s/step - accuracy: 0.9322 - dice_coeff: 0.9401 - iou_score: 0.9224 - loss: 0.2374 - precision: 0.9403 - recall: 0.9799
[1m 76/125[0m [32m━━━━━━━━━━━━[0m[37m━━━━━━━━[0m [1m5:59[0m 7s/step - accuracy: 0.9322 - dice_coeff: 0.9401 - iou_score: 0.9224 - loss: 0.2375 - precision: 0.9403 - recall: 0.9799
[1m 77/125[0m [32m━━━━━━━━━━━━[0m[37m━━━━━━━━[0m [1m5:52[0m 7s/step - accuracy: 0.9322 - dice_coeff: 0.9401 - iou_score: 0.9224 - loss: 0.2375 - precision: 0.9402 - recall: 0.9799
[1m 78/125[0m [32m━━━━━━━━━━━━[0m[37m━━━━━━━━[0m [1m5:45[0m 7s/step - accuracy: 0.9322 - dice_coeff: 0.9400 - iou_score: 0.9224 - loss: 0.2376 - precision: 0.9402 - recall: 0.9799
[1m 79/125[0m [32m━━━━━━━━━━━━[0m[37m━━━━━━━━[0m [1m5:37[0m 7s/step - accuracy: 0.9322 - dice_coeff: 0.9400 - iou_score: 0.9224 - loss: 0.2376 - precision: 0.9402 - recall: 0.9799
[1m 80/125[0m [32m━━━━━━━━━━━━[0m[37m━━━━━━━━[0m [1m5:30[0m 7s/step - accuracy: 0.9321 - dice_coeff: 0.9400 - iou_score: 0.9224 - loss: 0.2377 - precision: 0.9402 - recall: 0.9799
[1m 81/125[0m [32m━━━━━━━━━━━━[0m[37m━━━━━━━━[0m [1m5:23[0m 7s/step - accuracy: 0.9321 - dice_coeff: 0.9400 - iou_score: 0.9223 - loss: 0.2377 - precision: 0.9402 - recall: 0.9799
[1m 82/125[0m [32m━━━━━━━━━━━━━[0m[37m━━━━━━━[0m [1m5:15[0m 7s/step - accuracy: 0.9321 - dice_coeff: 0.9400 - iou_score: 0.9223 - loss: 0.2378 - precision: 0.9402 - recall: 0.9799
[1m 83/125[0m [32m━━━━━━━━━━━━━[0m[37m━━━━━━━[0m [1m5:08[0m 7s/step - accuracy: 0.9321 - dice_coeff: 0.9400 - iou_score: 0.9223 - loss: 0.2378 - precision: 0.9401 - recall: 0.9799
[1m 84/125[0m [32m━━━━━━━━━━━━━[0m[37m━━━━━━━[0m [1m5:01[0m 7s/step - accuracy: 0.9321 - dice_coeff: 0.9400 - iou_score: 0.9223 - loss: 0.2378 - precision: 0.9401 - recall: 0.9799
[1m 85/125[0m [32m━━━━━━━━━━━━━[0m[37m━━━━━━━[0m [1m4:53[0m 7s/step - accuracy: 0.9321 - dice_coeff: 0.9400 - iou_score: 0.9223 - loss: 0.2378 - precision: 0.9401 - recall: 0.9799
[1m 86/125[0m [32m━━━━━━━━━━━━━[0m[37m━━━━━━━[0m [1m4:46[0m 7s/step - accuracy: 0.9321 - dice_coeff: 0.9400 - iou_score: 0.9223 - loss: 0.2379 - precision: 0.9401 - recall: 0.9799
[1m 87/125[0m [32m━━━━━━━━━━━━━[0m[37m━━━━━━━[0m [1m4:39[0m 7s/step - accuracy: 0.9321 - dice_coeff: 0.9400 - iou_score: 0.9223 - loss: 0.2379 - precision: 0.9401 - recall: 0.9799
[1m 88/125[0m [32m━━━━━━━━━━━━━━[0m[37m━━━━━━[0m [1m4:31[0m 7s/step - accuracy: 0.9321 - dice_coeff: 0.9400 - iou_score: 0.9223 - loss: 0.2379 - precision: 0.9401 - recall: 0.9799
[1m 89/125[0m [32m━━━━━━━━━━━━━━[0m[37m━━━━━━[0m [1m4:24[0m 7s/step - accuracy: 0.9321 - dice_coeff: 0.9400 - iou_score: 0.9223 - loss: 0.2379 - precision: 0.9401 - recall: 0.9799
[1m 90/125[0m [32m━━━━━━━━━━━━━━[0m[37m━━━━━━[0m [1m4:17[0m 7s/step - accuracy: 0.9321 - dice_coeff: 0.9400 - iou_score: 0.9223 - loss: 0.2379 - precision: 0.9401 - recall: 0.9799
[1m 91/125[0m [32m━━━━━━━━━━━━━━[0m[37m━━━━━━[0m [1m4:09[0m 7s/step - accuracy: 0.9321 - dice_coeff: 0.9400 - iou_score: 0.9223 - loss: 0.2380 - precision: 0.9401 - recall: 0.9799
[1m 92/125[0m [32m━━━━━━━━━━━━━━[0m[37m━━━━━━[0m [1m4:02[0m 7s/step - accuracy: 0.9321 - dice_coeff: 0.9400 - iou_score: 0.9222 - loss: 0.2380 - precision: 0.9400 - recall: 0.9799
[1m 93/125[0m [32m━━━━━━━━━━━━━━[0m[37m━━━━━━[0m [1m3:55[0m 7s/step - accuracy: 0.9320 - dice_coeff: 0.9400 - iou_score: 0.9222 - loss: 0.2380 - precision: 0.9400 - recall: 0.9799
[1m 94/125[0m [32m━━━━━━━━━━━━━━━[0m[37m━━━━━[0m [1m3:47[0m 7s/step - accuracy: 0.9320 - dice_coeff: 0.9399 - iou_score: 0.9222 - loss: 0.2381 - precision: 0.9400 - recall: 0.9799
[1m 95/125[0m [32m━━━━━━━━━━━━━━━[0m[37m━━━━━[0m [1m3:40[0m 7s/step - accuracy: 0.9320 - dice_coeff: 0.9399 - iou_score: 0.9222 - loss: 0.2381 - precision: 0.9400 - recall: 0.9799
[1m 96/125[0m [32m━━━━━━━━━━━━━━━[0m[37m━━━━━[0m [1m3:33[0m 7s/step - accuracy: 0.9320 - dice_coeff: 0.9399 - iou_score: 0.9222 - loss: 0.2381 - precision: 0.9400 - recall: 0.9799
[1m 97/125[0m [32m━━━━━━━━━━━━━━━[0m[37m━━━━━[0m [1m3:25[0m 7s/step - accuracy: 0.9320 - dice_coeff: 0.9399 - iou_score: 0.9222 - loss: 0.2382 - precision: 0.9400 - recall: 0.9799
[1m 98/125[0m [32m━━━━━━━━━━━━━━━[0m[37m━━━━━[0m [1m3:18[0m 7s/step - accuracy: 0.9320 - dice_coeff: 0.9399 - iou_score: 0.9222 - loss: 0.2382 - precision: 0.9400 - recall: 0.9799
[1m 99/125[0m [32m━━━━━━━━━━━━━━━[0m[37m━━━━━[0m [1m3:10[0m 7s/step - accuracy: 0.9320 - dice_coeff: 0.9399 - iou_score: 0.9222 - loss: 0.2382 - precision: 0.9400 - recall: 0.9799
[1m100/125[0m [32m━━━━━━━━━━━━━━━━[0m[37m━━━━[0m [1m3:03[0m 7s/step - accuracy: 0.9320 - dice_coeff: 0.9399 - iou_score: 0.9222 - loss: 0.2383 - precision: 0.9399 - recall: 0.9799
[1m101/125[0m [32m━━━━━━━━━━━━━━━━[0m[37m━━━━[0m [1m2:56[0m 7s/step - accuracy: 0.9320 - dice_coeff: 0.9399 - iou_score: 0.9221 - loss: 0.2383 - precision: 0.9399 - recall: 0.9799
[1m102/125[0m [32m━━━━━━━━━━━━━━━━[0m[37m━━━━[0m [1m2:48[0m 7s/step - accuracy: 0.9320 - dice_coeff: 0.9399 - iou_score: 0.9221 - loss: 0.2383 - precision: 0.9399 - recall: 0.9799
[1m103/125[0m [32m━━━━━━━━━━━━━━━━[0m[37m━━━━[0m [1m2:41[0m 7s/step - accuracy: 0.9320 - dice_coeff: 0.9399 - iou_score: 0.9221 - loss: 0.2384 - precision: 0.9399 - recall: 0.9799
[1m104/125[0m [32m━━━━━━━━━━━━━━━━[0m[37m━━━━[0m [1m2:34[0m 7s/step - accuracy: 0.9319 - dice_coeff: 0.9399 - iou_score: 0.9221 - loss: 0.2384 - precision: 0.9399 - recall: 0.9799
[1m105/125[0m [32m━━━━━━━━━━━━━━━━[0m[37m━━━━[0m [1m2:26[0m 7s/step - accuracy: 0.9319 - dice_coeff: 0.9399 - iou_score: 0.9221 - loss: 0.2385 - precision: 0.9399 - recall: 0.9799
[1m106/125[0m [32m━━━━━━━━━━━━━━━━[0m[37m━━━━[0m [1m2:19[0m 7s/step - accuracy: 0.9319 - dice_coeff: 0.9399 - iou_score: 0.9221 - loss: 0.2385 - precision: 0.9399 - recall: 0.9799
[1m107/125[0m [32m━━━━━━━━━━━━━━━━━[0m[37m━━━[0m [1m2:12[0m 7s/step - accuracy: 0.9319 - dice_coeff: 0.9398 - iou_score: 0.9221 - loss: 0.2385 - precision: 0.9398 - recall: 0.9799
[1m108/125[0m [32m━━━━━━━━━━━━━━━━━[0m[37m━━━[0m [1m2:04[0m 7s/step - accuracy: 0.9319 - dice_coeff: 0.9398 - iou_score: 0.9221 - loss: 0.2386 - precision: 0.9398 - recall: 0.9799
[1m109/125[0m [32m━━━━━━━━━━━━━━━━━[0m[37m━━━[0m [1m1:57[0m 7s/step - accuracy: 0.9319 - dice_coeff: 0.9398 - iou_score: 0.9220 - loss: 0.2386 - precision: 0.9398 - recall: 0.9799
[1m110/125[0m [32m━━━━━━━━━━━━━━━━━[0m[37m━━━[0m [1m1:50[0m 7s/step - accuracy: 0.9319 - dice_coeff: 0.9398 - iou_score: 0.9220 - loss: 0.2386 - precision: 0.9398 - recall: 0.9799
[1m111/125[0m [32m━━━━━━━━━━━━━━━━━[0m[37m━━━[0m [1m1:42[0m 7s/step - accuracy: 0.9319 - dice_coeff: 0.9398 - iou_score: 0.9220 - loss: 0.2387 - precision: 0.9398 - recall: 0.9799
[1m112/125[0m [32m━━━━━━━━━━━━━━━━━[0m[37m━━━[0m [1m1:35[0m 7s/step - accuracy: 0.9319 - dice_coeff: 0.9398 - iou_score: 0.9220 - loss: 0.2387 - precision: 0.9398 - recall: 0.9799
[1m113/125[0m [32m━━━━━━━━━━━━━━━━━━[0m[37m━━[0m [1m1:28[0m 7s/step - accuracy: 0.9319 - dice_coeff: 0.9398 - iou_score: 0.9220 - loss: 0.2387 - precision: 0.9398 - recall: 0.9799
[1m114/125[0m [32m━━━━━━━━━━━━━━━━━━[0m[37m━━[0m [1m1:20[0m 7s/step - accuracy: 0.9318 - dice_coeff: 0.9398 - iou_score: 0.9220 - loss: 0.2388 - precision: 0.9398 - recall: 0.9799
[1m115/125[0m [32m━━━━━━━━━━━━━━━━━━[0m[37m━━[0m [1m1:13[0m 7s/step - accuracy: 0.9318 - dice_coeff: 0.9398 - iou_score: 0.9220 - loss: 0.2388 - precision: 0.9398 - recall: 0.9799
[1m116/125[0m [32m━━━━━━━━━━━━━━━━━━[0m[37m━━[0m [1m1:06[0m 7s/step - accuracy: 0.9318 - dice_coeff: 0.9398 - iou_score: 0.9220 - loss: 0.2388 - precision: 0.9398 - recall: 0.9799
[1m117/125[0m [32m━━━━━━━━━━━━━━━━━━[0m[37m━━[0m [1m58s[0m 7s/step - accuracy: 0.9318 - dice_coeff: 0.9398 - iou_score: 0.9220 - loss: 0.2388 - precision: 0.9397 - recall: 0.9799 
[1m118/125[0m [32m━━━━━━━━━━━━━━━━━━[0m[37m━━[0m [1m51s[0m 7s/step - accuracy: 0.9318 - dice_coeff: 0.9398 - iou_score: 0.9219 - loss: 0.2389 - precision: 0.9397 - recall: 0.9799
[1m119/125[0m [32m━━━━━━━━━━━━━━━━━━━[0m[37m━[0m [1m44s[0m 7s/step - accuracy: 0.9318 - dice_coeff: 0.9398 - iou_score: 0.9219 - loss: 0.2389 - precision: 0.9397 - recall: 0.9799
[1m120/125[0m [32m━━━━━━━━━━━━━━━━━━━[0m[37m━[0m [1m36s[0m 7s/step - accuracy: 0.9318 - dice_coeff: 0.9398 - iou_score: 0.9219 - loss: 0.2389 - precision: 0.9397 - recall: 0.9799
[1m121/125[0m [32m━━━━━━━━━━━━━━━━━━━[0m[37m━[0m [1m29s[0m 7s/step - accuracy: 0.9318 - dice_coeff: 0.9397 - iou_score: 0.9219 - loss: 0.2390 - precision: 0.9397 - recall: 0.9799
[1m122/125[0m [32m━━━━━━━━━━━━━━━━━━━[0m[37m━[0m [1m22s[0m 7s/step - accuracy: 0.9318 - dice_coeff: 0.9397 - iou_score: 0.9219 - loss: 0.2390 - precision: 0.9397 - recall: 0.9799
[1m123/125[0m [32m━━━━━━━━━━━━━━━━━━━[0m[37m━[0m [1m14s[0m 7s/step - accuracy: 0.9318 - dice_coeff: 0.9397 - iou_score: 0.9219 - loss: 0.2390 - precision: 0.9397 - recall: 0.9799
[1m124/125[0m [32m━━━━━━━━━━━━━━━━━━━[0m[37m━[0m [1m7s[0m 7s/step - accuracy: 0.9318 - dice_coeff: 0.9397 - iou_score: 0.9219 - loss: 0.2390 - precision: 0.9397 - recall: 0.9799 
[1m125/125[0m [32m━━━━━━━━━━━━━━━━━━━━[0m[37m[0m [1m0s[0m 7s/step - accuracy: 0.9318 - dice_coeff: 0.9397 - iou_score: 0.9219 - loss: 0.2391 - precision: 0.9397 - recall: 0.9799
Epoch 24: val_dice_coeff did not improve from 0.92625

[1m125/125[0m [32m━━━━━━━━━━━━━━━━━━━━[0m[37m[0m [1m989s[0m 8s/step - accuracy: 0.9308 - dice_coeff: 0.9390 - iou_score: 0.9207 - loss: 0.2424 - precision: 0.9384 - recall: 0.9799 - val_accuracy: 0.9144 - val_dice_coeff: 0.9249 - val_iou_score: 0.9009 - val_loss: 0.2956 - val_precision: 0.9177 - val_recall: 0.9801 - learning_rate: 2.5000e-05
Epoch 25/100

[1m  1/125[0m [37m━━━━━━━━━━━━━━━━━━━━[0m [1m15:30[0m 8s/step - accuracy: 0.9217 - dice_coeff: 0.9340 - iou_score: 0.9096 - loss: 0.2767 - precision: 0.9223 - recall: 0.9852
[1m  2/125[0m [37m━━━━━━━━━━━━━━━━━━━━[0m [1m15:06[0m 7s/step - accuracy: 0.9223 - dice_coeff: 0.9338 - iou_score: 0.9105 - loss: 0.2751 - precision: 0.9259 - recall: 0.9821
[1m  3/125[0m [37m━━━━━━━━━━━━━━━━━━━━[0m [1m14:59[0m 7s/step - accuracy: 0.9230 - dice_coeff: 0.9337 - iou_score: 0.9112 - loss: 0.2726 - precision: 0.9283 - recall: 0.9803
[1m  4/125[0m [37m━━━━━━━━━━━━━━━━━━━━[0m [1m14:50[0m 7s/step - accuracy: 0.9239 - dice_coeff: 0.9341 - iou_score: 0.9123 - loss: 0.2691 - precision: 0.9300 - recall: 0.9796
[1m  5/125[0m [37m━━━━━━━━━━━━━━━━━━━━[0m [1m14:43[0m 7s/step - accuracy: 0.9252 - dice_coeff: 0.9348 - iou_score: 0.9138 - loss: 0.2646 - precision: 0.9321 - recall: 0.9791
[1m  6/125[0m [37m━━━━━━━━━━━━━━━━━━━━[0m [1m14:39[0m 7s/step - accuracy: 0.9258 - dice_coeff: 0.9350 - iou_score: 0.9145 - loss: 0.2625 - precision: 0.9332 - recall: 0.9787
[1m  7/125[0m [32m━[0m[37m━━━━━━━━━━━━━━━━━━━[0m [1m14:32[0m 7s/step - accuracy: 0.9262 - dice_coeff: 0.9352 - iou_score: 0.9150 - loss: 0.2609 - precision: 0.9339 - recall: 0.9785
[1m  8/125[0m [32m━[0m[37m━━━━━━━━━━━━━━━━━━━[0m [1m14:24[0m 7s/step - accuracy: 0.9266 - dice_coeff: 0.9353 - iou_score: 0.9154 - loss: 0.2596 - precision: 0.9344 - recall: 0.9783
[1m  9/125[0m [32m━[0m[37m━━━━━━━━━━━━━━━━━━━[0m [1m14:16[0m 7s/step - accuracy: 0.9269 - dice_coeff: 0.9355 - iou_score: 0.9158 - loss: 0.2584 - precision: 0.9350 - recall: 0.9782
[1m 10/125[0m [32m━[0m[37m━━━━━━━━━━━━━━━━━━━[0m [1m14:07[0m 7s/step - accuracy: 0.9272 - dice_coeff: 0.9357 - iou_score: 0.9162 - loss: 0.2571 - precision: 0.9355 - recall: 0.9781
[1m 11/125[0m [32m━[0m[37m━━━━━━━━━━━━━━━━━━━[0m [1m13:59[0m 7s/step - accuracy: 0.9274 - dice_coeff: 0.9358 - iou_score: 0.9164 - loss: 0.2563 - precision: 0.9357 - recall: 0.9781
[1m 12/125[0m [32m━[0m[37m━━━━━━━━━━━━━━━━━━━[0m [1m13:51[0m 7s/step - accuracy: 0.9275 - dice_coeff: 0.9359 - iou_score: 0.9166 - loss: 0.2558 - precision: 0.9358 - recall: 0.9782
[1m 13/125[0m [32m━━[0m[37m━━━━━━━━━━━━━━━━━━[0m [1m13:43[0m 7s/step - accuracy: 0.9276 - dice_coeff: 0.9360 - iou_score: 0.9167 - loss: 0.2554 - precision: 0.9359 - recall: 0.9782
[1m 14/125[0m [32m━━[0m[37m━━━━━━━━━━━━━━━━━━[0m [1m13:35[0m 7s/step - accuracy: 0.9277 - dice_coeff: 0.9361 - iou_score: 0.9168 - loss: 0.2549 - precision: 0.9360 - recall: 0.9782
[1m 15/125[0m [32m━━[0m[37m━━━━━━━━━━━━━━━━━━[0m [1m13:28[0m 7s/step - accuracy: 0.9278 - dice_coeff: 0.9362 - iou_score: 0.9170 - loss: 0.2545 - precision: 0.9361 - recall: 0.9782
[1m 16/125[0m [32m━━[0m[37m━━━━━━━━━━━━━━━━━━[0m [1m13:20[0m 7s/step - accuracy: 0.9279 - dice_coeff: 0.9362 - iou_score: 0.9171 - loss: 0.2542 - precision: 0.9362 - recall: 0.9782
[1m 17/125[0m [32m━━[0m[37m━━━━━━━━━━━━━━━━━━[0m [1m13:14[0m 7s/step - accuracy: 0.9280 - dice_coeff: 0.9363 - iou_score: 0.9172 - loss: 0.2538 - precision: 0.9364 - recall: 0.9782
[1m 18/125[0m [32m━━[0m[37m━━━━━━━━━━━━━━━━━━[0m [1m13:06[0m 7s/step - accuracy: 0.9281 - dice_coeff: 0.9364 - iou_score: 0.9173 - loss: 0.2533 - precision: 0.9365 - recall: 0.9783
[1m 19/125[0m [32m━━━[0m[37m━━━━━━━━━━━━━━━━━[0m [1m12:58[0m 7s/step - accuracy: 0.9282 - dice_coeff: 0.9365 - iou_score: 0.9175 - loss: 0.2529 - precision: 0.9366 - recall: 0.9783
[1m 20/125[0m [32m━━━[0m[37m━━━━━━━━━━━━━━━━━[0m [1m12:51[0m 7s/step - accuracy: 0.9283 - dice_coeff: 0.9366 - iou_score: 0.9176 - loss: 0.2525 - precision: 0.9367 - recall: 0.9784
[1m 21/125[0m [32m━━━[0m[37m━━━━━━━━━━━━━━━━━[0m [1m12:44[0m 7s/step - accuracy: 0.9283 - dice_coeff: 0.9367 - iou_score: 0.9176 - loss: 0.2522 - precision: 0.9367 - recall: 0.9784
[1m 22/125[0m [32m━━━[0m[37m━━━━━━━━━━━━━━━━━[0m [1m12:37[0m 7s/step - accuracy: 0.9284 - dice_coeff: 0.9367 - iou_score: 0.9177 - loss: 0.2520 - precision: 0.9367 - recall: 0.9785
[1m 23/125[0m [32m━━━[0m[37m━━━━━━━━━━━━━━━━━[0m [1m12:29[0m 7s/step - accuracy: 0.9284 - dice_coeff: 0.9368 - iou_score: 0.9178 - loss: 0.2517 - precision: 0.9367 - recall: 0.9785
[1m 24/125[0m [32m━━━[0m[37m━━━━━━━━━━━━━━━━━[0m [1m12:22[0m 7s/step - accuracy: 0.9285 - dice_coeff: 0.9368 - iou_score: 0.9178 - loss: 0.2515 - precision: 0.9367 - recall: 0.9786
[1m 25/125[0m [32m━━━━[0m[37m━━━━━━━━━━━━━━━━[0m [1m12:14[0m 7s/step - accuracy: 0.9285 - dice_coeff: 0.9369 - iou_score: 0.9179 - loss: 0.2513 - precision: 0.9368 - recall: 0.9786
[1m 26/125[0m [32m━━━━[0m[37m━━━━━━━━━━━━━━━━[0m [1m12:07[0m 7s/step - accuracy: 0.9286 - dice_coeff: 0.9370 - iou_score: 0.9179 - loss: 0.2510 - precision: 0.9368 - recall: 0.9786
[1m 27/125[0m [32m━━━━[0m[37m━━━━━━━━━━━━━━━━[0m [1m12:00[0m 7s/step - accuracy: 0.9286 - dice_coeff: 0.9370 - iou_score: 0.9180 - loss: 0.2508 - precision: 0.9368 - recall: 0.9787
[1m 28/125[0m [32m━━━━[0m[37m━━━━━━━━━━━━━━━━[0m [1m11:52[0m 7s/step - accuracy: 0.9287 - dice_coeff: 0.9371 - iou_score: 0.9181 - loss: 0.2506 - precision: 0.9369 - recall: 0.9787
[1m 29/125[0m [32m━━━━[0m[37m━━━━━━━━━━━━━━━━[0m [1m11:45[0m 7s/step - accuracy: 0.9288 - dice_coeff: 0.9371 - iou_score: 0.9181 - loss: 0.2503 - precision: 0.9369 - recall: 0.9787
[1m 30/125[0m [32m━━━━[0m[37m━━━━━━━━━━━━━━━━[0m [1m11:37[0m 7s/step - accuracy: 0.9288 - dice_coeff: 0.9372 - iou_score: 0.9182 - loss: 0.2501 - precision: 0.9370 - recall: 0.9787
[1m 31/125[0m [32m━━━━[0m[37m━━━━━━━━━━━━━━━━[0m [1m11:30[0m 7s/step - accuracy: 0.9289 - dice_coeff: 0.9372 - iou_score: 0.9183 - loss: 0.2499 - precision: 0.9370 - recall: 0.9788
[1m 32/125[0m [32m━━━━━[0m[37m━━━━━━━━━━━━━━━[0m [1m11:23[0m 7s/step - accuracy: 0.9289 - dice_coeff: 0.9372 - iou_score: 0.9183 - loss: 0.2496 - precision: 0.9371 - recall: 0.9788
[1m 33/125[0m [32m━━━━━[0m[37m━━━━━━━━━━━━━━━[0m [1m11:15[0m 7s/step - accuracy: 0.9290 - dice_coeff: 0.9373 - iou_score: 0.9184 - loss: 0.2494 - precision: 0.9372 - recall: 0.9788
[1m 34/125[0m [32m━━━━━[0m[37m━━━━━━━━━━━━━━━[0m [1m11:08[0m 7s/step - accuracy: 0.9290 - dice_coeff: 0.9373 - iou_score: 0.9185 - loss: 0.2492 - precision: 0.9372 - recall: 0.9788
[1m 35/125[0m [32m━━━━━[0m[37m━━━━━━━━━━━━━━━[0m [1m11:00[0m 7s/step - accuracy: 0.9291 - dice_coeff: 0.9374 - iou_score: 0.9185 - loss: 0.2490 - precision: 0.9373 - recall: 0.9788
[1m 36/125[0m [32m━━━━━[0m[37m━━━━━━━━━━━━━━━[0m [1m10:53[0m 7s/step - accuracy: 0.9291 - dice_coeff: 0.9374 - iou_score: 0.9186 - loss: 0.2488 - precision: 0.9373 - recall: 0.9788
[1m 37/125[0m [32m━━━━━[0m[37m━━━━━━━━━━━━━━━[0m [1m10:45[0m 7s/step - accuracy: 0.9292 - dice_coeff: 0.9375 - iou_score: 0.9186 - loss: 0.2487 - precision: 0.9373 - recall: 0.9788
[1m 38/125[0m [32m━━━━━━[0m[37m━━━━━━━━━━━━━━[0m [1m10:38[0m 7s/step - accuracy: 0.9292 - dice_coeff: 0.9375 - iou_score: 0.9187 - loss: 0.2484 - precision: 0.9374 - recall: 0.9789
[1m 39/125[0m [32m━━━━━━[0m[37m━━━━━━━━━━━━━━[0m [1m10:31[0m 7s/step - accuracy: 0.9293 - dice_coeff: 0.9376 - iou_score: 0.9188 - loss: 0.2482 - precision: 0.9374 - recall: 0.9789
[1m 40/125[0m [32m━━━━━━[0m[37m━━━━━━━━━━━━━━[0m [1m10:24[0m 7s/step - accuracy: 0.9293 - dice_coeff: 0.9376 - iou_score: 0.9188 - loss: 0.2480 - precision: 0.9375 - recall: 0.9789
[1m 41/125[0m [32m━━━━━━[0m[37m━━━━━━━━━━━━━━[0m [1m10:17[0m 7s/step - accuracy: 0.9294 - dice_coeff: 0.9377 - iou_score: 0.9189 - loss: 0.2478 - precision: 0.9375 - recall: 0.9789
[1m 42/125[0m [32m━━━━━━[0m[37m━━━━━━━━━━━━━━[0m [1m10:09[0m 7s/step - accuracy: 0.9295 - dice_coeff: 0.9377 - iou_score: 0.9190 - loss: 0.2476 - precision: 0.9376 - recall: 0.9789
[1m 43/125[0m [32m━━━━━━[0m[37m━━━━━━━━━━━━━━[0m [1m10:02[0m 7s/step - accuracy: 0.9295 - dice_coeff: 0.9378 - iou_score: 0.9191 - loss: 0.2474 - precision: 0.9377 - recall: 0.9790
[1m 44/125[0m [32m━━━━━━━[0m[37m━━━━━━━━━━━━━[0m [1m9:54[0m 7s/step - accuracy: 0.9296 - dice_coeff: 0.9378 - iou_score: 0.9191 - loss: 0.2472 - precision: 0.9377 - recall: 0.9790 
[1m 45/125[0m [32m━━━━━━━[0m[37m━━━━━━━━━━━━━[0m [1m9:47[0m 7s/step - accuracy: 0.9296 - dice_coeff: 0.9378 - iou_score: 0.9192 - loss: 0.2470 - precision: 0.9377 - recall: 0.9790
[1m 46/125[0m [32m━━━━━━━[0m[37m━━━━━━━━━━━━━[0m [1m9:40[0m 7s/step - accuracy: 0.9297 - dice_coeff: 0.9379 - iou_score: 0.9192 - loss: 0.2469 - precision: 0.9378 - recall: 0.9790
[1m 47/125[0m [32m━━━━━━━[0m[37m━━━━━━━━━━━━━[0m [1m9:32[0m 7s/step - accuracy: 0.9297 - dice_coeff: 0.9379 - iou_score: 0.9193 - loss: 0.2467 - precision: 0.9378 - recall: 0.9790
[1m 48/125[0m [32m━━━━━━━[0m[37m━━━━━━━━━━━━━[0m [1m9:25[0m 7s/step - accuracy: 0.9297 - dice_coeff: 0.9380 - iou_score: 0.9193 - loss: 0.2466 - precision: 0.9378 - recall: 0.9790
[1m 49/125[0m [32m━━━━━━━[0m[37m━━━━━━━━━━━━━[0m [1m9:18[0m 7s/step - accuracy: 0.9298 - dice_coeff: 0.9380 - iou_score: 0.9194 - loss: 0.2465 - precision: 0.9379 - recall: 0.9791
[1m 50/125[0m [32m━━━━━━━━[0m[37m━━━━━━━━━━━━[0m [1m9:10[0m 7s/step - accuracy: 0.9298 - dice_coeff: 0.9380 - iou_score: 0.9194 - loss: 0.2463 - precision: 0.9379 - recall: 0.9791
[1m 51/125[0m [32m━━━━━━━━[0m[37m━━━━━━━━━━━━[0m [1m9:03[0m 7s/step - accuracy: 0.9298 - dice_coeff: 0.9381 - iou_score: 0.9195 - loss: 0.2462 - precision: 0.9379 - recall: 0.9791
[1m 52/125[0m [32m━━━━━━━━[0m[37m━━━━━━━━━━━━[0m [1m8:56[0m 7s/step - accuracy: 0.9299 - dice_coeff: 0.9381 - iou_score: 0.9195 - loss: 0.2461 - precision: 0.9380 - recall: 0.9791
[1m 53/125[0m [32m━━━━━━━━[0m[37m━━━━━━━━━━━━[0m [1m8:48[0m 7s/step - accuracy: 0.9299 - dice_coeff: 0.9381 - iou_score: 0.9195 - loss: 0.2460 - precision: 0.9380 - recall: 0.9791
[1m 54/125[0m [32m━━━━━━━━[0m[37m━━━━━━━━━━━━[0m [1m8:41[0m 7s/step - accuracy: 0.9299 - dice_coeff: 0.9381 - iou_score: 0.9196 - loss: 0.2459 - precision: 0.9380 - recall: 0.9791
[1m 55/125[0m [32m━━━━━━━━[0m[37m━━━━━━━━━━━━[0m [1m8:34[0m 7s/step - accuracy: 0.9299 - dice_coeff: 0.9382 - iou_score: 0.9196 - loss: 0.2458 - precision: 0.9380 - recall: 0.9792
[1m 56/125[0m [32m━━━━━━━━[0m[37m━━━━━━━━━━━━[0m [1m8:26[0m 7s/step - accuracy: 0.9300 - dice_coeff: 0.9382 - iou_score: 0.9196 - loss: 0.2457 - precision: 0.9380 - recall: 0.9792
[1m 57/125[0m [32m━━━━━━━━━[0m[37m━━━━━━━━━━━[0m [1m8:19[0m 7s/step - accuracy: 0.9300 - dice_coeff: 0.9382 - iou_score: 0.9197 - loss: 0.2456 - precision: 0.9381 - recall: 0.9792
[1m 58/125[0m [32m━━━━━━━━━[0m[37m━━━━━━━━━━━[0m [1m8:12[0m 7s/step - accuracy: 0.9300 - dice_coeff: 0.9382 - iou_score: 0.9197 - loss: 0.2455 - precision: 0.9381 - recall: 0.9792
[1m 59/125[0m [32m━━━━━━━━━[0m[37m━━━━━━━━━━━[0m [1m8:04[0m 7s/step - accuracy: 0.9300 - dice_coeff: 0.9383 - iou_score: 0.9197 - loss: 0.2454 - precision: 0.9381 - recall: 0.9792
[1m 60/125[0m [32m━━━━━━━━━[0m[37m━━━━━━━━━━━[0m [1m7:57[0m 7s/step - accuracy: 0.9301 - dice_coeff: 0.9383 - iou_score: 0.9197 - loss: 0.2454 - precision: 0.9381 - recall: 0.9792
[1m 61/125[0m [32m━━━━━━━━━[0m[37m━━━━━━━━━━━[0m [1m7:50[0m 7s/step - accuracy: 0.9301 - dice_coeff: 0.9383 - iou_score: 0.9198 - loss: 0.2453 - precision: 0.9381 - recall: 0.9792
[1m 62/125[0m [32m━━━━━━━━━[0m[37m━━━━━━━━━━━[0m [1m7:42[0m 7s/step - accuracy: 0.9301 - dice_coeff: 0.9383 - iou_score: 0.9198 - loss: 0.2452 - precision: 0.9381 - recall: 0.9792
[1m 63/125[0m [32m━━━━━━━━━━[0m[37m━━━━━━━━━━[0m [1m7:35[0m 7s/step - accuracy: 0.9301 - dice_coeff: 0.9383 - iou_score: 0.9198 - loss: 0.2452 - precision: 0.9381 - recall: 0.9793
[1m 64/125[0m [32m━━━━━━━━━━[0m[37m━━━━━━━━━━[0m [1m7:28[0m 7s/step - accuracy: 0.9301 - dice_coeff: 0.9383 - iou_score: 0.9198 - loss: 0.2452 - precision: 0.9381 - recall: 0.9793
[1m 65/125[0m [32m━━━━━━━━━━[0m[37m━━━━━━━━━━[0m [1m7:20[0m 7s/step - accuracy: 0.9301 - dice_coeff: 0.9383 - iou_score: 0.9198 - loss: 0.2451 - precision: 0.9381 - recall: 0.9793
[1m 66/125[0m [32m━━━━━━━━━━[0m[37m━━━━━━━━━━[0m [1m7:13[0m 7s/step - accuracy: 0.9301 - dice_coeff: 0.9384 - iou_score: 0.9198 - loss: 0.2451 - precision: 0.9381 - recall: 0.9793
[1m 67/125[0m [32m━━━━━━━━━━[0m[37m━━━━━━━━━━[0m [1m7:06[0m 7s/step - accuracy: 0.9301 - dice_coeff: 0.9384 - iou_score: 0.9198 - loss: 0.2451 - precision: 0.9381 - recall: 0.9793
[1m 68/125[0m [32m━━━━━━━━━━[0m[37m━━━━━━━━━━[0m [1m6:58[0m 7s/step - accuracy: 0.9301 - dice_coeff: 0.9384 - iou_score: 0.9198 - loss: 0.2450 - precision: 0.9381 - recall: 0.9793
[1m 69/125[0m [32m━━━━━━━━━━━[0m[37m━━━━━━━━━[0m [1m6:51[0m 7s/step - accuracy: 0.9302 - dice_coeff: 0.9384 - iou_score: 0.9199 - loss: 0.2450 - precision: 0.9381 - recall: 0.9793
[1m 70/125[0m [32m━━━━━━━━━━━[0m[37m━━━━━━━━━[0m [1m6:44[0m 7s/step - accuracy: 0.9302 - dice_coeff: 0.9384 - iou_score: 0.9199 - loss: 0.2450 - precision: 0.9382 - recall: 0.9793
[1m 71/125[0m [32m━━━━━━━━━━━[0m[37m━━━━━━━━━[0m [1m6:36[0m 7s/step - accuracy: 0.9302 - dice_coeff: 0.9384 - iou_score: 0.9199 - loss: 0.2450 - precision: 0.9382 - recall: 0.9793
[1m 72/125[0m [32m━━━━━━━━━━━[0m[37m━━━━━━━━━[0m [1m6:29[0m 7s/step - accuracy: 0.9302 - dice_coeff: 0.9384 - iou_score: 0.9199 - loss: 0.2449 - precision: 0.9382 - recall: 0.9793
[1m 73/125[0m [32m━━━━━━━━━━━[0m[37m━━━━━━━━━[0m [1m6:22[0m 7s/step - accuracy: 0.9302 - dice_coeff: 0.9384 - iou_score: 0.9199 - loss: 0.2449 - precision: 0.9382 - recall: 0.9793
[1m 74/125[0m [32m━━━━━━━━━━━[0m[37m━━━━━━━━━[0m [1m6:14[0m 7s/step - accuracy: 0.9302 - dice_coeff: 0.9384 - iou_score: 0.9199 - loss: 0.2449 - precision: 0.9382 - recall: 0.9793
[1m 75/125[0m [32m━━━━━━━━━━━━[0m[37m━━━━━━━━[0m [1m6:07[0m 7s/step - accuracy: 0.9302 - dice_coeff: 0.9384 - iou_score: 0.9199 - loss: 0.2449 - precision: 0.9382 - recall: 0.9793
[1m 76/125[0m [32m━━━━━━━━━━━━[0m[37m━━━━━━━━[0m [1m6:00[0m 7s/step - accuracy: 0.9302 - dice_coeff: 0.9384 - iou_score: 0.9199 - loss: 0.2449 - precision: 0.9382 - recall: 0.9793
[1m 77/125[0m [32m━━━━━━━━━━━━[0m[37m━━━━━━━━[0m [1m5:52[0m 7s/step - accuracy: 0.9302 - dice_coeff: 0.9384 - iou_score: 0.9199 - loss: 0.2448 - precision: 0.9382 - recall: 0.9793
[1m 78/125[0m [32m━━━━━━━━━━━━[0m[37m━━━━━━━━[0m [1m5:45[0m 7s/step - accuracy: 0.9302 - dice_coeff: 0.9384 - iou_score: 0.9199 - loss: 0.2448 - precision: 0.9382 - recall: 0.9793
[1m 79/125[0m [32m━━━━━━━━━━━━[0m[37m━━━━━━━━[0m [1m5:37[0m 7s/step - accuracy: 0.9302 - dice_coeff: 0.9384 - iou_score: 0.9199 - loss: 0.2448 - precision: 0.9382 - recall: 0.9793
[1m 80/125[0m [32m━━━━━━━━━━━━[0m[37m━━━━━━━━[0m [1m5:30[0m 7s/step - accuracy: 0.9302 - dice_coeff: 0.9384 - iou_score: 0.9199 - loss: 0.2448 - precision: 0.9382 - recall: 0.9794
[1m 81/125[0m [32m━━━━━━━━━━━━[0m[37m━━━━━━━━[0m [1m5:23[0m 7s/step - accuracy: 0.9302 - dice_coeff: 0.9384 - iou_score: 0.9199 - loss: 0.2448 - precision: 0.9382 - recall: 0.9794
[1m 82/125[0m [32m━━━━━━━━━━━━━[0m[37m━━━━━━━[0m [1m5:15[0m 7s/step - accuracy: 0.9302 - dice_coeff: 0.9384 - iou_score: 0.9199 - loss: 0.2448 - precision: 0.9382 - recall: 0.9794
[1m 83/125[0m [32m━━━━━━━━━━━━━[0m[37m━━━━━━━[0m [1m5:08[0m 7s/step - accuracy: 0.9302 - dice_coeff: 0.9384 - iou_score: 0.9199 - loss: 0.2448 - precision: 0.9382 - recall: 0.9794
[1m 84/125[0m [32m━━━━━━━━━━━━━[0m[37m━━━━━━━[0m [1m5:01[0m 7s/step - accuracy: 0.9302 - dice_coeff: 0.9384 - iou_score: 0.9199 - loss: 0.2448 - precision: 0.9382 - recall: 0.9794
[1m 85/125[0m [32m━━━━━━━━━━━━━[0m[37m━━━━━━━[0m [1m4:53[0m 7s/step - accuracy: 0.9302 - dice_coeff: 0.9384 - iou_score: 0.9199 - loss: 0.2448 - precision: 0.9382 - recall: 0.9794
[1m 86/125[0m [32m━━━━━━━━━━━━━[0m[37m━━━━━━━[0m [1m4:47[0m 7s/step - accuracy: 0.9302 - dice_coeff: 0.9384 - iou_score: 0.9199 - loss: 0.2448 - precision: 0.9381 - recall: 0.9794
[1m 87/125[0m [32m━━━━━━━━━━━━━[0m[37m━━━━━━━[0m [1m4:43[0m 7s/step - accuracy: 0.9302 - dice_coeff: 0.9384 - iou_score: 0.9199 - loss: 0.2448 - precision: 0.9381 - recall: 0.9794
[1m 88/125[0m [32m━━━━━━━━━━━━━━[0m[37m━━━━━━[0m [1m4:39[0m 8s/step - accuracy: 0.9302 - dice_coeff: 0.9384 - iou_score: 0.9199 - loss: 0.2448 - precision: 0.9381 - recall: 0.9794
[1m 89/125[0m [32m━━━━━━━━━━━━━━[0m[37m━━━━━━[0m [1m4:35[0m 8s/step - accuracy: 0.9302 - dice_coeff: 0.9384 - iou_score: 0.9199 - loss: 0.2448 - precision: 0.9381 - recall: 0.9794
[1m 90/125[0m [32m━━━━━━━━━━━━━━[0m[37m━━━━━━[0m [1m4:30[0m 8s/step - accuracy: 0.9302 - dice_coeff: 0.9384 - iou_score: 0.9199 - loss: 0.2448 - precision: 0.9381 - recall: 0.9794
[1m 91/125[0m [32m━━━━━━━━━━━━━━[0m[37m━━━━━━[0m [1m4:26[0m 8s/step - accuracy: 0.9302 - dice_coeff: 0.9384 - iou_score: 0.9199 - loss: 0.2448 - precision: 0.9381 - recall: 0.9794
[1m 92/125[0m [32m━━━━━━━━━━━━━━[0m[37m━━━━━━[0m [1m4:21[0m 8s/step - accuracy: 0.9302 - dice_coeff: 0.9384 - iou_score: 0.9199 - loss: 0.2448 - precision: 0.9381 - recall: 0.9794
[1m 93/125[0m [32m━━━━━━━━━━━━━━[0m[37m━━━━━━[0m [1m4:15[0m 8s/step - accuracy: 0.9302 - dice_coeff: 0.9384 - iou_score: 0.9199 - loss: 0.2448 - precision: 0.9381 - recall: 0.9794
[1m 94/125[0m [32m━━━━━━━━━━━━━━━[0m[37m━━━━━[0m [1m4:10[0m 8s/step - accuracy: 0.9302 - dice_coeff: 0.9384 - iou_score: 0.9199 - loss: 0.2448 - precision: 0.9381 - recall: 0.9794
[1m 95/125[0m [32m━━━━━━━━━━━━━━━[0m[37m━━━━━[0m [1m4:04[0m 8s/step - accuracy: 0.9302 - dice_coeff: 0.9384 - iou_score: 0.9199 - loss: 0.2448 - precision: 0.9381 - recall: 0.9794
[1m 96/125[0m [32m━━━━━━━━━━━━━━━[0m[37m━━━━━[0m [1m3:58[0m 8s/step - accuracy: 0.9302 - dice_coeff: 0.9384 - iou_score: 0.9199 - loss: 0.2448 - precision: 0.9381 - recall: 0.9794
[1m 97/125[0m [32m━━━━━━━━━━━━━━━[0m[37m━━━━━[0m [1m3:51[0m 8s/step - accuracy: 0.9302 - dice_coeff: 0.9384 - iou_score: 0.9199 - loss: 0.2448 - precision: 0.9381 - recall: 0.9794
[1m 98/125[0m [32m━━━━━━━━━━━━━━━[0m[37m━━━━━[0m [1m3:45[0m 8s/step - accuracy: 0.9302 - dice_coeff: 0.9384 - iou_score: 0.9199 - loss: 0.2448 - precision: 0.9381 - recall: 0.9794
[1m 99/125[0m [32m━━━━━━━━━━━━━━━[0m[37m━━━━━[0m [1m3:38[0m 8s/step - accuracy: 0.9302 - dice_coeff: 0.9384 - iou_score: 0.9199 - loss: 0.2448 - precision: 0.9381 - recall: 0.9794
[1m100/125[0m [32m━━━━━━━━━━━━━━━━[0m[37m━━━━[0m [1m3:31[0m 8s/step - accuracy: 0.9302 - dice_coeff: 0.9384 - iou_score: 0.9199 - loss: 0.2448 - precision: 0.9381 - recall: 0.9794
[1m101/125[0m [32m━━━━━━━━━━━━━━━━[0m[37m━━━━[0m [1m3:24[0m 9s/step - accuracy: 0.9302 - dice_coeff: 0.9384 - iou_score: 0.9199 - loss: 0.2448 - precision: 0.9381 - recall: 0.9794
[1m102/125[0m [32m━━━━━━━━━━━━━━━━[0m[37m━━━━[0m [1m3:17[0m 9s/step - accuracy: 0.9302 - dice_coeff: 0.9384 - iou_score: 0.9199 - loss: 0.2448 - precision: 0.9381 - recall: 0.9794
[1m103/125[0m [32m━━━━━━━━━━━━━━━━[0m[37m━━━━[0m [1m3:09[0m 9s/step - accuracy: 0.9302 - dice_coeff: 0.9384 - iou_score: 0.9199 - loss: 0.2448 - precision: 0.9381 - recall: 0.9794
[1m104/125[0m [32m━━━━━━━━━━━━━━━━[0m[37m━━━━[0m [1m3:02[0m 9s/step - accuracy: 0.9302 - dice_coeff: 0.9384 - iou_score: 0.9199 - loss: 0.2448 - precision: 0.9381 - recall: 0.9794
[1m105/125[0m [32m━━━━━━━━━━━━━━━━[0m[37m━━━━[0m [1m2:54[0m 9s/step - accuracy: 0.9302 - dice_coeff: 0.9384 - iou_score: 0.9199 - loss: 0.2448 - precision: 0.9381 - recall: 0.9794
[1m106/125[0m [32m━━━━━━━━━━━━━━━━[0m[37m━━━━[0m [1m2:46[0m 9s/step - accuracy: 0.9302 - dice_coeff: 0.9384 - iou_score: 0.9199 - loss: 0.2448 - precision: 0.9381 - recall: 0.9794
[1m107/125[0m [32m━━━━━━━━━━━━━━━━━[0m[37m━━━[0m [1m2:39[0m 9s/step - accuracy: 0.9302 - dice_coeff: 0.9384 - iou_score: 0.9199 - loss: 0.2448 - precision: 0.9381 - recall: 0.9794
[1m108/125[0m [32m━━━━━━━━━━━━━━━━━[0m[37m━━━[0m [1m2:31[0m 9s/step - accuracy: 0.9302 - dice_coeff: 0.9384 - iou_score: 0.9199 - loss: 0.2447 - precision: 0.9381 - recall: 0.9794
[1m109/125[0m [32m━━━━━━━━━━━━━━━━━[0m[37m━━━[0m [1m2:23[0m 9s/step - accuracy: 0.9302 - dice_coeff: 0.9384 - iou_score: 0.9199 - loss: 0.2447 - precision: 0.9381 - recall: 0.9794
[1m110/125[0m [32m━━━━━━━━━━━━━━━━━[0m[37m━━━[0m [1m2:14[0m 9s/step - accuracy: 0.9302 - dice_coeff: 0.9384 - iou_score: 0.9199 - loss: 0.2447 - precision: 0.9381 - recall: 0.9794
[1m111/125[0m [32m━━━━━━━━━━━━━━━━━[0m[37m━━━[0m [1m2:06[0m 9s/step - accuracy: 0.9302 - dice_coeff: 0.9384 - iou_score: 0.9199 - loss: 0.2447 - precision: 0.9381 - recall: 0.9794
[1m112/125[0m [32m━━━━━━━━━━━━━━━━━[0m[37m━━━[0m [1m1:58[0m 9s/step - accuracy: 0.9302 - dice_coeff: 0.9385 - iou_score: 0.9199 - loss: 0.2447 - precision: 0.9381 - recall: 0.9794
[1m113/125[0m [32m━━━━━━━━━━━━━━━━━━[0m[37m━━[0m [1m1:50[0m 9s/step - accuracy: 0.9302 - dice_coeff: 0.9385 - iou_score: 0.9199 - loss: 0.2447 - precision: 0.9381 - recall: 0.9794
[1m114/125[0m [32m━━━━━━━━━━━━━━━━━━[0m[37m━━[0m [1m1:41[0m 9s/step - accuracy: 0.9302 - dice_coeff: 0.9385 - iou_score: 0.9199 - loss: 0.2446 - precision: 0.9381 - recall: 0.9795
[1m115/125[0m [32m━━━━━━━━━━━━━━━━━━[0m[37m━━[0m [1m1:33[0m 9s/step - accuracy: 0.9302 - dice_coeff: 0.9385 - iou_score: 0.9200 - loss: 0.2446 - precision: 0.9381 - recall: 0.9795
[1m116/125[0m [32m━━━━━━━━━━━━━━━━━━[0m[37m━━[0m [1m1:24[0m 9s/step - accuracy: 0.9302 - dice_coeff: 0.9385 - iou_score: 0.9200 - loss: 0.2446 - precision: 0.9381 - recall: 0.9795
[1m117/125[0m [32m━━━━━━━━━━━━━━━━━━[0m[37m━━[0m [1m1:15[0m 9s/step - accuracy: 0.9302 - dice_coeff: 0.9385 - iou_score: 0.9200 - loss: 0.2446 - precision: 0.9381 - recall: 0.9795
[1m118/125[0m [32m━━━━━━━━━━━━━━━━━━[0m[37m━━[0m [1m1:06[0m 9s/step - accuracy: 0.9302 - dice_coeff: 0.9385 - iou_score: 0.9200 - loss: 0.2446 - precision: 0.9381 - recall: 0.9795
[1m119/125[0m [32m━━━━━━━━━━━━━━━━━━━[0m[37m━[0m [1m57s[0m 10s/step - accuracy: 0.9302 - dice_coeff: 0.9385 - iou_score: 0.9200 - loss: 0.2446 - precision: 0.9381 - recall: 0.9795
[1m120/125[0m [32m━━━━━━━━━━━━━━━━━━━[0m[37m━[0m [1m47s[0m 10s/step - accuracy: 0.9302 - dice_coeff: 0.9385 - iou_score: 0.9200 - loss: 0.2446 - precision: 0.9381 - recall: 0.9795
[1m121/125[0m [32m━━━━━━━━━━━━━━━━━━━[0m[37m━[0m [1m38s[0m 10s/step - accuracy: 0.9302 - dice_coeff: 0.9385 - iou_score: 0.9200 - loss: 0.2445 - precision: 0.9381 - recall: 0.9795
[1m122/125[0m [32m━━━━━━━━━━━━━━━━━━━[0m[37m━[0m [1m29s[0m 10s/step - accuracy: 0.9302 - dice_coeff: 0.9385 - iou_score: 0.9200 - loss: 0.2445 - precision: 0.9381 - recall: 0.9795
[1m123/125[0m [32m━━━━━━━━━━━━━━━━━━━[0m[37m━[0m [1m19s[0m 10s/step - accuracy: 0.9302 - dice_coeff: 0.9385 - iou_score: 0.9200 - loss: 0.2445 - precision: 0.9381 - recall: 0.9795
[1m124/125[0m [32m━━━━━━━━━━━━━━━━━━━[0m[37m━[0m [1m9s[0m 10s/step - accuracy: 0.9303 - dice_coeff: 0.9385 - iou_score: 0.9200 - loss: 0.2445 - precision: 0.9381 - recall: 0.9795 
[1m125/125[0m [32m━━━━━━━━━━━━━━━━━━━━[0m[37m[0m [1m0s[0m 10s/step - accuracy: 0.9303 - dice_coeff: 0.9385 - iou_score: 0.9200 - loss: 0.2444 - precision: 0.9381 - recall: 0.9795
Epoch 25: val_dice_coeff did not improve from 0.92625

[1m125/125[0m [32m━━━━━━━━━━━━━━━━━━━━[0m[37m[0m [1m1391s[0m 11s/step - accuracy: 0.9311 - dice_coeff: 0.9392 - iou_score: 0.9210 - loss: 0.2414 - precision: 0.9388 - recall: 0.9798 - val_accuracy: 0.9137 - val_dice_coeff: 0.9239 - val_iou_score: 0.8997 - val_loss: 0.2989 - val_precision: 0.9201 - val_recall: 0.9759 - learning_rate: 2.5000e-05
Epoch 26/100

[1m  1/125[0m [37m━━━━━━━━━━━━━━━━━━━━[0m [1m20:50[0m 10s/step - accuracy: 0.9230 - dice_coeff: 0.9343 - iou_score: 0.9116 - loss: 0.2672 - precision: 0.9315 - recall: 0.9771
[1m  2/125[0m [37m━━━━━━━━━━━━━━━━━━━━[0m [1m21:43[0m 11s/step - accuracy: 0.9241 - dice_coeff: 0.9351 - iou_score: 0.9132 - loss: 0.2639 - precision: 0.9328 - recall: 0.9776
[1m  3/125[0m [37m━━━━━━━━━━━━━━━━━━━━[0m [1m21:19[0m 10s/step - accuracy: 0.9246 - dice_coeff: 0.9355 - iou_score: 0.9136 - loss: 0.2624 - precision: 0.9326 - recall: 0.9782
[1m  4/125[0m [37m━━━━━━━━━━━━━━━━━━━━[0m [1m20:43[0m 10s/step - accuracy: 0.9248 - dice_coeff: 0.9357 - iou_score: 0.9138 - loss: 0.2619 - precision: 0.9323 - recall: 0.9787
[1m  5/125[0m [37m━━━━━━━━━━━━━━━━━━━━[0m [1m20:07[0m 10s/step - accuracy: 0.9252 - dice_coeff: 0.9361 - iou_score: 0.9141 - loss: 0.2607 - precision: 0.9323 - recall: 0.9791
[1m  6/125[0m [37m━━━━━━━━━━━━━━━━━━━━[0m [1m19:51[0m 10s/step - accuracy: 0.9256 - dice_coeff: 0.9365 - iou_score: 0.9146 - loss: 0.2591 - precision: 0.9325 - recall: 0.9795
[1m  7/125[0m [32m━[0m[37m━━━━━━━━━━━━━━━━━━━[0m [1m19:42[0m 10s/step - accuracy: 0.9261 - dice_coeff: 0.9368 - iou_score: 0.9152 - loss: 0.2576 - precision: 0.9328 - recall: 0.9798
[1m  8/125[0m [32m━[0m[37m━━━━━━━━━━━━━━━━━━━[0m [1m19:21[0m 10s/step - accuracy: 0.9264 - dice_coeff: 0.9371 - iou_score: 0.9156 - loss: 0.2564 - precision: 0.9331 - recall: 0.9799
[1m  9/125[0m [32m━[0m[37m━━━━━━━━━━━━━━━━━━━[0m [1m19:02[0m 10s/step - accuracy: 0.9265 - dice_coeff: 0.9371 - iou_score: 0.9157 - loss: 0.2561 - precision: 0.9332 - recall: 0.9800
[1m 10/125[0m [32m━[0m[37m━━━━━━━━━━━━━━━━━━━[0m [1m18:47[0m 10s/step - accuracy: 0.9266 - dice_coeff: 0.9372 - iou_score: 0.9158 - loss: 0.2557 - precision: 0.9333 - recall: 0.9800
[1m 11/125[0m [32m━[0m[37m━━━━━━━━━━━━━━━━━━━[0m [1m18:34[0m 10s/step - accuracy: 0.9268 - dice_coeff: 0.9372 - iou_score: 0.9160 - loss: 0.2552 - precision: 0.9334 - recall: 0.9800
[1m 12/125[0m [32m━[0m[37m━━━━━━━━━━━━━━━━━━━[0m [1m18:24[0m 10s/step - accuracy: 0.9268 - dice_coeff: 0.9373 - iou_score: 0.9161 - loss: 0.2550 - precision: 0.9335 - recall: 0.9800
[1m 13/125[0m [32m━━[0m[37m━━━━━━━━━━━━━━━━━━[0m [1m18:11[0m 10s/step - accuracy: 0.9269 - dice_coeff: 0.9373 - iou_score: 0.9161 - loss: 0.2548 - precision: 0.9336 - recall: 0.9800
[1m 14/125[0m [32m━━[0m[37m━━━━━━━━━━━━━━━━━━[0m [1m17:59[0m 10s/step - accuracy: 0.9269 - dice_coeff: 0.9373 - iou_score: 0.9161 - loss: 0.2548 - precision: 0.9336 - recall: 0.9800
[1m 15/125[0m [32m━━[0m[37m━━━━━━━━━━━━━━━━━━[0m [1m17:54[0m 10s/step - accuracy: 0.9269 - dice_coeff: 0.9372 - iou_score: 0.9161 - loss: 0.2548 - precision: 0.9335 - recall: 0.9800
[1m 16/125[0m [32m━━[0m[37m━━━━━━━━━━━━━━━━━━[0m [1m17:42[0m 10s/step - accuracy: 0.9269 - dice_coeff: 0.9372 - iou_score: 0.9162 - loss: 0.2547 - precision: 0.9336 - recall: 0.9800
[1m 17/125[0m [32m━━[0m[37m━━━━━━━━━━━━━━━━━━[0m [1m17:31[0m 10s/step - accuracy: 0.9269 - dice_coeff: 0.9372 - iou_score: 0.9162 - loss: 0.2545 - precision: 0.9337 - recall: 0.9800
[1m 18/125[0m [32m━━[0m[37m━━━━━━━━━━━━━━━━━━[0m [1m17:20[0m 10s/step - accuracy: 0.9270 - dice_coeff: 0.9372 - iou_score: 0.9163 - loss: 0.2543 - precision: 0.9337 - recall: 0.9800
[1m 19/125[0m [32m━━━[0m[37m━━━━━━━━━━━━━━━━━[0m [1m17:06[0m 10s/step - accuracy: 0.9271 - dice_coeff: 0.9372 - iou_score: 0.9164 - loss: 0.2542 - precision: 0.9338 - recall: 0.9800
[1m 20/125[0m [32m━━━[0m[37m━━━━━━━━━━━━━━━━━[0m [1m16:54[0m 10s/step - accuracy: 0.9271 - dice_coeff: 0.9372 - iou_score: 0.9164 - loss: 0.2540 - precision: 0.9339 - recall: 0.9800
[1m 21/125[0m [32m━━━[0m[37m━━━━━━━━━━━━━━━━━[0m [1m16:43[0m 10s/step - accuracy: 0.9272 - dice_coeff: 0.9372 - iou_score: 0.9165 - loss: 0.2538 - precision: 0.9339 - recall: 0.9800
[1m 22/125[0m [32m━━━[0m[37m━━━━━━━━━━━━━━━━━[0m [1m16:32[0m 10s/step - accuracy: 0.9272 - dice_coeff: 0.9372 - iou_score: 0.9165 - loss: 0.2537 - precision: 0.9340 - recall: 0.9800
[1m 23/125[0m [32m━━━[0m[37m━━━━━━━━━━━━━━━━━[0m [1m16:22[0m 10s/step - accuracy: 0.9272 - dice_coeff: 0.9372 - iou_score: 0.9166 - loss: 0.2536 - precision: 0.9341 - recall: 0.9800
[1m 24/125[0m [32m━━━[0m[37m━━━━━━━━━━━━━━━━━[0m [1m16:12[0m 10s/step - accuracy: 0.9273 - dice_coeff: 0.9372 - iou_score: 0.9166 - loss: 0.2535 - precision: 0.9341 - recall: 0.9800
[1m 25/125[0m [32m━━━━[0m[37m━━━━━━━━━━━━━━━━[0m [1m16:01[0m 10s/step - accuracy: 0.9273 - dice_coeff: 0.9372 - iou_score: 0.9167 - loss: 0.2534 - precision: 0.9342 - recall: 0.9799
[1m 26/125[0m [32m━━━━[0m[37m━━━━━━━━━━━━━━━━[0m [1m15:48[0m 10s/step - accuracy: 0.9273 - dice_coeff: 0.9372 - iou_score: 0.9167 - loss: 0.2533 - precision: 0.9342 - recall: 0.9799
[1m 27/125[0m [32m━━━━[0m[37m━━━━━━━━━━━━━━━━[0m [1m15:38[0m 10s/step - accuracy: 0.9274 - dice_coeff: 0.9372 - iou_score: 0.9167 - loss: 0.2532 - precision: 0.9343 - recall: 0.9799
[1m 28/125[0m [32m━━━━[0m[37m━━━━━━━━━━━━━━━━[0m [1m15:27[0m 10s/step - accuracy: 0.9274 - dice_coeff: 0.9372 - iou_score: 0.9168 - loss: 0.2531 - precision: 0.9344 - recall: 0.9799
[1m 29/125[0m [32m━━━━[0m[37m━━━━━━━━━━━━━━━━[0m [1m15:15[0m 10s/step - accuracy: 0.9274 - dice_coeff: 0.9372 - iou_score: 0.9168 - loss: 0.2530 - precision: 0.9344 - recall: 0.9798
[1m 30/125[0m [32m━━━━[0m[37m━━━━━━━━━━━━━━━━[0m [1m15:04[0m 10s/step - accuracy: 0.9274 - dice_coeff: 0.9372 - iou_score: 0.9168 - loss: 0.2530 - precision: 0.9345 - recall: 0.9798
[1m 31/125[0m [32m━━━━[0m[37m━━━━━━━━━━━━━━━━[0m [1m14:53[0m 10s/step - accuracy: 0.9275 - dice_coeff: 0.9372 - iou_score: 0.9169 - loss: 0.2529 - precision: 0.9345 - recall: 0.9798
[1m 32/125[0m [32m━━━━━[0m[37m━━━━━━━━━━━━━━━[0m [1m14:45[0m 10s/step - accuracy: 0.9275 - dice_coeff: 0.9372 - iou_score: 0.9169 - loss: 0.2529 - precision: 0.9345 - recall: 0.9798
[1m 33/125[0m [32m━━━━━[0m[37m━━━━━━━━━━━━━━━[0m [1m14:39[0m 10s/step - accuracy: 0.9275 - dice_coeff: 0.9372 - iou_score: 0.9169 - loss: 0.2528 - precision: 0.9346 - recall: 0.9798
[1m 34/125[0m [32m━━━━━[0m[37m━━━━━━━━━━━━━━━[0m [1m14:31[0m 10s/step - accuracy: 0.9275 - dice_coeff: 0.9372 - iou_score: 0.9169 - loss: 0.2527 - precision: 0.9346 - recall: 0.9798
[1m 35/125[0m [32m━━━━━[0m[37m━━━━━━━━━━━━━━━[0m [1m14:35[0m 10s/step - accuracy: 0.9276 - dice_coeff: 0.9372 - iou_score: 0.9170 - loss: 0.2527 - precision: 0.9347 - recall: 0.9798
[1m 36/125[0m [32m━━━━━[0m[37m━━━━━━━━━━━━━━━[0m [1m14:30[0m 10s/step - accuracy: 0.9276 - dice_coeff: 0.9372 - iou_score: 0.9170 - loss: 0.2525 - precision: 0.9347 - recall: 0.9798
[1m 37/125[0m [32m━━━━━[0m[37m━━━━━━━━━━━━━━━[0m [1m14:21[0m 10s/step - accuracy: 0.9276 - dice_coeff: 0.9373 - iou_score: 0.9171 - loss: 0.2524 - precision: 0.9348 - recall: 0.9797
[1m 38/125[0m [32m━━━━━━[0m[37m━━━━━━━━━━━━━━[0m [1m14:13[0m 10s/step - accuracy: 0.9277 - dice_coeff: 0.9373 - iou_score: 0.9171 - loss: 0.2523 - precision: 0.9348 - recall: 0.9797
[1m 39/125[0m [32m━━━━━━[0m[37m━━━━━━━━━━━━━━[0m [1m14:02[0m 10s/step - accuracy: 0.9277 - dice_coeff: 0.9373 - iou_score: 0.9171 - loss: 0.2522 - precision: 0.9349 - recall: 0.9797
[1m 40/125[0m [32m━━━━━━[0m[37m━━━━━━━━━━━━━━[0m [1m13:50[0m 10s/step - accuracy: 0.9277 - dice_coeff: 0.9373 - iou_score: 0.9172 - loss: 0.2521 - precision: 0.9349 - recall: 0.9797
[1m 41/125[0m [32m━━━━━━[0m[37m━━━━━━━━━━━━━━[0m [1m13:38[0m 10s/step - accuracy: 0.9278 - dice_coeff: 0.9373 - iou_score: 0.9172 - loss: 0.2520 - precision: 0.9350 - recall: 0.9797
[1m 42/125[0m [32m━━━━━━[0m[37m━━━━━━━━━━━━━━[0m [1m13:27[0m 10s/step - accuracy: 0.9278 - dice_coeff: 0.9373 - iou_score: 0.9172 - loss: 0.2519 - precision: 0.9350 - recall: 0.9797
[1m 43/125[0m [32m━━━━━━[0m[37m━━━━━━━━━━━━━━[0m [1m13:15[0m 10s/step - accuracy: 0.9278 - dice_coeff: 0.9373 - iou_score: 0.9173 - loss: 0.2519 - precision: 0.9351 - recall: 0.9797
[1m 44/125[0m [32m━━━━━━━[0m[37m━━━━━━━━━━━━━[0m [1m13:04[0m 10s/step - accuracy: 0.9278 - dice_coeff: 0.9373 - iou_score: 0.9173 - loss: 0.2518 - precision: 0.9351 - recall: 0.9797
[1m 45/125[0m [32m━━━━━━━[0m[37m━━━━━━━━━━━━━[0m [1m12:53[0m 10s/step - accuracy: 0.9279 - dice_coeff: 0.9374 - iou_score: 0.9173 - loss: 0.2517 - precision: 0.9351 - recall: 0.9797
[1m 46/125[0m [32m━━━━━━━[0m[37m━━━━━━━━━━━━━[0m [1m12:42[0m 10s/step - accuracy: 0.9279 - dice_coeff: 0.9374 - iou_score: 0.9174 - loss: 0.2516 - precision: 0.9352 - recall: 0.9797
[1m 47/125[0m [32m━━━━━━━[0m[37m━━━━━━━━━━━━━[0m [1m12:32[0m 10s/step - accuracy: 0.9279 - dice_coeff: 0.9374 - iou_score: 0.9174 - loss: 0.2515 - precision: 0.9352 - recall: 0.9797
[1m 48/125[0m [32m━━━━━━━[0m[37m━━━━━━━━━━━━━[0m [1m12:21[0m 10s/step - accuracy: 0.9279 - dice_coeff: 0.9374 - iou_score: 0.9174 - loss: 0.2514 - precision: 0.9352 - recall: 0.9797
[1m 49/125[0m [32m━━━━━━━[0m[37m━━━━━━━━━━━━━[0m [1m12:10[0m 10s/step - accuracy: 0.9280 - dice_coeff: 0.9374 - iou_score: 0.9175 - loss: 0.2513 - precision: 0.9353 - recall: 0.9797
[1m 50/125[0m [32m━━━━━━━━[0m[37m━━━━━━━━━━━━[0m [1m11:59[0m 10s/step - accuracy: 0.9280 - dice_coeff: 0.9374 - iou_score: 0.9175 - loss: 0.2512 - precision: 0.9353 - recall: 0.9797
[1m 51/125[0m [32m━━━━━━━━[0m[37m━━━━━━━━━━━━[0m [1m11:49[0m 10s/step - accuracy: 0.9280 - dice_coeff: 0.9375 - iou_score: 0.9176 - loss: 0.2511 - precision: 0.9353 - recall: 0.9797
[1m 52/125[0m [32m━━━━━━━━[0m[37m━━━━━━━━━━━━[0m [1m11:38[0m 10s/step - accuracy: 0.9281 - dice_coeff: 0.9375 - iou_score: 0.9176 - loss: 0.2510 - precision: 0.9354 - recall: 0.9797
[1m 53/125[0m [32m━━━━━━━━[0m[37m━━━━━━━━━━━━[0m [1m11:28[0m 10s/step - accuracy: 0.9281 - dice_coeff: 0.9375 - iou_score: 0.9176 - loss: 0.2509 - precision: 0.9354 - recall: 0.9797
[1m 54/125[0m [32m━━━━━━━━[0m[37m━━━━━━━━━━━━[0m [1m11:17[0m 10s/step - accuracy: 0.9281 - dice_coeff: 0.9375 - iou_score: 0.9177 - loss: 0.2508 - precision: 0.9354 - recall: 0.9797
[1m 55/125[0m [32m━━━━━━━━[0m[37m━━━━━━━━━━━━[0m [1m11:07[0m 10s/step - accuracy: 0.9281 - dice_coeff: 0.9375 - iou_score: 0.9177 - loss: 0.2507 - precision: 0.9355 - recall: 0.9797
[1m 56/125[0m [32m━━━━━━━━[0m[37m━━━━━━━━━━━━[0m [1m10:56[0m 10s/step - accuracy: 0.9282 - dice_coeff: 0.9375 - iou_score: 0.9177 - loss: 0.2506 - precision: 0.9355 - recall: 0.9797
[1m 57/125[0m [32m━━━━━━━━━[0m[37m━━━━━━━━━━━[0m [1m10:46[0m 10s/step - accuracy: 0.9282 - dice_coeff: 0.9376 - iou_score: 0.9177 - loss: 0.2506 - precision: 0.9355 - recall: 0.9797
[1m 58/125[0m [32m━━━━━━━━━[0m[37m━━━━━━━━━━━[0m [1m10:36[0m 9s/step - accuracy: 0.9282 - dice_coeff: 0.9376 - iou_score: 0.9178 - loss: 0.2505 - precision: 0.9356 - recall: 0.9797 
[1m 59/125[0m [32m━━━━━━━━━[0m[37m━━━━━━━━━━━[0m [1m10:26[0m 9s/step - accuracy: 0.9282 - dice_coeff: 0.9376 - iou_score: 0.9178 - loss: 0.2504 - precision: 0.9356 - recall: 0.9797
[1m 60/125[0m [32m━━━━━━━━━[0m[37m━━━━━━━━━━━[0m [1m10:15[0m 9s/step - accuracy: 0.9283 - dice_coeff: 0.9376 - iou_score: 0.9178 - loss: 0.2503 - precision: 0.9356 - recall: 0.9797
[1m 61/125[0m [32m━━━━━━━━━[0m[37m━━━━━━━━━━━[0m [1m10:06[0m 9s/step - accuracy: 0.9283 - dice_coeff: 0.9376 - iou_score: 0.9179 - loss: 0.2502 - precision: 0.9357 - recall: 0.9797
[1m 62/125[0m [32m━━━━━━━━━[0m[37m━━━━━━━━━━━[0m [1m10:02[0m 10s/step - accuracy: 0.9283 - dice_coeff: 0.9376 - iou_score: 0.9179 - loss: 0.2501 - precision: 0.9357 - recall: 0.9797
[1m 63/125[0m [32m━━━━━━━━━━[0m[37m━━━━━━━━━━[0m [1m9:59[0m 10s/step - accuracy: 0.9283 - dice_coeff: 0.9376 - iou_score: 0.9179 - loss: 0.2500 - precision: 0.9357 - recall: 0.9797 
[1m 64/125[0m [32m━━━━━━━━━━[0m[37m━━━━━━━━━━[0m [1m9:55[0m 10s/step - accuracy: 0.9284 - dice_coeff: 0.9377 - iou_score: 0.9180 - loss: 0.2500 - precision: 0.9358 - recall: 0.9797
[1m 65/125[0m [32m━━━━━━━━━━[0m[37m━━━━━━━━━━[0m [1m9:50[0m 10s/step - accuracy: 0.9284 - dice_coeff: 0.9377 - iou_score: 0.9180 - loss: 0.2499 - precision: 0.9358 - recall: 0.9797
[1m 66/125[0m [32m━━━━━━━━━━[0m[37m━━━━━━━━━━[0m [1m9:45[0m 10s/step - accuracy: 0.9284 - dice_coeff: 0.9377 - iou_score: 0.9180 - loss: 0.2498 - precision: 0.9358 - recall: 0.9797
[1m 67/125[0m [32m━━━━━━━━━━[0m[37m━━━━━━━━━━[0m [1m9:34[0m 10s/step - accuracy: 0.9284 - dice_coeff: 0.9377 - iou_score: 0.9180 - loss: 0.2498 - precision: 0.9358 - recall: 0.9797
[1m 68/125[0m [32m━━━━━━━━━━[0m[37m━━━━━━━━━━[0m [1m9:27[0m 10s/step - accuracy: 0.9284 - dice_coeff: 0.9377 - iou_score: 0.9181 - loss: 0.2497 - precision: 0.9359 - recall: 0.9797
[1m 69/125[0m [32m━━━━━━━━━━━[0m[37m━━━━━━━━━[0m [1m9:18[0m 10s/step - accuracy: 0.9285 - dice_coeff: 0.9377 - iou_score: 0.9181 - loss: 0.2496 - precision: 0.9359 - recall: 0.9797
[1m 70/125[0m [32m━━━━━━━━━━━[0m[37m━━━━━━━━━[0m [1m9:13[0m 10s/step - accuracy: 0.9285 - dice_coeff: 0.9377 - iou_score: 0.9181 - loss: 0.2496 - precision: 0.9359 - recall: 0.9797
[1m 71/125[0m [32m━━━━━━━━━━━[0m[37m━━━━━━━━━[0m [1m9:08[0m 10s/step - accuracy: 0.9285 - dice_coeff: 0.9377 - iou_score: 0.9181 - loss: 0.2495 - precision: 0.9359 - recall: 0.9797
[1m 72/125[0m [32m━━━━━━━━━━━[0m[37m━━━━━━━━━[0m [1m9:01[0m 10s/step - accuracy: 0.9285 - dice_coeff: 0.9377 - iou_score: 0.9182 - loss: 0.2494 - precision: 0.9360 - recall: 0.9797
[1m 73/125[0m [32m━━━━━━━━━━━[0m[37m━━━━━━━━━[0m [1m8:55[0m 10s/step - accuracy: 0.9286 - dice_coeff: 0.9378 - iou_score: 0.9182 - loss: 0.2494 - precision: 0.9360 - recall: 0.9797
[1m 74/125[0m [32m━━━━━━━━━━━[0m[37m━━━━━━━━━[0m [1m8:48[0m 10s/step - accuracy: 0.9286 - dice_coeff: 0.9378 - iou_score: 0.9182 - loss: 0.2493 - precision: 0.9360 - recall: 0.9797
[1m 75/125[0m [32m━━━━━━━━━━━━[0m[37m━━━━━━━━[0m [1m8:42[0m 10s/step - accuracy: 0.9286 - dice_coeff: 0.9378 - iou_score: 0.9182 - loss: 0.2492 - precision: 0.9360 - recall: 0.9797
[1m 76/125[0m [32m━━━━━━━━━━━━[0m[37m━━━━━━━━[0m [1m8:35[0m 11s/step - accuracy: 0.9286 - dice_coeff: 0.9378 - iou_score: 0.9182 - loss: 0.2491 - precision: 0.9361 - recall: 0.9797
[1m 77/125[0m [32m━━━━━━━━━━━━[0m[37m━━━━━━━━[0m [1m8:28[0m 11s/step - accuracy: 0.9286 - dice_coeff: 0.9378 - iou_score: 0.9183 - loss: 0.2491 - precision: 0.9361 - recall: 0.9797
[1m 78/125[0m [32m━━━━━━━━━━━━[0m[37m━━━━━━━━[0m [1m8:19[0m 11s/step - accuracy: 0.9287 - dice_coeff: 0.9378 - iou_score: 0.9183 - loss: 0.2490 - precision: 0.9361 - recall: 0.9797
[1m 79/125[0m [32m━━━━━━━━━━━━[0m[37m━━━━━━━━[0m [1m8:08[0m 11s/step - accuracy: 0.9287 - dice_coeff: 0.9378 - iou_score: 0.9183 - loss: 0.2489 - precision: 0.9361 - recall: 0.9797
[1m 80/125[0m [32m━━━━━━━━━━━━[0m[37m━━━━━━━━[0m [1m7:56[0m 11s/step - accuracy: 0.9287 - dice_coeff: 0.9378 - iou_score: 0.9184 - loss: 0.2488 - precision: 0.9362 - recall: 0.9797
[1m 81/125[0m [32m━━━━━━━━━━━━[0m[37m━━━━━━━━[0m [1m7:44[0m 11s/step - accuracy: 0.9287 - dice_coeff: 0.9379 - iou_score: 0.9184 - loss: 0.2488 - precision: 0.9362 - recall: 0.9797
[1m 82/125[0m [32m━━━━━━━━━━━━━[0m[37m━━━━━━━[0m [1m7:33[0m 11s/step - accuracy: 0.9287 - dice_coeff: 0.9379 - iou_score: 0.9184 - loss: 0.2487 - precision: 0.9362 - recall: 0.9797
[1m 83/125[0m [32m━━━━━━━━━━━━━[0m[37m━━━━━━━[0m [1m7:21[0m 11s/step - accuracy: 0.9288 - dice_coeff: 0.9379 - iou_score: 0.9184 - loss: 0.2486 - precision: 0.9362 - recall: 0.9797
[1m 84/125[0m [32m━━━━━━━━━━━━━[0m[37m━━━━━━━[0m [1m7:10[0m 10s/step - accuracy: 0.9288 - dice_coeff: 0.9379 - iou_score: 0.9185 - loss: 0.2485 - precision: 0.9363 - recall: 0.9797
[1m 85/125[0m [32m━━━━━━━━━━━━━[0m[37m━━━━━━━[0m [1m6:59[0m 10s/step - accuracy: 0.9288 - dice_coeff: 0.9379 - iou_score: 0.9185 - loss: 0.2485 - precision: 0.9363 - recall: 0.9797
[1m 86/125[0m [32m━━━━━━━━━━━━━[0m[37m━━━━━━━[0m [1m6:47[0m 10s/step - accuracy: 0.9288 - dice_coeff: 0.9379 - iou_score: 0.9185 - loss: 0.2484 - precision: 0.9363 - recall: 0.9797
[1m 87/125[0m [32m━━━━━━━━━━━━━[0m[37m━━━━━━━[0m [1m6:36[0m 10s/step - accuracy: 0.9289 - dice_coeff: 0.9379 - iou_score: 0.9185 - loss: 0.2483 - precision: 0.9363 - recall: 0.9797
[1m 88/125[0m [32m━━━━━━━━━━━━━━[0m[37m━━━━━━[0m [1m6:25[0m 10s/step - accuracy: 0.9289 - dice_coeff: 0.9380 - iou_score: 0.9186 - loss: 0.2482 - precision: 0.9364 - recall: 0.9797
[1m 89/125[0m [32m━━━━━━━━━━━━━━[0m[37m━━━━━━[0m [1m6:14[0m 10s/step - accuracy: 0.9289 - dice_coeff: 0.9380 - iou_score: 0.9186 - loss: 0.2482 - precision: 0.9364 - recall: 0.9797
[1m 90/125[0m [32m━━━━━━━━━━━━━━[0m[37m━━━━━━[0m [1m6:03[0m 10s/step - accuracy: 0.9289 - dice_coeff: 0.9380 - iou_score: 0.9186 - loss: 0.2481 - precision: 0.9364 - recall: 0.9797
[1m 91/125[0m [32m━━━━━━━━━━━━━━[0m[37m━━━━━━[0m [1m5:52[0m 10s/step - accuracy: 0.9289 - dice_coeff: 0.9380 - iou_score: 0.9186 - loss: 0.2480 - precision: 0.9364 - recall: 0.9797
[1m 92/125[0m [32m━━━━━━━━━━━━━━[0m[37m━━━━━━[0m [1m5:41[0m 10s/step - accuracy: 0.9290 - dice_coeff: 0.9380 - iou_score: 0.9187 - loss: 0.2479 - precision: 0.9365 - recall: 0.9797
[1m 93/125[0m [32m━━━━━━━━━━━━━━[0m[37m━━━━━━[0m [1m5:30[0m 10s/step - accuracy: 0.9290 - dice_coeff: 0.9380 - iou_score: 0.9187 - loss: 0.2479 - precision: 0.9365 - recall: 0.9797
[1m 94/125[0m [32m━━━━━━━━━━━━━━━[0m[37m━━━━━[0m [1m5:19[0m 10s/step - accuracy: 0.9290 - dice_coeff: 0.9381 - iou_score: 0.9187 - loss: 0.2478 - precision: 0.9365 - recall: 0.9797
[1m 95/125[0m [32m━━━━━━━━━━━━━━━[0m[37m━━━━━[0m [1m5:08[0m 10s/step - accuracy: 0.9290 - dice_coeff: 0.9381 - iou_score: 0.9187 - loss: 0.2477 - precision: 0.9365 - recall: 0.9797
[1m 96/125[0m [32m━━━━━━━━━━━━━━━[0m[37m━━━━━[0m [1m4:57[0m 10s/step - accuracy: 0.9291 - dice_coeff: 0.9381 - iou_score: 0.9188 - loss: 0.2476 - precision: 0.9366 - recall: 0.9797
[1m 97/125[0m [32m━━━━━━━━━━━━━━━[0m[37m━━━━━[0m [1m4:47[0m 10s/step - accuracy: 0.9291 - dice_coeff: 0.9381 - iou_score: 0.9188 - loss: 0.2475 - precision: 0.9366 - recall: 0.9797
[1m 98/125[0m [32m━━━━━━━━━━━━━━━[0m[37m━━━━━[0m [1m4:36[0m 10s/step - accuracy: 0.9291 - dice_coeff: 0.9381 - iou_score: 0.9188 - loss: 0.2475 - precision: 0.9366 - recall: 0.9797
[1m 99/125[0m [32m━━━━━━━━━━━━━━━[0m[37m━━━━━[0m [1m4:25[0m 10s/step - accuracy: 0.9291 - dice_coeff: 0.9381 - iou_score: 0.9188 - loss: 0.2474 - precision: 0.9366 - recall: 0.9797
[1m100/125[0m [32m━━━━━━━━━━━━━━━━[0m[37m━━━━[0m [1m4:15[0m 10s/step - accuracy: 0.9292 - dice_coeff: 0.9381 - iou_score: 0.9189 - loss: 0.2473 - precision: 0.9367 - recall: 0.9797
[1m101/125[0m [32m━━━━━━━━━━━━━━━━[0m[37m━━━━[0m [1m4:04[0m 10s/step - accuracy: 0.9292 - dice_coeff: 0.9382 - iou_score: 0.9189 - loss: 0.2473 - precision: 0.9367 - recall: 0.9797
[1m102/125[0m [32m━━━━━━━━━━━━━━━━[0m[37m━━━━[0m [1m3:53[0m 10s/step - accuracy: 0.9292 - dice_coeff: 0.9382 - iou_score: 0.9189 - loss: 0.2472 - precision: 0.9367 - recall: 0.9797
[1m103/125[0m [32m━━━━━━━━━━━━━━━━[0m[37m━━━━[0m [1m3:43[0m 10s/step - accuracy: 0.9292 - dice_coeff: 0.9382 - iou_score: 0.9189 - loss: 0.2471 - precision: 0.9367 - recall: 0.9797
[1m104/125[0m [32m━━━━━━━━━━━━━━━━[0m[37m━━━━[0m [1m3:33[0m 10s/step - accuracy: 0.9292 - dice_coeff: 0.9382 - iou_score: 0.9190 - loss: 0.2470 - precision: 0.9368 - recall: 0.9797
[1m105/125[0m [32m━━━━━━━━━━━━━━━━[0m[37m━━━━[0m [1m3:22[0m 10s/step - accuracy: 0.9293 - dice_coeff: 0.9382 - iou_score: 0.9190 - loss: 0.2470 - precision: 0.9368 - recall: 0.9797
[1m106/125[0m [32m━━━━━━━━━━━━━━━━[0m[37m━━━━[0m [1m3:13[0m 10s/step - accuracy: 0.9293 - dice_coeff: 0.9382 - iou_score: 0.9190 - loss: 0.2469 - precision: 0.9368 - recall: 0.9798
[1m107/125[0m [32m━━━━━━━━━━━━━━━━━[0m[37m━━━[0m [1m3:04[0m 10s/step - accuracy: 0.9293 - dice_coeff: 0.9383 - iou_score: 0.9190 - loss: 0.2468 - precision: 0.9368 - recall: 0.9798
[1m108/125[0m [32m━━━━━━━━━━━━━━━━━[0m[37m━━━[0m [1m2:54[0m 10s/step - accuracy: 0.9293 - dice_coeff: 0.9383 - iou_score: 0.9191 - loss: 0.2468 - precision: 0.9369 - recall: 0.9798
[1m109/125[0m [32m━━━━━━━━━━━━━━━━━[0m[37m━━━[0m [1m2:45[0m 10s/step - accuracy: 0.9293 - dice_coeff: 0.9383 - iou_score: 0.9191 - loss: 0.2467 - precision: 0.9369 - recall: 0.9798
[1m110/125[0m [32m━━━━━━━━━━━━━━━━━[0m[37m━━━[0m [1m2:35[0m 10s/step - accuracy: 0.9294 - dice_coeff: 0.9383 - iou_score: 0.9191 - loss: 0.2466 - precision: 0.9369 - recall: 0.9798
[1m111/125[0m [32m━━━━━━━━━━━━━━━━━[0m[37m━━━[0m [1m2:25[0m 10s/step - accuracy: 0.9294 - dice_coeff: 0.9383 - iou_score: 0.9191 - loss: 0.2466 - precision: 0.9369 - recall: 0.9798
[1m112/125[0m [32m━━━━━━━━━━━━━━━━━[0m[37m━━━[0m [1m2:16[0m 10s/step - accuracy: 0.9294 - dice_coeff: 0.9383 - iou_score: 0.9191 - loss: 0.2465 - precision: 0.9369 - recall: 0.9798
[1m113/125[0m [32m━━━━━━━━━━━━━━━━━━[0m[37m━━[0m [1m2:06[0m 11s/step - accuracy: 0.9294 - dice_coeff: 0.9383 - iou_score: 0.9192 - loss: 0.2464 - precision: 0.9370 - recall: 0.9798
[1m114/125[0m [32m━━━━━━━━━━━━━━━━━━[0m[37m━━[0m [1m1:56[0m 11s/step - accuracy: 0.9294 - dice_coeff: 0.9383 - iou_score: 0.9192 - loss: 0.2464 - precision: 0.9370 - recall: 0.9798
[1m115/125[0m [32m━━━━━━━━━━━━━━━━━━[0m[37m━━[0m [1m1:46[0m 11s/step - accuracy: 0.9294 - dice_coeff: 0.9384 - iou_score: 0.9192 - loss: 0.2463 - precision: 0.9370 - recall: 0.9798
[1m116/125[0m [32m━━━━━━━━━━━━━━━━━━[0m[37m━━[0m [1m1:35[0m 11s/step - accuracy: 0.9295 - dice_coeff: 0.9384 - iou_score: 0.9192 - loss: 0.2463 - precision: 0.9370 - recall: 0.9798
[1m117/125[0m [32m━━━━━━━━━━━━━━━━━━[0m[37m━━[0m [1m1:25[0m 11s/step - accuracy: 0.9295 - dice_coeff: 0.9384 - iou_score: 0.9192 - loss: 0.2462 - precision: 0.9370 - recall: 0.9798
[1m118/125[0m [32m━━━━━━━━━━━━━━━━━━[0m[37m━━[0m [1m1:15[0m 11s/step - accuracy: 0.9295 - dice_coeff: 0.9384 - iou_score: 0.9193 - loss: 0.2462 - precision: 0.9370 - recall: 0.9798
[1m119/125[0m [32m━━━━━━━━━━━━━━━━━━━[0m[37m━[0m [1m1:04[0m 11s/step - accuracy: 0.9295 - dice_coeff: 0.9384 - iou_score: 0.9193 - loss: 0.2461 - precision: 0.9371 - recall: 0.9798
[1m120/125[0m [32m━━━━━━━━━━━━━━━━━━━[0m[37m━[0m [1m54s[0m 11s/step - accuracy: 0.9295 - dice_coeff: 0.9384 - iou_score: 0.9193 - loss: 0.2461 - precision: 0.9371 - recall: 0.9798 
[1m121/125[0m [32m━━━━━━━━━━━━━━━━━━━[0m[37m━[0m [1m43s[0m 11s/step - accuracy: 0.9295 - dice_coeff: 0.9384 - iou_score: 0.9193 - loss: 0.2460 - precision: 0.9371 - recall: 0.9798
[1m122/125[0m [32m━━━━━━━━━━━━━━━━━━━[0m[37m━[0m [1m32s[0m 11s/step - accuracy: 0.9296 - dice_coeff: 0.9384 - iou_score: 0.9193 - loss: 0.2460 - precision: 0.9371 - recall: 0.9798
[1m123/125[0m [32m━━━━━━━━━━━━━━━━━━━[0m[37m━[0m [1m21s[0m 11s/step - accuracy: 0.9296 - dice_coeff: 0.9384 - iou_score: 0.9193 - loss: 0.2459 - precision: 0.9371 - recall: 0.9798
[1m124/125[0m [32m━━━━━━━━━━━━━━━━━━━[0m[37m━[0m [1m10s[0m 11s/step - accuracy: 0.9296 - dice_coeff: 0.9385 - iou_score: 0.9194 - loss: 0.2459 - precision: 0.9371 - recall: 0.9798
[1m125/125[0m [32m━━━━━━━━━━━━━━━━━━━━[0m[37m[0m [1m0s[0m 11s/step - accuracy: 0.9296 - dice_coeff: 0.9385 - iou_score: 0.9194 - loss: 0.2458 - precision: 0.9372 - recall: 0.9798 
Epoch 26: val_dice_coeff did not improve from 0.92625

[1m125/125[0m [32m━━━━━━━━━━━━━━━━━━━━[0m[37m[0m [1m1539s[0m 12s/step - accuracy: 0.9313 - dice_coeff: 0.9396 - iou_score: 0.9212 - loss: 0.2404 - precision: 0.9390 - recall: 0.9799 - val_accuracy: 0.9148 - val_dice_coeff: 0.9249 - val_iou_score: 0.9009 - val_loss: 0.2938 - val_precision: 0.9215 - val_recall: 0.9758 - learning_rate: 2.5000e-05
Epoch 27/100

[1m  1/125[0m [37m━━━━━━━━━━━━━━━━━━━━[0m [1m32:50[0m 16s/step - accuracy: 0.9413 - dice_coeff: 0.9475 - iou_score: 0.9324 - loss: 0.2050 - precision: 0.9432 - recall: 0.9878
[1m  2/125[0m [37m━━━━━━━━━━━━━━━━━━━━[0m [1m32:26[0m 16s/step - accuracy: 0.9395 - dice_coeff: 0.9458 - iou_score: 0.9305 - loss: 0.2115 - precision: 0.9432 - recall: 0.9857
[1m  3/125[0m [37m━━━━━━━━━━━━━━━━━━━━[0m [1m32:09[0m 16s/step - accuracy: 0.9374 - dice_coeff: 0.9442 - iou_score: 0.9281 - loss: 0.2182 - precision: 0.9422 - recall: 0.9842
[1m  4/125[0m [37m━━━━━━━━━━━━━━━━━━━━[0m [1m32:01[0m 16s/step - accuracy: 0.9355 - dice_coeff: 0.9429 - iou_score: 0.9261 - loss: 0.2245 - precision: 0.9407 - recall: 0.9835
[1m  5/125[0m [37m━━━━━━━━━━━━━━━━━━━━[0m [1m31:40[0m 16s/step - accuracy: 0.9345 - dice_coeff: 0.9420 - iou_score: 0.9249 - loss: 0.2281 - precision: 0.9400 - recall: 0.9829
[1m  6/125[0m [37m━━━━━━━━━━━━━━━━━━━━[0m [1m31:20[0m 16s/step - accuracy: 0.9339 - dice_coeff: 0.9416 - iou_score: 0.9243 - loss: 0.2302 - precision: 0.9396 - recall: 0.9826
[1m  7/125[0m [32m━[0m[37m━━━━━━━━━━━━━━━━━━━[0m [1m30:09[0m 15s/step - accuracy: 0.9334 - dice_coeff: 0.9412 - iou_score: 0.9238 - loss: 0.2318 - precision: 0.9394 - recall: 0.9823Traceback (most recent call last):
  File "d:\labdatanew@aniket\unet++\src\train.py", line 331, in <module>
    history = model.fit(
              ^^^^^^^^^^
  File "D:\labdatanew@aniket\.venv\Lib\site-packages\keras\src\utils\traceback_utils.py", line 117, in error_handler
    return fn(*args, **kwargs)
           ^^^^^^^^^^^^^^^^^^^
  File "D:\labdatanew@aniket\.venv\Lib\site-packages\keras\src\backend\tensorflow\trainer.py", line 399, in fit
    logs = self.train_function(iterator)
           ^^^^^^^^^^^^^^^^^^^^^^^^^^^^^
  File "D:\labdatanew@aniket\.venv\Lib\site-packages\keras\src\backend\tensorflow\trainer.py", line 241, in function
    opt_outputs = multi_step_on_iterator(iterator)
                  ^^^^^^^^^^^^^^^^^^^^^^^^^^^^^^^^
  File "D:\labdatanew@aniket\.venv\Lib\site-packages\tensorflow\python\util\traceback_utils.py", line 164, in error_handler
    return fn(*args, **kwargs)
           ^^^^^^^^^^^^^^^^^^^
  File "D:\labdatanew@aniket\.venv\Lib\site-packages\tensorflow\python\eager\polymorphic_function\polymorphic_function.py", line 833, in __call__
    result = self._call(*args, **kwds)
             ^^^^^^^^^^^^^^^^^^^^^^^^^
  File "D:\labdatanew@aniket\.venv\Lib\site-packages\tensorflow\python\eager\polymorphic_function\polymorphic_function.py", line 878, in _call
    results = tracing_compilation.call_function(
              ^^^^^^^^^^^^^^^^^^^^^^^^^^^^^^^^^^
  File "D:\labdatanew@aniket\.venv\Lib\site-packages\tensorflow\python\eager\polymorphic_function\tracing_compilation.py", line 139, in call_function
    return function._call_flat(  # pylint: disable=protected-access
           ^^^^^^^^^^^^^^^^^^^^^^^^^^^^^^^^^^^^^^^^^^^^^^^^^^^^^^^^
  File "D:\labdatanew@aniket\.venv\Lib\site-packages\tensorflow\python\eager\polymorphic_function\concrete_function.py", line 1322, in _call_flat
    return self._inference_function.call_preflattened(args)
           ^^^^^^^^^^^^^^^^^^^^^^^^^^^^^^^^^^^^^^^^^^^^^^^^
  File "D:\labdatanew@aniket\.venv\Lib\site-packages\tensorflow\python\eager\polymorphic_function\atomic_function.py", line 216, in call_preflattened
    flat_outputs = self.call_flat(*args)
                   ^^^^^^^^^^^^^^^^^^^^^
  File "D:\labdatanew@aniket\.venv\Lib\site-packages\tensorflow\python\eager\polymorphic_function\atomic_function.py", line 251, in call_flat
    outputs = self._bound_context.call_function(
              ^^^^^^^^^^^^^^^^^^^^^^^^^^^^^^^^^^
  File "D:\labdatanew@aniket\.venv\Lib\site-packages\tensorflow\python\eager\context.py", line 1688, in call_function
    outputs = execute.execute(
              ^^^^^^^^^^^^^^^^
  File "D:\labdatanew@aniket\.venv\Lib\site-packages\tensorflow\python\eager\execute.py", line 53, in quick_execute
    tensors = pywrap_tfe.TFE_Py_Execute(ctx._handle, device_name, op_name,
              ^^^^^^^^^^^^^^^^^^^^^^^^^^^^^^^^^^^^^^^^^^^^^^^^^^^^^^^^^^^^
KeyboardInterrupt
