[TeeLogger] Terminal output is being saved to:
            d:\labdatanew@aniket\unet++\outputs\terminal_20260530_211020.log

[1/5] Loading dataset …
      TRAIN ← d:/labdatanew@aniket/500_rgb_mask/
      TEST  ← d:/labdatanew@aniket/137_rgb_mask/
[TRAIN] Loaded 500 pairs  |  skipped 0  from d:\labdatanew@aniket\500_rgb_mask\RGB
[TEST] Loaded 137 pairs  |  skipped 0  from d:\labdatanew@aniket\137_rgb_mask\RGB
      Train: (500, 256, 256, 3)  |  Test: (137, 256, 256, 3)

[2/5] Building UNet++ model …
      Variant       : UNet++ with ResNet50 encoder (ImageNet)
      Freeze layers : first 120 backbone layers
      Frozen params : 0 backbone sub-layers
Model: "UNetPlusPlus_ResNet50"
┏━━━━━━━━━━━━━━━━━━━━━━━━━━━━━━━━┳━━━━━━━━━━━━━━━━━━━━━━━━━━━┳━━━━━━━━
┃ Layer (type)                   ┃ Output Shape              ┃        
┡━━━━━━━━━━━━━━━━━━━━━━━━━━━━━━━━╇━━━━━━━━━━━━━━━━━━━━━━━━━━━╇━━━━━━━━
│ rgb_input (InputLayer)         │ (None, 256, 256, 3)       │        
├────────────────────────────────┼───────────────────────────┼────────
│ conv1_pad (ZeroPadding2D)      │ (None, 262, 262, 3)       │        
├────────────────────────────────┼───────────────────────────┼────────
│ conv1_conv (Conv2D)            │ (None, 128, 128, 64)      │        
├────────────────────────────────┼───────────────────────────┼────────
│ conv1_bn (BatchNormalization)  │ (None, 128, 128, 64)      │        
├────────────────────────────────┼───────────────────────────┼────────
│ conv1_relu (Activation)        │ (None, 128, 128, 64)      │        
├────────────────────────────────┼───────────────────────────┼────────
│ pool1_pad (ZeroPadding2D)      │ (None, 130, 130, 64)      │        
├────────────────────────────────┼───────────────────────────┼────────
│ pool1_pool (MaxPooling2D)      │ (None, 64, 64, 64)        │        
├────────────────────────────────┼───────────────────────────┼────────
│ conv2_block1_1_conv (Conv2D)   │ (None, 64, 64, 64)        │        
├────────────────────────────────┼───────────────────────────┼────────
│ conv2_block1_1_bn              │ (None, 64, 64, 64)        │        
│ (BatchNormalization)           │                           │        
├────────────────────────────────┼───────────────────────────┼────────
│ conv2_block1_1_relu            │ (None, 64, 64, 64)        │        
│ (Activation)                   │                           │        
├────────────────────────────────┼───────────────────────────┼────────
│ conv2_block1_2_conv (Conv2D)   │ (None, 64, 64, 64)        │        
├────────────────────────────────┼───────────────────────────┼────────
│ conv2_block1_2_bn              │ (None, 64, 64, 64)        │        
│ (BatchNormalization)           │                           │        
├────────────────────────────────┼───────────────────────────┼────────
│ conv2_block1_2_relu            │ (None, 64, 64, 64)        │        
│ (Activation)                   │                           │        
├────────────────────────────────┼───────────────────────────┼────────
│ conv2_block1_0_conv (Conv2D)   │ (None, 64, 64, 256)       │        
├────────────────────────────────┼───────────────────────────┼────────
│ conv2_block1_3_conv (Conv2D)   │ (None, 64, 64, 256)       │        
├────────────────────────────────┼───────────────────────────┼────────
│ conv2_block1_0_bn              │ (None, 64, 64, 256)       │        
│ (BatchNormalization)           │                           │        
├────────────────────────────────┼───────────────────────────┼────────
│ conv2_block1_3_bn              │ (None, 64, 64, 256)       │        
│ (BatchNormalization)           │                           │        
├────────────────────────────────┼───────────────────────────┼────────
│ conv2_block1_add (Add)         │ (None, 64, 64, 256)       │        
│                                │                           │        
├────────────────────────────────┼───────────────────────────┼────────
│ conv2_block1_out (Activation)  │ (None, 64, 64, 256)       │        
├────────────────────────────────┼───────────────────────────┼────────
│ conv2_block2_1_conv (Conv2D)   │ (None, 64, 64, 64)        │        
├────────────────────────────────┼───────────────────────────┼────────
│ conv2_block2_1_bn              │ (None, 64, 64, 64)        │        
│ (BatchNormalization)           │                           │        
├────────────────────────────────┼───────────────────────────┼────────
│ conv2_block2_1_relu            │ (None, 64, 64, 64)        │        
│ (Activation)                   │                           │        
├────────────────────────────────┼───────────────────────────┼────────
│ conv2_block2_2_conv (Conv2D)   │ (None, 64, 64, 64)        │        
├────────────────────────────────┼───────────────────────────┼────────
│ conv2_block2_2_bn              │ (None, 64, 64, 64)        │        
│ (BatchNormalization)           │                           │        
├────────────────────────────────┼───────────────────────────┼────────
│ conv2_block2_2_relu            │ (None, 64, 64, 64)        │        
│ (Activation)                   │                           │        
├────────────────────────────────┼───────────────────────────┼────────
│ conv2_block2_3_conv (Conv2D)   │ (None, 64, 64, 256)       │        
├────────────────────────────────┼───────────────────────────┼────────
│ conv2_block2_3_bn              │ (None, 64, 64, 256)       │        
│ (BatchNormalization)           │                           │        
├────────────────────────────────┼───────────────────────────┼────────
│ conv2_block2_add (Add)         │ (None, 64, 64, 256)       │        
│                                │                           │        
├────────────────────────────────┼───────────────────────────┼────────
│ conv2_block2_out (Activation)  │ (None, 64, 64, 256)       │        
├────────────────────────────────┼───────────────────────────┼────────
│ conv2_block3_1_conv (Conv2D)   │ (None, 64, 64, 64)        │        
├────────────────────────────────┼───────────────────────────┼────────
│ conv2_block3_1_bn              │ (None, 64, 64, 64)        │        
│ (BatchNormalization)           │                           │        
├────────────────────────────────┼───────────────────────────┼────────
│ conv2_block3_1_relu            │ (None, 64, 64, 64)        │        
│ (Activation)                   │                           │        
├────────────────────────────────┼───────────────────────────┼────────
│ conv2_block3_2_conv (Conv2D)   │ (None, 64, 64, 64)        │        
├────────────────────────────────┼───────────────────────────┼────────
│ conv2_block3_2_bn              │ (None, 64, 64, 64)        │        
│ (BatchNormalization)           │                           │        
├────────────────────────────────┼───────────────────────────┼────────
│ conv2_block3_2_relu            │ (None, 64, 64, 64)        │        
│ (Activation)                   │                           │        
├────────────────────────────────┼───────────────────────────┼────────
│ conv2_block3_3_conv (Conv2D)   │ (None, 64, 64, 256)       │        
├────────────────────────────────┼───────────────────────────┼────────
│ conv2_block3_3_bn              │ (None, 64, 64, 256)       │        
│ (BatchNormalization)           │                           │        
├────────────────────────────────┼───────────────────────────┼────────
│ conv2_block3_add (Add)         │ (None, 64, 64, 256)       │        
│                                │                           │        
├────────────────────────────────┼───────────────────────────┼────────
│ conv2_block3_out (Activation)  │ (None, 64, 64, 256)       │        
├────────────────────────────────┼───────────────────────────┼────────
│ conv3_block1_1_conv (Conv2D)   │ (None, 32, 32, 128)       │        
├────────────────────────────────┼───────────────────────────┼────────
│ conv3_block1_1_bn              │ (None, 32, 32, 128)       │        
│ (BatchNormalization)           │                           │        
├────────────────────────────────┼───────────────────────────┼────────
│ conv3_block1_1_relu            │ (None, 32, 32, 128)       │        
│ (Activation)                   │                           │        
├────────────────────────────────┼───────────────────────────┼────────
│ conv3_block1_2_conv (Conv2D)   │ (None, 32, 32, 128)       │        
├────────────────────────────────┼───────────────────────────┼────────
│ conv3_block1_2_bn              │ (None, 32, 32, 128)       │        
│ (BatchNormalization)           │                           │        
├────────────────────────────────┼───────────────────────────┼────────
│ conv3_block1_2_relu            │ (None, 32, 32, 128)       │        
│ (Activation)                   │                           │        
├────────────────────────────────┼───────────────────────────┼────────
│ conv3_block1_0_conv (Conv2D)   │ (None, 32, 32, 512)       │        
├────────────────────────────────┼───────────────────────────┼────────
│ conv3_block1_3_conv (Conv2D)   │ (None, 32, 32, 512)       │        
├────────────────────────────────┼───────────────────────────┼────────
│ conv3_block1_0_bn              │ (None, 32, 32, 512)       │        
│ (BatchNormalization)           │                           │        
├────────────────────────────────┼───────────────────────────┼────────
│ conv3_block1_3_bn              │ (None, 32, 32, 512)       │        
│ (BatchNormalization)           │                           │        
├────────────────────────────────┼───────────────────────────┼────────
│ conv3_block1_add (Add)         │ (None, 32, 32, 512)       │        
│                                │                           │        
├────────────────────────────────┼───────────────────────────┼────────
│ conv3_block1_out (Activation)  │ (None, 32, 32, 512)       │        
├────────────────────────────────┼───────────────────────────┼────────
│ conv3_block2_1_conv (Conv2D)   │ (None, 32, 32, 128)       │        
├────────────────────────────────┼───────────────────────────┼────────
│ conv3_block2_1_bn              │ (None, 32, 32, 128)       │        
│ (BatchNormalization)           │                           │        
├────────────────────────────────┼───────────────────────────┼────────
│ conv3_block2_1_relu            │ (None, 32, 32, 128)       │        
│ (Activation)                   │                           │        
├────────────────────────────────┼───────────────────────────┼────────
│ conv3_block2_2_conv (Conv2D)   │ (None, 32, 32, 128)       │        
├────────────────────────────────┼───────────────────────────┼────────
│ conv3_block2_2_bn              │ (None, 32, 32, 128)       │        
│ (BatchNormalization)           │                           │        
├────────────────────────────────┼───────────────────────────┼────────
│ conv3_block2_2_relu            │ (None, 32, 32, 128)       │        
│ (Activation)                   │                           │        
├────────────────────────────────┼───────────────────────────┼────────
│ conv3_block2_3_conv (Conv2D)   │ (None, 32, 32, 512)       │        
├────────────────────────────────┼───────────────────────────┼────────
│ conv3_block2_3_bn              │ (None, 32, 32, 512)       │        
│ (BatchNormalization)           │                           │        
├────────────────────────────────┼───────────────────────────┼────────
│ conv3_block2_add (Add)         │ (None, 32, 32, 512)       │        
│                                │                           │        
├────────────────────────────────┼───────────────────────────┼────────
│ conv3_block2_out (Activation)  │ (None, 32, 32, 512)       │        
├────────────────────────────────┼───────────────────────────┼────────
│ conv3_block3_1_conv (Conv2D)   │ (None, 32, 32, 128)       │        
├────────────────────────────────┼───────────────────────────┼────────
│ conv3_block3_1_bn              │ (None, 32, 32, 128)       │        
│ (BatchNormalization)           │                           │        
├────────────────────────────────┼───────────────────────────┼────────
│ conv3_block3_1_relu            │ (None, 32, 32, 128)       │        
│ (Activation)                   │                           │        
├────────────────────────────────┼───────────────────────────┼────────
│ conv3_block3_2_conv (Conv2D)   │ (None, 32, 32, 128)       │        
├────────────────────────────────┼───────────────────────────┼────────
│ conv3_block3_2_bn              │ (None, 32, 32, 128)       │        
│ (BatchNormalization)           │                           │        
├────────────────────────────────┼───────────────────────────┼────────
│ conv3_block3_2_relu            │ (None, 32, 32, 128)       │        
│ (Activation)                   │                           │        
├────────────────────────────────┼───────────────────────────┼────────
│ conv3_block3_3_conv (Conv2D)   │ (None, 32, 32, 512)       │        
├────────────────────────────────┼───────────────────────────┼────────
│ conv3_block3_3_bn              │ (None, 32, 32, 512)       │        
│ (BatchNormalization)           │                           │        
├────────────────────────────────┼───────────────────────────┼────────
│ conv3_block3_add (Add)         │ (None, 32, 32, 512)       │        
│                                │                           │        
├────────────────────────────────┼───────────────────────────┼────────
│ conv3_block3_out (Activation)  │ (None, 32, 32, 512)       │        
├────────────────────────────────┼───────────────────────────┼────────
│ conv3_block4_1_conv (Conv2D)   │ (None, 32, 32, 128)       │        
├────────────────────────────────┼───────────────────────────┼────────
│ conv3_block4_1_bn              │ (None, 32, 32, 128)       │        
│ (BatchNormalization)           │                           │        
├────────────────────────────────┼───────────────────────────┼────────
│ conv3_block4_1_relu            │ (None, 32, 32, 128)       │        
│ (Activation)                   │                           │        
├────────────────────────────────┼───────────────────────────┼────────
│ conv3_block4_2_conv (Conv2D)   │ (None, 32, 32, 128)       │        
├────────────────────────────────┼───────────────────────────┼────────
│ conv3_block4_2_bn              │ (None, 32, 32, 128)       │        
│ (BatchNormalization)           │                           │        
├────────────────────────────────┼───────────────────────────┼────────
│ conv3_block4_2_relu            │ (None, 32, 32, 128)       │        
│ (Activation)                   │                           │        
├────────────────────────────────┼───────────────────────────┼────────
│ conv3_block4_3_conv (Conv2D)   │ (None, 32, 32, 512)       │        
├────────────────────────────────┼───────────────────────────┼────────
│ conv3_block4_3_bn              │ (None, 32, 32, 512)       │        
│ (BatchNormalization)           │                           │        
├────────────────────────────────┼───────────────────────────┼────────
│ conv3_block4_add (Add)         │ (None, 32, 32, 512)       │        
│                                │                           │        
├────────────────────────────────┼───────────────────────────┼────────
│ conv3_block4_out (Activation)  │ (None, 32, 32, 512)       │        
├────────────────────────────────┼───────────────────────────┼────────
│ conv4_block1_1_conv (Conv2D)   │ (None, 16, 16, 256)       │        
├────────────────────────────────┼───────────────────────────┼────────
│ conv4_block1_1_bn              │ (None, 16, 16, 256)       │        
│ (BatchNormalization)           │                           │        
├────────────────────────────────┼───────────────────────────┼────────
│ conv4_block1_1_relu            │ (None, 16, 16, 256)       │        
│ (Activation)                   │                           │        
├────────────────────────────────┼───────────────────────────┼────────
│ conv4_block1_2_conv (Conv2D)   │ (None, 16, 16, 256)       │        
├────────────────────────────────┼───────────────────────────┼────────
│ conv4_block1_2_bn              │ (None, 16, 16, 256)       │        
│ (BatchNormalization)           │                           │        
├────────────────────────────────┼───────────────────────────┼────────
│ conv4_block1_2_relu            │ (None, 16, 16, 256)       │        
│ (Activation)                   │                           │        
├────────────────────────────────┼───────────────────────────┼────────
│ conv4_block1_0_conv (Conv2D)   │ (None, 16, 16, 1024)      │        
├────────────────────────────────┼───────────────────────────┼────────
│ conv4_block1_3_conv (Conv2D)   │ (None, 16, 16, 1024)      │        
├────────────────────────────────┼───────────────────────────┼────────
│ conv4_block1_0_bn              │ (None, 16, 16, 1024)      │        
│ (BatchNormalization)           │                           │        
├────────────────────────────────┼───────────────────────────┼────────
│ conv4_block1_3_bn              │ (None, 16, 16, 1024)      │        
│ (BatchNormalization)           │                           │        
├────────────────────────────────┼───────────────────────────┼────────
│ conv4_block1_add (Add)         │ (None, 16, 16, 1024)      │        
│                                │                           │        
├────────────────────────────────┼───────────────────────────┼────────
│ conv4_block1_out (Activation)  │ (None, 16, 16, 1024)      │        
├────────────────────────────────┼───────────────────────────┼────────
│ conv4_block2_1_conv (Conv2D)   │ (None, 16, 16, 256)       │        
├────────────────────────────────┼───────────────────────────┼────────
│ conv4_block2_1_bn              │ (None, 16, 16, 256)       │        
│ (BatchNormalization)           │                           │        
├────────────────────────────────┼───────────────────────────┼────────
│ conv4_block2_1_relu            │ (None, 16, 16, 256)       │        
│ (Activation)                   │                           │        
├────────────────────────────────┼───────────────────────────┼────────
│ conv4_block2_2_conv (Conv2D)   │ (None, 16, 16, 256)       │        
├────────────────────────────────┼───────────────────────────┼────────
│ conv4_block2_2_bn              │ (None, 16, 16, 256)       │        
│ (BatchNormalization)           │                           │        
├────────────────────────────────┼───────────────────────────┼────────
│ conv4_block2_2_relu            │ (None, 16, 16, 256)       │        
│ (Activation)                   │                           │        
├────────────────────────────────┼───────────────────────────┼────────
│ conv4_block2_3_conv (Conv2D)   │ (None, 16, 16, 1024)      │        
├────────────────────────────────┼───────────────────────────┼────────
│ conv4_block2_3_bn              │ (None, 16, 16, 1024)      │        
│ (BatchNormalization)           │                           │        
├────────────────────────────────┼───────────────────────────┼────────
│ conv4_block2_add (Add)         │ (None, 16, 16, 1024)      │        
│                                │                           │        
├────────────────────────────────┼───────────────────────────┼────────
│ conv4_block2_out (Activation)  │ (None, 16, 16, 1024)      │        
├────────────────────────────────┼───────────────────────────┼────────
│ conv4_block3_1_conv (Conv2D)   │ (None, 16, 16, 256)       │        
├────────────────────────────────┼───────────────────────────┼────────
│ conv4_block3_1_bn              │ (None, 16, 16, 256)       │        
│ (BatchNormalization)           │                           │        
├────────────────────────────────┼───────────────────────────┼────────
│ conv4_block3_1_relu            │ (None, 16, 16, 256)       │        
│ (Activation)                   │                           │        
├────────────────────────────────┼───────────────────────────┼────────
│ conv4_block3_2_conv (Conv2D)   │ (None, 16, 16, 256)       │        
├────────────────────────────────┼───────────────────────────┼────────
│ conv4_block3_2_bn              │ (None, 16, 16, 256)       │        
│ (BatchNormalization)           │                           │        
├────────────────────────────────┼───────────────────────────┼────────
│ conv4_block3_2_relu            │ (None, 16, 16, 256)       │        
│ (Activation)                   │                           │        
├────────────────────────────────┼───────────────────────────┼────────
│ conv4_block3_3_conv (Conv2D)   │ (None, 16, 16, 1024)      │        
├────────────────────────────────┼───────────────────────────┼────────
│ conv4_block3_3_bn              │ (None, 16, 16, 1024)      │        
│ (BatchNormalization)           │                           │        
├────────────────────────────────┼───────────────────────────┼────────
│ conv4_block3_add (Add)         │ (None, 16, 16, 1024)      │        
│                                │                           │        
├────────────────────────────────┼───────────────────────────┼────────
│ conv4_block3_out (Activation)  │ (None, 16, 16, 1024)      │        
├────────────────────────────────┼───────────────────────────┼────────
│ conv4_block4_1_conv (Conv2D)   │ (None, 16, 16, 256)       │        
├────────────────────────────────┼───────────────────────────┼────────
│ conv4_block4_1_bn              │ (None, 16, 16, 256)       │        
│ (BatchNormalization)           │                           │        
├────────────────────────────────┼───────────────────────────┼────────
│ conv4_block4_1_relu            │ (None, 16, 16, 256)       │        
│ (Activation)                   │                           │        
├────────────────────────────────┼───────────────────────────┼────────
│ conv4_block4_2_conv (Conv2D)   │ (None, 16, 16, 256)       │        
├────────────────────────────────┼───────────────────────────┼────────
│ conv4_block4_2_bn              │ (None, 16, 16, 256)       │        
│ (BatchNormalization)           │                           │        
├────────────────────────────────┼───────────────────────────┼────────
│ conv4_block4_2_relu            │ (None, 16, 16, 256)       │        
│ (Activation)                   │                           │        
├────────────────────────────────┼───────────────────────────┼────────
│ conv4_block4_3_conv (Conv2D)   │ (None, 16, 16, 1024)      │        
├────────────────────────────────┼───────────────────────────┼────────
│ conv4_block4_3_bn              │ (None, 16, 16, 1024)      │        
│ (BatchNormalization)           │                           │        
├────────────────────────────────┼───────────────────────────┼────────
│ conv4_block4_add (Add)         │ (None, 16, 16, 1024)      │        
│                                │                           │        
├────────────────────────────────┼───────────────────────────┼────────
│ conv4_block4_out (Activation)  │ (None, 16, 16, 1024)      │        
├────────────────────────────────┼───────────────────────────┼────────
│ conv4_block5_1_conv (Conv2D)   │ (None, 16, 16, 256)       │        
├────────────────────────────────┼───────────────────────────┼────────
│ conv4_block5_1_bn              │ (None, 16, 16, 256)       │        
│ (BatchNormalization)           │                           │        
├────────────────────────────────┼───────────────────────────┼────────
│ conv4_block5_1_relu            │ (None, 16, 16, 256)       │        
│ (Activation)                   │                           │        
├────────────────────────────────┼───────────────────────────┼────────
│ conv4_block5_2_conv (Conv2D)   │ (None, 16, 16, 256)       │        
├────────────────────────────────┼───────────────────────────┼────────
│ conv4_block5_2_bn              │ (None, 16, 16, 256)       │        
│ (BatchNormalization)           │                           │        
├────────────────────────────────┼───────────────────────────┼────────
│ conv4_block5_2_relu            │ (None, 16, 16, 256)       │        
│ (Activation)                   │                           │        
├────────────────────────────────┼───────────────────────────┼────────
│ conv4_block5_3_conv (Conv2D)   │ (None, 16, 16, 1024)      │        
├────────────────────────────────┼───────────────────────────┼────────
│ conv4_block5_3_bn              │ (None, 16, 16, 1024)      │        
│ (BatchNormalization)           │                           │        
├────────────────────────────────┼───────────────────────────┼────────
│ conv4_block5_add (Add)         │ (None, 16, 16, 1024)      │        
│                                │                           │        
├────────────────────────────────┼───────────────────────────┼────────
│ conv4_block5_out (Activation)  │ (None, 16, 16, 1024)      │        
├────────────────────────────────┼───────────────────────────┼────────
│ conv4_block6_1_conv (Conv2D)   │ (None, 16, 16, 256)       │        
├────────────────────────────────┼───────────────────────────┼────────
│ conv4_block6_1_bn              │ (None, 16, 16, 256)       │        
│ (BatchNormalization)           │                           │        
├────────────────────────────────┼───────────────────────────┼────────
│ conv4_block6_1_relu            │ (None, 16, 16, 256)       │        
│ (Activation)                   │                           │        
├────────────────────────────────┼───────────────────────────┼────────
│ conv4_block6_2_conv (Conv2D)   │ (None, 16, 16, 256)       │        
├────────────────────────────────┼───────────────────────────┼────────
│ conv4_block6_2_bn              │ (None, 16, 16, 256)       │        
│ (BatchNormalization)           │                           │        
├────────────────────────────────┼───────────────────────────┼────────
│ conv4_block6_2_relu            │ (None, 16, 16, 256)       │        
│ (Activation)                   │                           │        
├────────────────────────────────┼───────────────────────────┼────────
│ conv4_block6_3_conv (Conv2D)   │ (None, 16, 16, 1024)      │        
├────────────────────────────────┼───────────────────────────┼────────
│ conv4_block6_3_bn              │ (None, 16, 16, 1024)      │        
│ (BatchNormalization)           │                           │        
├────────────────────────────────┼───────────────────────────┼────────
│ conv4_block6_add (Add)         │ (None, 16, 16, 1024)      │        
│                                │                           │        
├────────────────────────────────┼───────────────────────────┼────────
│ conv4_block6_out (Activation)  │ (None, 16, 16, 1024)      │        
├────────────────────────────────┼───────────────────────────┼────────
│ conv5_block1_1_conv (Conv2D)   │ (None, 8, 8, 512)         │        
├────────────────────────────────┼───────────────────────────┼────────
│ conv5_block1_1_bn              │ (None, 8, 8, 512)         │        
│ (BatchNormalization)           │                           │        
├────────────────────────────────┼───────────────────────────┼────────
│ conv5_block1_1_relu            │ (None, 8, 8, 512)         │        
│ (Activation)                   │                           │        
├────────────────────────────────┼───────────────────────────┼────────
│ conv5_block1_2_conv (Conv2D)   │ (None, 8, 8, 512)         │        
├────────────────────────────────┼───────────────────────────┼────────
│ conv5_block1_2_bn              │ (None, 8, 8, 512)         │        
│ (BatchNormalization)           │                           │        
├────────────────────────────────┼───────────────────────────┼────────
│ conv5_block1_2_relu            │ (None, 8, 8, 512)         │        
│ (Activation)                   │                           │        
├────────────────────────────────┼───────────────────────────┼────────
│ conv5_block1_0_conv (Conv2D)   │ (None, 8, 8, 2048)        │        
├────────────────────────────────┼───────────────────────────┼────────
│ conv5_block1_3_conv (Conv2D)   │ (None, 8, 8, 2048)        │        
├────────────────────────────────┼───────────────────────────┼────────
│ conv5_block1_0_bn              │ (None, 8, 8, 2048)        │        
│ (BatchNormalization)           │                           │        
├────────────────────────────────┼───────────────────────────┼────────
│ conv5_block1_3_bn              │ (None, 8, 8, 2048)        │        
│ (BatchNormalization)           │                           │        
├────────────────────────────────┼───────────────────────────┼────────
│ conv5_block1_add (Add)         │ (None, 8, 8, 2048)        │        
│                                │                           │        
├────────────────────────────────┼───────────────────────────┼────────
│ conv5_block1_out (Activation)  │ (None, 8, 8, 2048)        │        
├────────────────────────────────┼───────────────────────────┼────────
│ conv5_block2_1_conv (Conv2D)   │ (None, 8, 8, 512)         │        
├────────────────────────────────┼───────────────────────────┼────────
│ conv5_block2_1_bn              │ (None, 8, 8, 512)         │        
│ (BatchNormalization)           │                           │        
├────────────────────────────────┼───────────────────────────┼────────
│ conv5_block2_1_relu            │ (None, 8, 8, 512)         │        
│ (Activation)                   │                           │        
├────────────────────────────────┼───────────────────────────┼────────
│ conv5_block2_2_conv (Conv2D)   │ (None, 8, 8, 512)         │        
├────────────────────────────────┼───────────────────────────┼────────
│ conv5_block2_2_bn              │ (None, 8, 8, 512)         │        
│ (BatchNormalization)           │                           │        
├────────────────────────────────┼───────────────────────────┼────────
│ conv5_block2_2_relu            │ (None, 8, 8, 512)         │        
│ (Activation)                   │                           │        
├────────────────────────────────┼───────────────────────────┼────────
│ conv5_block2_3_conv (Conv2D)   │ (None, 8, 8, 2048)        │        
├────────────────────────────────┼───────────────────────────┼────────
│ conv5_block2_3_bn              │ (None, 8, 8, 2048)        │        
│ (BatchNormalization)           │                           │        
├────────────────────────────────┼───────────────────────────┼────────
│ conv5_block2_add (Add)         │ (None, 8, 8, 2048)        │        
│                                │                           │        
├────────────────────────────────┼───────────────────────────┼────────
│ conv5_block2_out (Activation)  │ (None, 8, 8, 2048)        │        
├────────────────────────────────┼───────────────────────────┼────────
│ conv5_block3_1_conv (Conv2D)   │ (None, 8, 8, 512)         │        
├────────────────────────────────┼───────────────────────────┼────────
│ conv5_block3_1_bn              │ (None, 8, 8, 512)         │        
│ (BatchNormalization)           │                           │        
├────────────────────────────────┼───────────────────────────┼────────
│ conv5_block3_1_relu            │ (None, 8, 8, 512)         │        
│ (Activation)                   │                           │        
├────────────────────────────────┼───────────────────────────┼────────
│ conv5_block3_2_conv (Conv2D)   │ (None, 8, 8, 512)         │        
├────────────────────────────────┼───────────────────────────┼────────
│ conv5_block3_2_bn              │ (None, 8, 8, 512)         │        
│ (BatchNormalization)           │                           │        
├────────────────────────────────┼───────────────────────────┼────────
│ conv5_block3_2_relu            │ (None, 8, 8, 512)         │        
│ (Activation)                   │                           │        
├────────────────────────────────┼───────────────────────────┼────────
│ conv5_block3_3_conv (Conv2D)   │ (None, 8, 8, 2048)        │        
├────────────────────────────────┼───────────────────────────┼────────
│ conv5_block3_3_bn              │ (None, 8, 8, 2048)        │        
│ (BatchNormalization)           │                           │        
├────────────────────────────────┼───────────────────────────┼────────
│ conv5_block3_add (Add)         │ (None, 8, 8, 2048)        │        
│                                │                           │        
├────────────────────────────────┼───────────────────────────┼────────
│ conv5_block3_out (Activation)  │ (None, 8, 8, 2048)        │        
├────────────────────────────────┼───────────────────────────┼────────
│ enc4_conv1 (Conv2D)            │ (None, 8, 8, 128)         │        
├────────────────────────────────┼───────────────────────────┼────────
│ enc3_conv1 (Conv2D)            │ (None, 16, 16, 128)       │        
├────────────────────────────────┼───────────────────────────┼────────
│ enc4_bn1 (BatchNormalization)  │ (None, 8, 8, 128)         │        
├────────────────────────────────┼───────────────────────────┼────────
│ enc2_conv1 (Conv2D)            │ (None, 32, 32, 128)       │        
├────────────────────────────────┼───────────────────────────┼────────
│ enc3_bn1 (BatchNormalization)  │ (None, 16, 16, 128)       │        
├────────────────────────────────┼───────────────────────────┼────────
│ enc4_relu1 (Activation)        │ (None, 8, 8, 128)         │        
├────────────────────────────────┼───────────────────────────┼────────
│ enc1_conv1 (Conv2D)            │ (None, 64, 64, 128)       │        
├────────────────────────────────┼───────────────────────────┼────────
│ enc2_bn1 (BatchNormalization)  │ (None, 32, 32, 128)       │        
├────────────────────────────────┼───────────────────────────┼────────
│ enc3_relu1 (Activation)        │ (None, 16, 16, 128)       │        
├────────────────────────────────┼───────────────────────────┼────────
│ dropout_4 (Dropout)            │ (None, 8, 8, 128)         │        
├────────────────────────────────┼───────────────────────────┼────────
│ enc0_conv1 (Conv2D)            │ (None, 128, 128, 128)     │        
├────────────────────────────────┼───────────────────────────┼────────
│ enc1_bn1 (BatchNormalization)  │ (None, 64, 64, 128)       │        
├────────────────────────────────┼───────────────────────────┼────────
│ enc2_relu1 (Activation)        │ (None, 32, 32, 128)       │        
├────────────────────────────────┼───────────────────────────┼────────
│ dropout_3 (Dropout)            │ (None, 16, 16, 128)       │        
├────────────────────────────────┼───────────────────────────┼────────
│ enc4_conv2 (Conv2D)            │ (None, 8, 8, 128)         │        
├────────────────────────────────┼───────────────────────────┼────────
│ enc0_bn1 (BatchNormalization)  │ (None, 128, 128, 128)     │        
├────────────────────────────────┼───────────────────────────┼────────
│ enc1_relu1 (Activation)        │ (None, 64, 64, 128)       │        
├────────────────────────────────┼───────────────────────────┼────────
│ dropout_2 (Dropout)            │ (None, 32, 32, 128)       │        
├────────────────────────────────┼───────────────────────────┼────────
│ enc3_conv2 (Conv2D)            │ (None, 16, 16, 128)       │        
├────────────────────────────────┼───────────────────────────┼────────
│ enc4_bn2 (BatchNormalization)  │ (None, 8, 8, 128)         │        
├────────────────────────────────┼───────────────────────────┼────────
│ enc0_relu1 (Activation)        │ (None, 128, 128, 128)     │        
├────────────────────────────────┼───────────────────────────┼────────
│ dropout_1 (Dropout)            │ (None, 64, 64, 128)       │        
├────────────────────────────────┼───────────────────────────┼────────
│ enc2_conv2 (Conv2D)            │ (None, 32, 32, 128)       │        
├────────────────────────────────┼───────────────────────────┼────────
│ enc3_bn2 (BatchNormalization)  │ (None, 16, 16, 128)       │        
├────────────────────────────────┼───────────────────────────┼────────
│ enc4_relu2 (Activation)        │ (None, 8, 8, 128)         │        
├────────────────────────────────┼───────────────────────────┼────────
│ dropout (Dropout)              │ (None, 128, 128, 128)     │        
├────────────────────────────────┼───────────────────────────┼────────
│ enc1_conv2 (Conv2D)            │ (None, 64, 64, 128)       │        
├────────────────────────────────┼───────────────────────────┼────────
│ enc2_bn2 (BatchNormalization)  │ (None, 32, 32, 128)       │        
├────────────────────────────────┼───────────────────────────┼────────
│ enc3_relu2 (Activation)        │ (None, 16, 16, 128)       │        
├────────────────────────────────┼───────────────────────────┼────────
│ up_sampling2d_3 (UpSampling2D) │ (None, 16, 16, 128)       │        
├────────────────────────────────┼───────────────────────────┼────────
│ enc0_conv2 (Conv2D)            │ (None, 128, 128, 128)     │        
├────────────────────────────────┼───────────────────────────┼────────
│ enc1_bn2 (BatchNormalization)  │ (None, 64, 64, 128)       │        
├────────────────────────────────┼───────────────────────────┼────────
│ enc2_relu2 (Activation)        │ (None, 32, 32, 128)       │        
├────────────────────────────────┼───────────────────────────┼────────
│ up_sampling2d_2 (UpSampling2D) │ (None, 32, 32, 128)       │        
├────────────────────────────────┼───────────────────────────┼────────
│ concatenate_3 (Concatenate)    │ (None, 16, 16, 256)       │        
│                                │                           │        
├────────────────────────────────┼───────────────────────────┼────────
│ enc0_bn2 (BatchNormalization)  │ (None, 128, 128, 128)     │        
├────────────────────────────────┼───────────────────────────┼────────
│ enc1_relu2 (Activation)        │ (None, 64, 64, 128)       │        
├────────────────────────────────┼───────────────────────────┼────────
│ up_sampling2d_1 (UpSampling2D) │ (None, 64, 64, 128)       │        
├────────────────────────────────┼───────────────────────────┼────────
│ concatenate_2 (Concatenate)    │ (None, 32, 32, 256)       │        
│                                │                           │        
├────────────────────────────────┼───────────────────────────┼────────
│ d31_conv1 (Conv2D)             │ (None, 16, 16, 128)       │        
├────────────────────────────────┼───────────────────────────┼────────
│ enc0_relu2 (Activation)        │ (None, 128, 128, 128)     │        
├────────────────────────────────┼───────────────────────────┼────────
│ up_sampling2d (UpSampling2D)   │ (None, 128, 128, 128)     │        
├────────────────────────────────┼───────────────────────────┼────────
│ concatenate_1 (Concatenate)    │ (None, 64, 64, 256)       │        
│                                │                           │        
├────────────────────────────────┼───────────────────────────┼────────
│ d21_conv1 (Conv2D)             │ (None, 32, 32, 128)       │        
├────────────────────────────────┼───────────────────────────┼────────
│ d31_bn1 (BatchNormalization)   │ (None, 16, 16, 128)       │        
├────────────────────────────────┼───────────────────────────┼────────
│ concatenate (Concatenate)      │ (None, 128, 128, 256)     │        
│                                │                           │        
├────────────────────────────────┼───────────────────────────┼────────
│ d11_conv1 (Conv2D)             │ (None, 64, 64, 128)       │        
├────────────────────────────────┼───────────────────────────┼────────
│ d21_bn1 (BatchNormalization)   │ (None, 32, 32, 128)       │        
├────────────────────────────────┼───────────────────────────┼────────
│ d31_relu1 (Activation)         │ (None, 16, 16, 128)       │        
├────────────────────────────────┼───────────────────────────┼────────
│ d01_conv1 (Conv2D)             │ (None, 128, 128, 128)     │        
├────────────────────────────────┼───────────────────────────┼────────
│ d11_bn1 (BatchNormalization)   │ (None, 64, 64, 128)       │        
├────────────────────────────────┼───────────────────────────┼────────
│ d21_relu1 (Activation)         │ (None, 32, 32, 128)       │        
├────────────────────────────────┼───────────────────────────┼────────
│ dropout_8 (Dropout)            │ (None, 16, 16, 128)       │        
├────────────────────────────────┼───────────────────────────┼────────
│ d01_bn1 (BatchNormalization)   │ (None, 128, 128, 128)     │        
├────────────────────────────────┼───────────────────────────┼────────
│ d11_relu1 (Activation)         │ (None, 64, 64, 128)       │        
├────────────────────────────────┼───────────────────────────┼────────
│ dropout_7 (Dropout)            │ (None, 32, 32, 128)       │        
├────────────────────────────────┼───────────────────────────┼────────
│ d31_conv2 (Conv2D)             │ (None, 16, 16, 128)       │        
├────────────────────────────────┼───────────────────────────┼────────
│ d01_relu1 (Activation)         │ (None, 128, 128, 128)     │        
├────────────────────────────────┼───────────────────────────┼────────
│ dropout_6 (Dropout)            │ (None, 64, 64, 128)       │        
├────────────────────────────────┼───────────────────────────┼────────
│ d21_conv2 (Conv2D)             │ (None, 32, 32, 128)       │        
├────────────────────────────────┼───────────────────────────┼────────
│ d31_bn2 (BatchNormalization)   │ (None, 16, 16, 128)       │        
├────────────────────────────────┼───────────────────────────┼────────
│ dropout_5 (Dropout)            │ (None, 128, 128, 128)     │        
├────────────────────────────────┼───────────────────────────┼────────
│ d11_conv2 (Conv2D)             │ (None, 64, 64, 128)       │        
├────────────────────────────────┼───────────────────────────┼────────
│ d21_bn2 (BatchNormalization)   │ (None, 32, 32, 128)       │        
├────────────────────────────────┼───────────────────────────┼────────
│ d31_relu2 (Activation)         │ (None, 16, 16, 128)       │        
├────────────────────────────────┼───────────────────────────┼────────
│ d01_conv2 (Conv2D)             │ (None, 128, 128, 128)     │        
├────────────────────────────────┼───────────────────────────┼────────
│ d11_bn2 (BatchNormalization)   │ (None, 64, 64, 128)       │        
├────────────────────────────────┼───────────────────────────┼────────
│ d21_relu2 (Activation)         │ (None, 32, 32, 128)       │        
├────────────────────────────────┼───────────────────────────┼────────
│ up_sampling2d_6 (UpSampling2D) │ (None, 32, 32, 128)       │        
├────────────────────────────────┼───────────────────────────┼────────
│ d01_bn2 (BatchNormalization)   │ (None, 128, 128, 128)     │        
├────────────────────────────────┼───────────────────────────┼────────
│ d11_relu2 (Activation)         │ (None, 64, 64, 128)       │        
├────────────────────────────────┼───────────────────────────┼────────
│ up_sampling2d_5 (UpSampling2D) │ (None, 64, 64, 128)       │        
├────────────────────────────────┼───────────────────────────┼────────
│ concatenate_6 (Concatenate)    │ (None, 32, 32, 384)       │        
│                                │                           │        
│                                │                           │        
├────────────────────────────────┼───────────────────────────┼────────
│ d01_relu2 (Activation)         │ (None, 128, 128, 128)     │        
├────────────────────────────────┼───────────────────────────┼────────
│ up_sampling2d_4 (UpSampling2D) │ (None, 128, 128, 128)     │        
├────────────────────────────────┼───────────────────────────┼────────
│ concatenate_5 (Concatenate)    │ (None, 64, 64, 384)       │        
│                                │                           │        
│                                │                           │        
├────────────────────────────────┼───────────────────────────┼────────
│ d22_conv1 (Conv2D)             │ (None, 32, 32, 128)       │        
├────────────────────────────────┼───────────────────────────┼────────
│ concatenate_4 (Concatenate)    │ (None, 128, 128, 384)     │        
│                                │                           │        
│                                │                           │        
├────────────────────────────────┼───────────────────────────┼────────
│ d12_conv1 (Conv2D)             │ (None, 64, 64, 128)       │        
├────────────────────────────────┼───────────────────────────┼────────
│ d22_bn1 (BatchNormalization)   │ (None, 32, 32, 128)       │        
├────────────────────────────────┼───────────────────────────┼────────
│ d02_conv1 (Conv2D)             │ (None, 128, 128, 128)     │        
├────────────────────────────────┼───────────────────────────┼────────
│ d12_bn1 (BatchNormalization)   │ (None, 64, 64, 128)       │        
├────────────────────────────────┼───────────────────────────┼────────
│ d22_relu1 (Activation)         │ (None, 32, 32, 128)       │        
├────────────────────────────────┼───────────────────────────┼────────
│ d02_bn1 (BatchNormalization)   │ (None, 128, 128, 128)     │        
├────────────────────────────────┼───────────────────────────┼────────
│ d12_relu1 (Activation)         │ (None, 64, 64, 128)       │        
├────────────────────────────────┼───────────────────────────┼────────
│ dropout_11 (Dropout)           │ (None, 32, 32, 128)       │        
├────────────────────────────────┼───────────────────────────┼────────
│ d02_relu1 (Activation)         │ (None, 128, 128, 128)     │        
├────────────────────────────────┼───────────────────────────┼────────
│ dropout_10 (Dropout)           │ (None, 64, 64, 128)       │        
├────────────────────────────────┼───────────────────────────┼────────
│ d22_conv2 (Conv2D)             │ (None, 32, 32, 128)       │        
├────────────────────────────────┼───────────────────────────┼────────
│ dropout_9 (Dropout)            │ (None, 128, 128, 128)     │        
├────────────────────────────────┼───────────────────────────┼────────
│ d12_conv2 (Conv2D)             │ (None, 64, 64, 128)       │        
├────────────────────────────────┼───────────────────────────┼────────
│ d22_bn2 (BatchNormalization)   │ (None, 32, 32, 128)       │        
├────────────────────────────────┼───────────────────────────┼────────
│ d02_conv2 (Conv2D)             │ (None, 128, 128, 128)     │        
├────────────────────────────────┼───────────────────────────┼────────
│ d12_bn2 (BatchNormalization)   │ (None, 64, 64, 128)       │        
├────────────────────────────────┼───────────────────────────┼────────
│ d22_relu2 (Activation)         │ (None, 32, 32, 128)       │        
├────────────────────────────────┼───────────────────────────┼────────
│ d02_bn2 (BatchNormalization)   │ (None, 128, 128, 128)     │        
├────────────────────────────────┼───────────────────────────┼────────
│ d12_relu2 (Activation)         │ (None, 64, 64, 128)       │        
├────────────────────────────────┼───────────────────────────┼────────
│ up_sampling2d_8 (UpSampling2D) │ (None, 64, 64, 128)       │        
├────────────────────────────────┼───────────────────────────┼────────
│ d02_relu2 (Activation)         │ (None, 128, 128, 128)     │        
├────────────────────────────────┼───────────────────────────┼────────
│ up_sampling2d_7 (UpSampling2D) │ (None, 128, 128, 128)     │        
├────────────────────────────────┼───────────────────────────┼────────
│ concatenate_8 (Concatenate)    │ (None, 64, 64, 512)       │        
│                                │                           │        
│                                │                           │        
│                                │                           │        
├────────────────────────────────┼───────────────────────────┼────────
│ concatenate_7 (Concatenate)    │ (None, 128, 128, 512)     │        
│                                │                           │        
│                                │                           │        
│                                │                           │        
├────────────────────────────────┼───────────────────────────┼────────
│ d13_conv1 (Conv2D)             │ (None, 64, 64, 128)       │        
├────────────────────────────────┼───────────────────────────┼────────
│ d03_conv1 (Conv2D)             │ (None, 128, 128, 128)     │        
├────────────────────────────────┼───────────────────────────┼────────
│ d13_bn1 (BatchNormalization)   │ (None, 64, 64, 128)       │        
├────────────────────────────────┼───────────────────────────┼────────
│ d03_bn1 (BatchNormalization)   │ (None, 128, 128, 128)     │        
├────────────────────────────────┼───────────────────────────┼────────
│ d13_relu1 (Activation)         │ (None, 64, 64, 128)       │        
├────────────────────────────────┼───────────────────────────┼────────
│ d03_relu1 (Activation)         │ (None, 128, 128, 128)     │        
├────────────────────────────────┼───────────────────────────┼────────
│ dropout_13 (Dropout)           │ (None, 64, 64, 128)       │        
├────────────────────────────────┼───────────────────────────┼────────
│ dropout_12 (Dropout)           │ (None, 128, 128, 128)     │        
├────────────────────────────────┼───────────────────────────┼────────
│ d13_conv2 (Conv2D)             │ (None, 64, 64, 128)       │        
├────────────────────────────────┼───────────────────────────┼────────
│ d03_conv2 (Conv2D)             │ (None, 128, 128, 128)     │        
├────────────────────────────────┼───────────────────────────┼────────
│ d13_bn2 (BatchNormalization)   │ (None, 64, 64, 128)       │        
├────────────────────────────────┼───────────────────────────┼────────
│ d03_bn2 (BatchNormalization)   │ (None, 128, 128, 128)     │        
├────────────────────────────────┼───────────────────────────┼────────
│ d13_relu2 (Activation)         │ (None, 64, 64, 128)       │        
├────────────────────────────────┼───────────────────────────┼────────
│ d03_relu2 (Activation)         │ (None, 128, 128, 128)     │        
├────────────────────────────────┼───────────────────────────┼────────
│ up_sampling2d_9 (UpSampling2D) │ (None, 128, 128, 128)     │        
├────────────────────────────────┼───────────────────────────┼────────
│ concatenate_9 (Concatenate)    │ (None, 128, 128, 640)     │        
│                                │                           │        
│                                │                           │        
│                                │                           │        
│                                │                           │        
├────────────────────────────────┼───────────────────────────┼────────
│ d04_conv1 (Conv2D)             │ (None, 128, 128, 128)     │        
├────────────────────────────────┼───────────────────────────┼────────
│ d04_bn1 (BatchNormalization)   │ (None, 128, 128, 128)     │        
├────────────────────────────────┼───────────────────────────┼────────
│ d04_relu1 (Activation)         │ (None, 128, 128, 128)     │        
├────────────────────────────────┼───────────────────────────┼────────
│ dropout_14 (Dropout)           │ (None, 128, 128, 128)     │        
├────────────────────────────────┼───────────────────────────┼────────
│ d04_conv2 (Conv2D)             │ (None, 128, 128, 128)     │        
├────────────────────────────────┼───────────────────────────┼────────
│ d04_bn2 (BatchNormalization)   │ (None, 128, 128, 128)     │        
├────────────────────────────────┼───────────────────────────┼────────
│ d04_relu2 (Activation)         │ (None, 128, 128, 128)     │        
├────────────────────────────────┼───────────────────────────┼────────
│ up_sampling2d_10               │ (None, 256, 256, 128)     │        
│ (UpSampling2D)                 │                           │        
├────────────────────────────────┼───────────────────────────┼────────
│ seg_output (Conv2D)            │ (None, 256, 256, 1)       │        
└────────────────────────────────┴───────────────────────────┴────────
 Total params: 34,736,129 (132.51 MB)
 Trainable params: 34,675,329 (132.28 MB)
 Non-trainable params: 60,800 (237.50 KB)

      Trainable parameters     : 34,675,329
      Non-trainable parameters : 60,800

[3/5] Compiling …

[4/5] Training …
      Epochs     : 100
      Batch size : 4
      LR         : 5e-05
Epoch 1/100

[1m  1/125[0m [37m━━━━━━━━━━━━━━━━━━━━[0m [1m1:52:09[0m 54s/step - accuracy: 0.5069 - dice_coeff: 0.6119 - iou_score: 0.4443 - loss: 1.1274 - precision: 0.8403 - recall: 0.4853
[1m  2/125[0m [37m━━━━━━━━━━━━━━━━━━━━[0m [1m21:40[0m 11s/step - accuracy: 0.5238 - dice_coeff: 0.6173 - iou_score: 0.4635 - loss: 1.1165 - precision: 0.8529 - recall: 0.5031  
[1m  3/125[0m [37m━━━━━━━━━━━━━━━━━━━━[0m [1m21:03[0m 10s/step - accuracy: 0.5359 - dice_coeff: 0.6207 - iou_score: 0.4766 - loss: 1.1098 - precision: 0.8576 - recall: 0.5169
[1m  4/125[0m [37m━━━━━━━━━━━━━━━━━━━━[0m [1m20:50[0m 10s/step - accuracy: 0.5465 - dice_coeff: 0.6242 - iou_score: 0.4883 - loss: 1.1028 - precision: 0.8621 - recall: 0.5288
[1m  5/125[0m [37m━━━━━━━━━━━━━━━━━━━━[0m [1m20:17[0m 10s/step - accuracy: 0.5553 - dice_coeff: 0.6272 - iou_score: 0.4980 - loss: 1.0976 - precision: 0.8664 - recall: 0.5383
[1m  6/125[0m [37m━━━━━━━━━━━━━━━━━━━━[0m [1m19:45[0m 10s/step - accuracy: 0.5627 - dice_coeff: 0.6297 - iou_score: 0.5062 - loss: 1.0929 - precision: 0.8699 - recall: 0.5464
[1m  7/125[0m [32m━[0m[37m━━━━━━━━━━━━━━━━━━━[0m [1m19:26[0m 10s/step - accuracy: 0.5697 - dice_coeff: 0.6323 - iou_score: 0.5139 - loss: 1.0875 - precision: 0.8733 - recall: 0.5539
[1m  8/125[0m [32m━[0m[37m━━━━━━━━━━━━━━━━━━━[0m [1m19:06[0m 10s/step - accuracy: 0.5763 - dice_coeff: 0.6347 - iou_score: 0.5212 - loss: 1.0818 - precision: 0.8759 - recall: 0.5612
[1m  9/125[0m [32m━[0m[37m━━━━━━━━━━━━━━━━━━━[0m [1m19:01[0m 10s/step - accuracy: 0.5824 - dice_coeff: 0.6369 - iou_score: 0.5281 - loss: 1.0764 - precision: 0.8782 - recall: 0.5682
[1m 10/125[0m [32m━[0m[37m━━━━━━━━━━━━━━━━━━━[0m [1m18:49[0m 10s/step - accuracy: 0.5880 - dice_coeff: 0.6389 - iou_score: 0.5342 - loss: 1.0712 - precision: 0.8799 - recall: 0.5745
[1m 11/125[0m [32m━[0m[37m━━━━━━━━━━━━━━━━━━━[0m [1m18:32[0m 10s/step - accuracy: 0.5934 - dice_coeff: 0.6409 - iou_score: 0.5402 - loss: 1.0660 - precision: 0.8815 - recall: 0.5808
[1m 12/125[0m [32m━[0m[37m━━━━━━━━━━━━━━━━━━━[0m [1m18:17[0m 10s/step - accuracy: 0.5985 - dice_coeff: 0.6428 - iou_score: 0.5460 - loss: 1.0608 - precision: 0.8831 - recall: 0.5867
[1m 13/125[0m [32m━━[0m[37m━━━━━━━━━━━━━━━━━━[0m [1m18:02[0m 10s/step - accuracy: 0.6037 - dice_coeff: 0.6447 - iou_score: 0.5516 - loss: 1.0555 - precision: 0.8844 - recall: 0.5927
[1m 14/125[0m [32m━━[0m[37m━━━━━━━━━━━━━━━━━━[0m [1m17:54[0m 10s/step - accuracy: 0.6087 - dice_coeff: 0.6466 - iou_score: 0.5572 - loss: 1.0502 - precision: 0.8856 - recall: 0.5986
[1m 15/125[0m [32m━━[0m[37m━━━━━━━━━━━━━━━━━━[0m [1m17:46[0m 10s/step - accuracy: 0.6137 - dice_coeff: 0.6485 - iou_score: 0.5628 - loss: 1.0448 - precision: 0.8867 - recall: 0.6045
[1m 16/125[0m [32m━━[0m[37m━━━━━━━━━━━━━━━━━━[0m [1m17:36[0m 10s/step - accuracy: 0.6185 - dice_coeff: 0.6505 - iou_score: 0.5682 - loss: 1.0394 - precision: 0.8877 - recall: 0.6104
[1m 17/125[0m [32m━━[0m[37m━━━━━━━━━━━━━━━━━━[0m [1m17:25[0m 10s/step - accuracy: 0.6234 - dice_coeff: 0.6525 - iou_score: 0.5736 - loss: 1.0340 - precision: 0.8887 - recall: 0.6162
[1m 18/125[0m [32m━━[0m[37m━━━━━━━━━━━━━━━━━━[0m [1m17:16[0m 10s/step - accuracy: 0.6281 - dice_coeff: 0.6546 - iou_score: 0.5789 - loss: 1.0285 - precision: 0.8895 - recall: 0.6219
[1m 19/125[0m [32m━━━[0m[37m━━━━━━━━━━━━━━━━━[0m [1m17:07[0m 10s/step - accuracy: 0.6327 - dice_coeff: 0.6566 - iou_score: 0.5841 - loss: 1.0231 - precision: 0.8903 - recall: 0.6275
[1m 20/125[0m [32m━━━[0m[37m━━━━━━━━━━━━━━━━━[0m [1m16:59[0m 10s/step - accuracy: 0.6371 - dice_coeff: 0.6586 - iou_score: 0.5891 - loss: 1.0178 - precision: 0.8910 - recall: 0.6330
[1m 21/125[0m [32m━━━[0m[37m━━━━━━━━━━━━━━━━━[0m [1m16:52[0m 10s/step - accuracy: 0.6414 - dice_coeff: 0.6606 - iou_score: 0.5939 - loss: 1.0127 - precision: 0.8916 - recall: 0.6383
[1m 22/125[0m [32m━━━[0m[37m━━━━━━━━━━━━━━━━━[0m [1m16:44[0m 10s/step - accuracy: 0.6455 - dice_coeff: 0.6626 - iou_score: 0.5986 - loss: 1.0076 - precision: 0.8922 - recall: 0.6435
[1m 23/125[0m [32m━━━[0m[37m━━━━━━━━━━━━━━━━━[0m [1m16:37[0m 10s/step - accuracy: 0.6496 - dice_coeff: 0.6645 - iou_score: 0.6032 - loss: 1.0026 - precision: 0.8927 - recall: 0.6486
[1m 24/125[0m [32m━━━[0m[37m━━━━━━━━━━━━━━━━━[0m [1m16:28[0m 10s/step - accuracy: 0.6535 - dice_coeff: 0.6665 - iou_score: 0.6076 - loss: 0.9976 - precision: 0.8932 - recall: 0.6535
[1m 25/125[0m [32m━━━━[0m[37m━━━━━━━━━━━━━━━━[0m [1m16:20[0m 10s/step - accuracy: 0.6572 - dice_coeff: 0.6684 - iou_score: 0.6119 - loss: 0.9927 - precision: 0.8937 - recall: 0.6582
[1m 26/125[0m [32m━━━━[0m[37m━━━━━━━━━━━━━━━━[0m [1m16:12[0m 10s/step - accuracy: 0.6608 - dice_coeff: 0.6703 - iou_score: 0.6159 - loss: 0.9880 - precision: 0.8941 - recall: 0.6628
[1m 27/125[0m [32m━━━━[0m[37m━━━━━━━━━━━━━━━━[0m [1m16:03[0m 10s/step - accuracy: 0.6643 - dice_coeff: 0.6721 - iou_score: 0.6199 - loss: 0.9833 - precision: 0.8945 - recall: 0.6672
[1m 28/125[0m [32m━━━━[0m[37m━━━━━━━━━━━━━━━━[0m [1m15:54[0m 10s/step - accuracy: 0.6676 - dice_coeff: 0.6739 - iou_score: 0.6236 - loss: 0.9788 - precision: 0.8948 - recall: 0.6714
[1m 29/125[0m [32m━━━━[0m[37m━━━━━━━━━━━━━━━━[0m [1m15:45[0m 10s/step - accuracy: 0.6708 - dice_coeff: 0.6756 - iou_score: 0.6273 - loss: 0.9745 - precision: 0.8952 - recall: 0.6755
[1m 30/125[0m [32m━━━━[0m[37m━━━━━━━━━━━━━━━━[0m [1m15:36[0m 10s/step - accuracy: 0.6739 - dice_coeff: 0.6773 - iou_score: 0.6308 - loss: 0.9701 - precision: 0.8955 - recall: 0.6795
[1m 31/125[0m [32m━━━━[0m[37m━━━━━━━━━━━━━━━━[0m [1m15:28[0m 10s/step - accuracy: 0.6769 - dice_coeff: 0.6790 - iou_score: 0.6343 - loss: 0.9659 - precision: 0.8958 - recall: 0.6834
[1m 32/125[0m [32m━━━━━[0m[37m━━━━━━━━━━━━━━━[0m [1m15:19[0m 10s/step - accuracy: 0.6799 - dice_coeff: 0.6806 - iou_score: 0.6376 - loss: 0.9617 - precision: 0.8961 - recall: 0.6872
[1m 33/125[0m [32m━━━━━[0m[37m━━━━━━━━━━━━━━━[0m [1m15:10[0m 10s/step - accuracy: 0.6828 - dice_coeff: 0.6822 - iou_score: 0.6409 - loss: 0.9576 - precision: 0.8964 - recall: 0.6908
[1m 34/125[0m [32m━━━━━[0m[37m━━━━━━━━━━━━━━━[0m [1m15:01[0m 10s/step - accuracy: 0.6855 - dice_coeff: 0.6838 - iou_score: 0.6441 - loss: 0.9535 - precision: 0.8967 - recall: 0.6944
[1m 35/125[0m [32m━━━━━[0m[37m━━━━━━━━━━━━━━━[0m [1m15:01[0m 10s/step - accuracy: 0.6883 - dice_coeff: 0.6854 - iou_score: 0.6471 - loss: 0.9495 - precision: 0.8969 - recall: 0.6978
[1m 36/125[0m [32m━━━━━[0m[37m━━━━━━━━━━━━━━━[0m [1m15:08[0m 10s/step - accuracy: 0.6909 - dice_coeff: 0.6869 - iou_score: 0.6501 - loss: 0.9457 - precision: 0.8972 - recall: 0.7012
[1m 37/125[0m [32m━━━━━[0m[37m━━━━━━━━━━━━━━━[0m [1m15:13[0m 10s/step - accuracy: 0.6934 - dice_coeff: 0.6884 - iou_score: 0.6530 - loss: 0.9419 - precision: 0.8975 - recall: 0.7044
[1m 38/125[0m [32m━━━━━━[0m[37m━━━━━━━━━━━━━━[0m [1m15:17[0m 11s/step - accuracy: 0.6959 - dice_coeff: 0.6899 - iou_score: 0.6558 - loss: 0.9381 - precision: 0.8977 - recall: 0.7076
[1m 39/125[0m [32m━━━━━━[0m[37m━━━━━━━━━━━━━━[0m [1m15:20[0m 11s/step - accuracy: 0.6983 - dice_coeff: 0.6914 - iou_score: 0.6586 - loss: 0.9344 - precision: 0.8979 - recall: 0.7107
[1m 40/125[0m [32m━━━━━━[0m[37m━━━━━━━━━━━━━━[0m [1m15:23[0m 11s/step - accuracy: 0.7006 - dice_coeff: 0.6928 - iou_score: 0.6612 - loss: 0.9307 - precision: 0.8981 - recall: 0.7137
[1m 41/125[0m [32m━━━━━━[0m[37m━━━━━━━━━━━━━━[0m [1m15:24[0m 11s/step - accuracy: 0.7029 - dice_coeff: 0.6943 - iou_score: 0.6639 - loss: 0.9270 - precision: 0.8984 - recall: 0.7166
[1m 42/125[0m [32m━━━━━━[0m[37m━━━━━━━━━━━━━━[0m [1m15:24[0m 11s/step - accuracy: 0.7051 - dice_coeff: 0.6957 - iou_score: 0.6664 - loss: 0.9234 - precision: 0.8986 - recall: 0.7195
[1m 43/125[0m [32m━━━━━━[0m[37m━━━━━━━━━━━━━━[0m [1m15:24[0m 11s/step - accuracy: 0.7073 - dice_coeff: 0.6971 - iou_score: 0.6689 - loss: 0.9198 - precision: 0.8988 - recall: 0.7223
[1m 44/125[0m [32m━━━━━━━[0m[37m━━━━━━━━━━━━━[0m [1m15:22[0m 11s/step - accuracy: 0.7094 - dice_coeff: 0.6985 - iou_score: 0.6713 - loss: 0.9163 - precision: 0.8990 - recall: 0.7250
[1m 45/125[0m [32m━━━━━━━[0m[37m━━━━━━━━━━━━━[0m [1m15:20[0m 12s/step - accuracy: 0.7115 - dice_coeff: 0.6998 - iou_score: 0.6737 - loss: 0.9128 - precision: 0.8992 - recall: 0.7277
[1m 46/125[0m [32m━━━━━━━[0m[37m━━━━━━━━━━━━━[0m [1m15:18[0m 12s/step - accuracy: 0.7135 - dice_coeff: 0.7011 - iou_score: 0.6760 - loss: 0.9093 - precision: 0.8994 - recall: 0.7303
[1m 47/125[0m [32m━━━━━━━[0m[37m━━━━━━━━━━━━━[0m [1m15:14[0m 12s/step - accuracy: 0.7155 - dice_coeff: 0.7025 - iou_score: 0.6783 - loss: 0.9059 - precision: 0.8995 - recall: 0.7328
[1m 48/125[0m [32m━━━━━━━[0m[37m━━━━━━━━━━━━━[0m [1m15:10[0m 12s/step - accuracy: 0.7175 - dice_coeff: 0.7038 - iou_score: 0.6805 - loss: 0.9025 - precision: 0.8997 - recall: 0.7353
[1m 49/125[0m [32m━━━━━━━[0m[37m━━━━━━━━━━━━━[0m [1m15:06[0m 12s/step - accuracy: 0.7194 - dice_coeff: 0.7050 - iou_score: 0.6826 - loss: 0.8991 - precision: 0.8999 - recall: 0.7377
[1m 50/125[0m [32m━━━━━━━━[0m[37m━━━━━━━━━━━━[0m [1m15:01[0m 12s/step - accuracy: 0.7212 - dice_coeff: 0.7063 - iou_score: 0.6847 - loss: 0.8958 - precision: 0.9001 - recall: 0.7401
[1m 51/125[0m [32m━━━━━━━━[0m[37m━━━━━━━━━━━━[0m [1m14:55[0m 12s/step - accuracy: 0.7230 - dice_coeff: 0.7076 - iou_score: 0.6868 - loss: 0.8926 - precision: 0.9002 - recall: 0.7424
[1m 52/125[0m [32m━━━━━━━━[0m[37m━━━━━━━━━━━━[0m [1m14:49[0m 12s/step - accuracy: 0.7248 - dice_coeff: 0.7088 - iou_score: 0.6888 - loss: 0.8894 - precision: 0.9004 - recall: 0.7447
[1m 53/125[0m [32m━━━━━━━━[0m[37m━━━━━━━━━━━━[0m [1m14:43[0m 12s/step - accuracy: 0.7265 - dice_coeff: 0.7100 - iou_score: 0.6908 - loss: 0.8862 - precision: 0.9005 - recall: 0.7469
[1m 54/125[0m [32m━━━━━━━━[0m[37m━━━━━━━━━━━━[0m [1m14:36[0m 12s/step - accuracy: 0.7282 - dice_coeff: 0.7112 - iou_score: 0.6927 - loss: 0.8831 - precision: 0.9007 - recall: 0.7490
[1m 55/125[0m [32m━━━━━━━━[0m[37m━━━━━━━━━━━━[0m [1m14:30[0m 12s/step - accuracy: 0.7298 - dice_coeff: 0.7124 - iou_score: 0.6945 - loss: 0.8800 - precision: 0.9008 - recall: 0.7512
[1m 56/125[0m [32m━━━━━━━━[0m[37m━━━━━━━━━━━━[0m [1m14:22[0m 12s/step - accuracy: 0.7314 - dice_coeff: 0.7135 - iou_score: 0.6964 - loss: 0.8769 - precision: 0.9009 - recall: 0.7532
[1m 57/125[0m [32m━━━━━━━━━[0m[37m━━━━━━━━━━━[0m [1m14:14[0m 13s/step - accuracy: 0.7330 - dice_coeff: 0.7146 - iou_score: 0.6982 - loss: 0.8740 - precision: 0.9010 - recall: 0.7553
[1m 58/125[0m [32m━━━━━━━━━[0m[37m━━━━━━━━━━━[0m [1m14:06[0m 13s/step - accuracy: 0.7345 - dice_coeff: 0.7158 - iou_score: 0.6999 - loss: 0.8710 - precision: 0.9012 - recall: 0.7572
[1m 59/125[0m [32m━━━━━━━━━[0m[37m━━━━━━━━━━━[0m [1m13:58[0m 13s/step - accuracy: 0.7360 - dice_coeff: 0.7169 - iou_score: 0.7016 - loss: 0.8681 - precision: 0.9013 - recall: 0.7592
[1m 60/125[0m [32m━━━━━━━━━[0m[37m━━━━━━━━━━━[0m [1m14:02[0m 13s/step - accuracy: 0.7375 - dice_coeff: 0.7180 - iou_score: 0.7033 - loss: 0.8652 - precision: 0.9014 - recall: 0.7611
[1m 61/125[0m [32m━━━━━━━━━[0m[37m━━━━━━━━━━━[0m [1m13:58[0m 13s/step - accuracy: 0.7389 - dice_coeff: 0.7190 - iou_score: 0.7050 - loss: 0.8624 - precision: 0.9015 - recall: 0.7629
[1m 62/125[0m [32m━━━━━━━━━[0m[37m━━━━━━━━━━━[0m [1m13:45[0m 13s/step - accuracy: 0.7403 - dice_coeff: 0.7201 - iou_score: 0.7066 - loss: 0.8596 - precision: 0.9016 - recall: 0.7648
[1m 63/125[0m [32m━━━━━━━━━━[0m[37m━━━━━━━━━━[0m [1m13:33[0m 13s/step - accuracy: 0.7417 - dice_coeff: 0.7211 - iou_score: 0.7081 - loss: 0.8568 - precision: 0.9017 - recall: 0.7666
[1m 64/125[0m [32m━━━━━━━━━━[0m[37m━━━━━━━━━━[0m [1m13:21[0m 13s/step - accuracy: 0.7431 - dice_coeff: 0.7221 - iou_score: 0.7097 - loss: 0.8541 - precision: 0.9018 - recall: 0.7683
[1m 65/125[0m [32m━━━━━━━━━━[0m[37m━━━━━━━━━━[0m [1m13:09[0m 13s/step - accuracy: 0.7444 - dice_coeff: 0.7232 - iou_score: 0.7112 - loss: 0.8514 - precision: 0.9019 - recall: 0.7700
[1m 66/125[0m [32m━━━━━━━━━━[0m[37m━━━━━━━━━━[0m [1m12:57[0m 13s/step - accuracy: 0.7457 - dice_coeff: 0.7242 - iou_score: 0.7127 - loss: 0.8488 - precision: 0.9020 - recall: 0.7717
[1m 67/125[0m [32m━━━━━━━━━━[0m[37m━━━━━━━━━━[0m [1m12:44[0m 13s/step - accuracy: 0.7470 - dice_coeff: 0.7251 - iou_score: 0.7142 - loss: 0.8461 - precision: 0.9021 - recall: 0.7734
[1m 68/125[0m [32m━━━━━━━━━━[0m[37m━━━━━━━━━━[0m [1m12:32[0m 13s/step - accuracy: 0.7482 - dice_coeff: 0.7261 - iou_score: 0.7156 - loss: 0.8436 - precision: 0.9022 - recall: 0.7750
[1m 69/125[0m [32m━━━━━━━━━━━[0m[37m━━━━━━━━━[0m [1m12:19[0m 13s/step - accuracy: 0.7495 - dice_coeff: 0.7271 - iou_score: 0.7170 - loss: 0.8410 - precision: 0.9023 - recall: 0.7767
[1m 70/125[0m [32m━━━━━━━━━━━[0m[37m━━━━━━━━━[0m [1m12:07[0m 13s/step - accuracy: 0.7507 - dice_coeff: 0.7280 - iou_score: 0.7184 - loss: 0.8385 - precision: 0.9023 - recall: 0.7782
[1m 71/125[0m [32m━━━━━━━━━━━[0m[37m━━━━━━━━━[0m [1m11:54[0m 13s/step - accuracy: 0.7519 - dice_coeff: 0.7289 - iou_score: 0.7197 - loss: 0.8360 - precision: 0.9024 - recall: 0.7798
[1m 72/125[0m [32m━━━━━━━━━━━[0m[37m━━━━━━━━━[0m [1m11:42[0m 13s/step - accuracy: 0.7530 - dice_coeff: 0.7299 - iou_score: 0.7210 - loss: 0.8335 - precision: 0.9025 - recall: 0.7813
[1m 73/125[0m [32m━━━━━━━━━━━[0m[37m━━━━━━━━━[0m [1m11:29[0m 13s/step - accuracy: 0.7541 - dice_coeff: 0.7308 - iou_score: 0.7223 - loss: 0.8311 - precision: 0.9025 - recall: 0.7828
[1m 74/125[0m [32m━━━━━━━━━━━[0m[37m━━━━━━━━━[0m [1m11:17[0m 13s/step - accuracy: 0.7553 - dice_coeff: 0.7317 - iou_score: 0.7236 - loss: 0.8287 - precision: 0.9026 - recall: 0.7843
[1m 75/125[0m [32m━━━━━━━━━━━━[0m[37m━━━━━━━━[0m [1m11:04[0m 13s/step - accuracy: 0.7564 - dice_coeff: 0.7326 - iou_score: 0.7248 - loss: 0.8263 - precision: 0.9027 - recall: 0.7857
[1m 76/125[0m [32m━━━━━━━━━━━━[0m[37m━━━━━━━━[0m [1m10:51[0m 13s/step - accuracy: 0.7574 - dice_coeff: 0.7334 - iou_score: 0.7261 - loss: 0.8240 - precision: 0.9027 - recall: 0.7871
[1m 77/125[0m [32m━━━━━━━━━━━━[0m[37m━━━━━━━━[0m [1m10:38[0m 13s/step - accuracy: 0.7585 - dice_coeff: 0.7343 - iou_score: 0.7273 - loss: 0.8217 - precision: 0.9028 - recall: 0.7885
[1m 78/125[0m [32m━━━━━━━━━━━━[0m[37m━━━━━━━━[0m [1m10:26[0m 13s/step - accuracy: 0.7595 - dice_coeff: 0.7351 - iou_score: 0.7285 - loss: 0.8194 - precision: 0.9028 - recall: 0.7899
[1m 79/125[0m [32m━━━━━━━━━━━━[0m[37m━━━━━━━━[0m [1m10:13[0m 13s/step - accuracy: 0.7606 - dice_coeff: 0.7360 - iou_score: 0.7296 - loss: 0.8171 - precision: 0.9029 - recall: 0.7912
[1m 80/125[0m [32m━━━━━━━━━━━━[0m[37m━━━━━━━━[0m [1m10:00[0m 13s/step - accuracy: 0.7616 - dice_coeff: 0.7368 - iou_score: 0.7308 - loss: 0.8149 - precision: 0.9029 - recall: 0.7926
[1m 81/125[0m [32m━━━━━━━━━━━━[0m[37m━━━━━━━━[0m [1m9:47[0m 13s/step - accuracy: 0.7626 - dice_coeff: 0.7376 - iou_score: 0.7319 - loss: 0.8127 - precision: 0.9030 - recall: 0.7939 
[1m 82/125[0m [32m━━━━━━━━━━━━━[0m[37m━━━━━━━[0m [1m9:34[0m 13s/step - accuracy: 0.7635 - dice_coeff: 0.7385 - iou_score: 0.7330 - loss: 0.8105 - precision: 0.9031 - recall: 0.7951
[1m 83/125[0m [32m━━━━━━━━━━━━━[0m[37m━━━━━━━[0m [1m9:21[0m 13s/step - accuracy: 0.7645 - dice_coeff: 0.7393 - iou_score: 0.7341 - loss: 0.8084 - precision: 0.9031 - recall: 0.7964
[1m 84/125[0m [32m━━━━━━━━━━━━━[0m[37m━━━━━━━[0m [1m9:08[0m 13s/step - accuracy: 0.7654 - dice_coeff: 0.7401 - iou_score: 0.7352 - loss: 0.8062 - precision: 0.9031 - recall: 0.7976
[1m 85/125[0m [32m━━━━━━━━━━━━━[0m[37m━━━━━━━[0m [1m8:55[0m 13s/step - accuracy: 0.7663 - dice_coeff: 0.7408 - iou_score: 0.7362 - loss: 0.8041 - precision: 0.9032 - recall: 0.7989
[1m 86/125[0m [32m━━━━━━━━━━━━━[0m[37m━━━━━━━[0m [1m8:42[0m 13s/step - accuracy: 0.7673 - dice_coeff: 0.7416 - iou_score: 0.7373 - loss: 0.8020 - precision: 0.9032 - recall: 0.8001
[1m 87/125[0m [32m━━━━━━━━━━━━━[0m[37m━━━━━━━[0m [1m8:29[0m 13s/step - accuracy: 0.7681 - dice_coeff: 0.7424 - iou_score: 0.7383 - loss: 0.8000 - precision: 0.9033 - recall: 0.8012
[1m 88/125[0m [32m━━━━━━━━━━━━━━[0m[37m━━━━━━[0m [1m8:16[0m 13s/step - accuracy: 0.7690 - dice_coeff: 0.7431 - iou_score: 0.7393 - loss: 0.7979 - precision: 0.9033 - recall: 0.8024
[1m 89/125[0m [32m━━━━━━━━━━━━━━[0m[37m━━━━━━[0m [1m8:03[0m 13s/step - accuracy: 0.7699 - dice_coeff: 0.7439 - iou_score: 0.7403 - loss: 0.7959 - precision: 0.9034 - recall: 0.8036
[1m 90/125[0m [32m━━━━━━━━━━━━━━[0m[37m━━━━━━[0m [1m7:50[0m 13s/step - accuracy: 0.7708 - dice_coeff: 0.7446 - iou_score: 0.7413 - loss: 0.7939 - precision: 0.9034 - recall: 0.8047
[1m 91/125[0m [32m━━━━━━━━━━━━━━[0m[37m━━━━━━[0m [1m7:37[0m 13s/step - accuracy: 0.7716 - dice_coeff: 0.7454 - iou_score: 0.7423 - loss: 0.7919 - precision: 0.9035 - recall: 0.8058
[1m 92/125[0m [32m━━━━━━━━━━━━━━[0m[37m━━━━━━[0m [1m7:23[0m 13s/step - accuracy: 0.7724 - dice_coeff: 0.7461 - iou_score: 0.7432 - loss: 0.7900 - precision: 0.9035 - recall: 0.8069
[1m 93/125[0m [32m━━━━━━━━━━━━━━[0m[37m━━━━━━[0m [1m7:10[0m 13s/step - accuracy: 0.7733 - dice_coeff: 0.7468 - iou_score: 0.7441 - loss: 0.7880 - precision: 0.9035 - recall: 0.8080
[1m 94/125[0m [32m━━━━━━━━━━━━━━━[0m[37m━━━━━[0m [1m6:57[0m 13s/step - accuracy: 0.7741 - dice_coeff: 0.7475 - iou_score: 0.7451 - loss: 0.7861 - precision: 0.9036 - recall: 0.8091
[1m 95/125[0m [32m━━━━━━━━━━━━━━━[0m[37m━━━━━[0m [1m6:44[0m 13s/step - accuracy: 0.7749 - dice_coeff: 0.7482 - iou_score: 0.7460 - loss: 0.7842 - precision: 0.9036 - recall: 0.8101
[1m 96/125[0m [32m━━━━━━━━━━━━━━━[0m[37m━━━━━[0m [1m6:31[0m 13s/step - accuracy: 0.7756 - dice_coeff: 0.7489 - iou_score: 0.7469 - loss: 0.7824 - precision: 0.9037 - recall: 0.8111
[1m 97/125[0m [32m━━━━━━━━━━━━━━━[0m[37m━━━━━[0m [1m6:18[0m 14s/step - accuracy: 0.7764 - dice_coeff: 0.7496 - iou_score: 0.7478 - loss: 0.7805 - precision: 0.9037 - recall: 0.8122
[1m 98/125[0m [32m━━━━━━━━━━━━━━━[0m[37m━━━━━[0m [1m6:04[0m 14s/step - accuracy: 0.7772 - dice_coeff: 0.7503 - iou_score: 0.7486 - loss: 0.7787 - precision: 0.9037 - recall: 0.8132
[1m 99/125[0m [32m━━━━━━━━━━━━━━━[0m[37m━━━━━[0m [1m5:51[0m 14s/step - accuracy: 0.7779 - dice_coeff: 0.7509 - iou_score: 0.7495 - loss: 0.7769 - precision: 0.9038 - recall: 0.8142
[1m100/125[0m [32m━━━━━━━━━━━━━━━━[0m[37m━━━━[0m [1m5:38[0m 14s/step - accuracy: 0.7787 - dice_coeff: 0.7516 - iou_score: 0.7503 - loss: 0.7751 - precision: 0.9038 - recall: 0.8151
[1m101/125[0m [32m━━━━━━━━━━━━━━━━[0m[37m━━━━[0m [1m5:24[0m 14s/step - accuracy: 0.7794 - dice_coeff: 0.7522 - iou_score: 0.7512 - loss: 0.7733 - precision: 0.9039 - recall: 0.8161
[1m102/125[0m [32m━━━━━━━━━━━━━━━━[0m[37m━━━━[0m [1m5:11[0m 14s/step - accuracy: 0.7801 - dice_coeff: 0.7529 - iou_score: 0.7520 - loss: 0.7716 - precision: 0.9039 - recall: 0.8171
[1m103/125[0m [32m━━━━━━━━━━━━━━━━[0m[37m━━━━[0m [1m4:57[0m 14s/step - accuracy: 0.7808 - dice_coeff: 0.7535 - iou_score: 0.7528 - loss: 0.7698 - precision: 0.9039 - recall: 0.8180
[1m104/125[0m [32m━━━━━━━━━━━━━━━━[0m[37m━━━━[0m [1m4:44[0m 14s/step - accuracy: 0.7815 - dice_coeff: 0.7542 - iou_score: 0.7536 - loss: 0.7681 - precision: 0.9040 - recall: 0.8189
[1m105/125[0m [32m━━━━━━━━━━━━━━━━[0m[37m━━━━[0m [1m4:31[0m 14s/step - accuracy: 0.7822 - dice_coeff: 0.7548 - iou_score: 0.7544 - loss: 0.7664 - precision: 0.9040 - recall: 0.8198
[1m106/125[0m [32m━━━━━━━━━━━━━━━━[0m[37m━━━━[0m [1m4:17[0m 14s/step - accuracy: 0.7829 - dice_coeff: 0.7554 - iou_score: 0.7552 - loss: 0.7647 - precision: 0.9040 - recall: 0.8207
[1m107/125[0m [32m━━━━━━━━━━━━━━━━━[0m[37m━━━[0m [1m4:04[0m 14s/step - accuracy: 0.7836 - dice_coeff: 0.7560 - iou_score: 0.7559 - loss: 0.7630 - precision: 0.9041 - recall: 0.8216
[1m108/125[0m [32m━━━━━━━━━━━━━━━━━[0m[37m━━━[0m [1m3:50[0m 14s/step - accuracy: 0.7843 - dice_coeff: 0.7566 - iou_score: 0.7567 - loss: 0.7614 - precision: 0.9041 - recall: 0.8225
[1m109/125[0m [32m━━━━━━━━━━━━━━━━━[0m[37m━━━[0m [1m3:37[0m 14s/step - accuracy: 0.7849 - dice_coeff: 0.7573 - iou_score: 0.7575 - loss: 0.7597 - precision: 0.9041 - recall: 0.8234
[1m110/125[0m [32m━━━━━━━━━━━━━━━━━[0m[37m━━━[0m [1m3:23[0m 14s/step - accuracy: 0.7856 - dice_coeff: 0.7579 - iou_score: 0.7582 - loss: 0.7581 - precision: 0.9042 - recall: 0.8243
[1m111/125[0m [32m━━━━━━━━━━━━━━━━━[0m[37m━━━[0m [1m3:10[0m 14s/step - accuracy: 0.7862 - dice_coeff: 0.7584 - iou_score: 0.7589 - loss: 0.7565 - precision: 0.9042 - recall: 0.8251
[1m112/125[0m [32m━━━━━━━━━━━━━━━━━[0m[37m━━━[0m [1m2:56[0m 14s/step - accuracy: 0.7868 - dice_coeff: 0.7590 - iou_score: 0.7597 - loss: 0.7549 - precision: 0.9042 - recall: 0.8259
[1m113/125[0m [32m━━━━━━━━━━━━━━━━━━[0m[37m━━[0m [1m2:43[0m 14s/step - accuracy: 0.7875 - dice_coeff: 0.7596 - iou_score: 0.7604 - loss: 0.7533 - precision: 0.9043 - recall: 0.8268
[1m114/125[0m [32m━━━━━━━━━━━━━━━━━━[0m[37m━━[0m [1m2:29[0m 14s/step - accuracy: 0.7881 - dice_coeff: 0.7602 - iou_score: 0.7611 - loss: 0.7517 - precision: 0.9043 - recall: 0.8276
[1m115/125[0m [32m━━━━━━━━━━━━━━━━━━[0m[37m━━[0m [1m2:16[0m 14s/step - accuracy: 0.7887 - dice_coeff: 0.7608 - iou_score: 0.7618 - loss: 0.7501 - precision: 0.9043 - recall: 0.8284
[1m116/125[0m [32m━━━━━━━━━━━━━━━━━━[0m[37m━━[0m [1m2:02[0m 14s/step - accuracy: 0.7893 - dice_coeff: 0.7613 - iou_score: 0.7625 - loss: 0.7486 - precision: 0.9044 - recall: 0.8292
[1m117/125[0m [32m━━━━━━━━━━━━━━━━━━[0m[37m━━[0m [1m1:48[0m 14s/step - accuracy: 0.7899 - dice_coeff: 0.7619 - iou_score: 0.7632 - loss: 0.7471 - precision: 0.9044 - recall: 0.8300
[1m118/125[0m [32m━━━━━━━━━━━━━━━━━━[0m[37m━━[0m [1m1:35[0m 14s/step - accuracy: 0.7905 - dice_coeff: 0.7625 - iou_score: 0.7638 - loss: 0.7455 - precision: 0.9044 - recall: 0.8307
[1m119/125[0m [32m━━━━━━━━━━━━━━━━━━━[0m[37m━[0m [1m1:21[0m 14s/step - accuracy: 0.7911 - dice_coeff: 0.7630 - iou_score: 0.7645 - loss: 0.7440 - precision: 0.9044 - recall: 0.8315
[1m120/125[0m [32m━━━━━━━━━━━━━━━━━━━[0m[37m━[0m [1m1:08[0m 14s/step - accuracy: 0.7917 - dice_coeff: 0.7636 - iou_score: 0.7652 - loss: 0.7425 - precision: 0.9045 - recall: 0.8323
[1m121/125[0m [32m━━━━━━━━━━━━━━━━━━━[0m[37m━[0m [1m54s[0m 14s/step - accuracy: 0.7922 - dice_coeff: 0.7641 - iou_score: 0.7658 - loss: 0.7411 - precision: 0.9045 - recall: 0.8330 
[1m122/125[0m [32m━━━━━━━━━━━━━━━━━━━[0m[37m━[0m [1m40s[0m 14s/step - accuracy: 0.7928 - dice_coeff: 0.7646 - iou_score: 0.7665 - loss: 0.7396 - precision: 0.9045 - recall: 0.8338
[1m123/125[0m [32m━━━━━━━━━━━━━━━━━━━[0m[37m━[0m [1m27s[0m 14s/step - accuracy: 0.7934 - dice_coeff: 0.7652 - iou_score: 0.7671 - loss: 0.7381 - precision: 0.9046 - recall: 0.8345
[1m124/125[0m [32m━━━━━━━━━━━━━━━━━━━[0m[37m━[0m [1m13s[0m 14s/step - accuracy: 0.7939 - dice_coeff: 0.7657 - iou_score: 0.7677 - loss: 0.7367 - precision: 0.9046 - recall: 0.8352
[1m125/125[0m [32m━━━━━━━━━━━━━━━━━━━━[0m[37m[0m [1m0s[0m 14s/step - accuracy: 0.7945 - dice_coeff: 0.7662 - iou_score: 0.7684 - loss: 0.7352 - precision: 0.9046 - recall: 0.8359 
Epoch 1: val_dice_coeff improved from None to 0.80884, saving model to models/best_model.keras

Epoch 1: finished saving model to models/best_model.keras

[1m125/125[0m [32m━━━━━━━━━━━━━━━━━━━━[0m[37m[0m [1m1900s[0m 15s/step - accuracy: 0.8624 - dice_coeff: 0.8313 - iou_score: 0.8460 - loss: 0.5572 - precision: 0.9087 - recall: 0.9248 - val_accuracy: 0.7963 - val_dice_coeff: 0.8088 - val_iou_score: 0.7958 - val_loss: 0.7008 - val_precision: 0.7958 - val_recall: 1.0000 - learning_rate: 5.0000e-05
Epoch 2/100

[1m  1/125[0m [37m━━━━━━━━━━━━━━━━━━━━[0m [1m29:55[0m 14s/step - accuracy: 0.8976 - dice_coeff: 0.8885 - iou_score: 0.8868 - loss: 0.3989 - precision: 0.9052 - recall: 0.9777
[1m  2/125[0m [37m━━━━━━━━━━━━━━━━━━━━[0m [1m28:42[0m 14s/step - accuracy: 0.8979 - dice_coeff: 0.8890 - iou_score: 0.8874 - loss: 0.3980 - precision: 0.9066 - recall: 0.9768
[1m  3/125[0m [37m━━━━━━━━━━━━━━━━━━━━[0m [1m28:47[0m 14s/step - accuracy: 0.8992 - dice_coeff: 0.8897 - iou_score: 0.8887 - loss: 0.3958 - precision: 0.9087 - recall: 0.9758
[1m  4/125[0m [37m━━━━━━━━━━━━━━━━━━━━[0m [1m28:30[0m 14s/step - accuracy: 0.8990 - dice_coeff: 0.8896 - iou_score: 0.8884 - loss: 0.3963 - precision: 0.9088 - recall: 0.9754
[1m  5/125[0m [37m━━━━━━━━━━━━━━━━━━━━[0m [1m28:05[0m 14s/step - accuracy: 0.8988 - dice_coeff: 0.8895 - iou_score: 0.8882 - loss: 0.3969 - precision: 0.9086 - recall: 0.9753
[1m  6/125[0m [37m━━━━━━━━━━━━━━━━━━━━[0m [1m27:44[0m 14s/step - accuracy: 0.8986 - dice_coeff: 0.8895 - iou_score: 0.8879 - loss: 0.3972 - precision: 0.9084 - recall: 0.9753
[1m  7/125[0m [32m━[0m[37m━━━━━━━━━━━━━━━━━━━[0m [1m27:30[0m 14s/step - accuracy: 0.8986 - dice_coeff: 0.8894 - iou_score: 0.8878 - loss: 0.3976 - precision: 0.9085 - recall: 0.9750
[1m  8/125[0m [32m━[0m[37m━━━━━━━━━━━━━━━━━━━[0m [1m27:19[0m 14s/step - accuracy: 0.8986 - dice_coeff: 0.8894 - iou_score: 0.8878 - loss: 0.3977 - precision: 0.9087 - recall: 0.9749
[1m  9/125[0m [32m━[0m[37m━━━━━━━━━━━━━━━━━━━[0m [1m27:04[0m 14s/step - accuracy: 0.8987 - dice_coeff: 0.8894 - iou_score: 0.8878 - loss: 0.3977 - precision: 0.9087 - recall: 0.9748
[1m 10/125[0m [32m━[0m[37m━━━━━━━━━━━━━━━━━━━[0m [1m26:53[0m 14s/step - accuracy: 0.8988 - dice_coeff: 0.8895 - iou_score: 0.8879 - loss: 0.3974 - precision: 0.9088 - recall: 0.9749
[1m 11/125[0m [32m━[0m[37m━━━━━━━━━━━━━━━━━━━[0m [1m26:40[0m 14s/step - accuracy: 0.8988 - dice_coeff: 0.8895 - iou_score: 0.8880 - loss: 0.3972 - precision: 0.9088 - recall: 0.9749
[1m 12/125[0m [32m━[0m[37m━━━━━━━━━━━━━━━━━━━[0m [1m26:26[0m 14s/step - accuracy: 0.8989 - dice_coeff: 0.8896 - iou_score: 0.8880 - loss: 0.3969 - precision: 0.9088 - recall: 0.9750
[1m 13/125[0m [32m━━[0m[37m━━━━━━━━━━━━━━━━━━[0m [1m26:12[0m 14s/step - accuracy: 0.8991 - dice_coeff: 0.8897 - iou_score: 0.8882 - loss: 0.3963 - precision: 0.9089 - recall: 0.9751
[1m 14/125[0m [32m━━[0m[37m━━━━━━━━━━━━━━━━━━[0m [1m25:59[0m 14s/step - accuracy: 0.8993 - dice_coeff: 0.8898 - iou_score: 0.8884 - loss: 0.3958 - precision: 0.9090 - recall: 0.9752
[1m 15/125[0m [32m━━[0m[37m━━━━━━━━━━━━━━━━━━[0m [1m25:48[0m 14s/step - accuracy: 0.8995 - dice_coeff: 0.8899 - iou_score: 0.8886 - loss: 0.3953 - precision: 0.9091 - recall: 0.9752
[1m 16/125[0m [32m━━[0m[37m━━━━━━━━━━━━━━━━━━[0m [1m25:35[0m 14s/step - accuracy: 0.8997 - dice_coeff: 0.8900 - iou_score: 0.8887 - loss: 0.3948 - precision: 0.9092 - recall: 0.9753
[1m 17/125[0m [32m━━[0m[37m━━━━━━━━━━━━━━━━━━[0m [1m25:21[0m 14s/step - accuracy: 0.8998 - dice_coeff: 0.8901 - iou_score: 0.8889 - loss: 0.3943 - precision: 0.9093 - recall: 0.9754
[1m 18/125[0m [32m━━[0m[37m━━━━━━━━━━━━━━━━━━[0m [1m25:07[0m 14s/step - accuracy: 0.9000 - dice_coeff: 0.8902 - iou_score: 0.8891 - loss: 0.3938 - precision: 0.9094 - recall: 0.9756
[1m 19/125[0m [32m━━━[0m[37m━━━━━━━━━━━━━━━━━[0m [1m24:54[0m 14s/step - accuracy: 0.9002 - dice_coeff: 0.8903 - iou_score: 0.8892 - loss: 0.3933 - precision: 0.9094 - recall: 0.9756
[1m 20/125[0m [32m━━━[0m[37m━━━━━━━━━━━━━━━━━[0m [1m24:42[0m 14s/step - accuracy: 0.9003 - dice_coeff: 0.8904 - iou_score: 0.8893 - loss: 0.3928 - precision: 0.9095 - recall: 0.9757
[1m 21/125[0m [32m━━━[0m[37m━━━━━━━━━━━━━━━━━[0m [1m24:28[0m 14s/step - accuracy: 0.9004 - dice_coeff: 0.8905 - iou_score: 0.8894 - loss: 0.3924 - precision: 0.9096 - recall: 0.9758
[1m 22/125[0m [32m━━━[0m[37m━━━━━━━━━━━━━━━━━[0m [1m24:14[0m 14s/step - accuracy: 0.9005 - dice_coeff: 0.8906 - iou_score: 0.8895 - loss: 0.3920 - precision: 0.9096 - recall: 0.9758
[1m 23/125[0m [32m━━━[0m[37m━━━━━━━━━━━━━━━━━[0m [1m24:00[0m 14s/step - accuracy: 0.9006 - dice_coeff: 0.8907 - iou_score: 0.8896 - loss: 0.3916 - precision: 0.9097 - recall: 0.9758
[1m 24/125[0m [32m━━━[0m[37m━━━━━━━━━━━━━━━━━[0m [1m23:45[0m 14s/step - accuracy: 0.9008 - dice_coeff: 0.8908 - iou_score: 0.8897 - loss: 0.3913 - precision: 0.9098 - recall: 0.9758
[1m 25/125[0m [32m━━━━[0m[37m━━━━━━━━━━━━━━━━[0m [1m23:31[0m 14s/step - accuracy: 0.9008 - dice_coeff: 0.8908 - iou_score: 0.8898 - loss: 0.3911 - precision: 0.9099 - recall: 0.9758
[1m 26/125[0m [32m━━━━[0m[37m━━━━━━━━━━━━━━━━[0m [1m23:17[0m 14s/step - accuracy: 0.9009 - dice_coeff: 0.8909 - iou_score: 0.8898 - loss: 0.3908 - precision: 0.9100 - recall: 0.9758
[1m 27/125[0m [32m━━━━[0m[37m━━━━━━━━━━━━━━━━[0m [1m23:04[0m 14s/step - accuracy: 0.9009 - dice_coeff: 0.8910 - iou_score: 0.8899 - loss: 0.3906 - precision: 0.9100 - recall: 0.9758
[1m 28/125[0m [32m━━━━[0m[37m━━━━━━━━━━━━━━━━[0m [1m22:50[0m 14s/step - accuracy: 0.9010 - dice_coeff: 0.8911 - iou_score: 0.8900 - loss: 0.3903 - precision: 0.9101 - recall: 0.9758
[1m 29/125[0m [32m━━━━[0m[37m━━━━━━━━━━━━━━━━[0m [1m22:36[0m 14s/step - accuracy: 0.9011 - dice_coeff: 0.8912 - iou_score: 0.8901 - loss: 0.3900 - precision: 0.9102 - recall: 0.9758
[1m 30/125[0m [32m━━━━[0m[37m━━━━━━━━━━━━━━━━[0m [1m22:21[0m 14s/step - accuracy: 0.9012 - dice_coeff: 0.8913 - iou_score: 0.8902 - loss: 0.3896 - precision: 0.9103 - recall: 0.9758
[1m 31/125[0m [32m━━━━[0m[37m━━━━━━━━━━━━━━━━[0m [1m22:06[0m 14s/step - accuracy: 0.9013 - dice_coeff: 0.8914 - iou_score: 0.8902 - loss: 0.3894 - precision: 0.9103 - recall: 0.9758
[1m 32/125[0m [32m━━━━━[0m[37m━━━━━━━━━━━━━━━[0m [1m21:53[0m 14s/step - accuracy: 0.9014 - dice_coeff: 0.8915 - iou_score: 0.8903 - loss: 0.3891 - precision: 0.9104 - recall: 0.9759
[1m 33/125[0m [32m━━━━━[0m[37m━━━━━━━━━━━━━━━[0m [1m21:38[0m 14s/step - accuracy: 0.9015 - dice_coeff: 0.8915 - iou_score: 0.8904 - loss: 0.3888 - precision: 0.9105 - recall: 0.9759
[1m 34/125[0m [32m━━━━━[0m[37m━━━━━━━━━━━━━━━[0m [1m21:23[0m 14s/step - accuracy: 0.9015 - dice_coeff: 0.8916 - iou_score: 0.8905 - loss: 0.3885 - precision: 0.9105 - recall: 0.9759
[1m 35/125[0m [32m━━━━━[0m[37m━━━━━━━━━━━━━━━[0m [1m21:08[0m 14s/step - accuracy: 0.9016 - dice_coeff: 0.8917 - iou_score: 0.8905 - loss: 0.3883 - precision: 0.9106 - recall: 0.9759
[1m 36/125[0m [32m━━━━━[0m[37m━━━━━━━━━━━━━━━[0m [1m20:54[0m 14s/step - accuracy: 0.9017 - dice_coeff: 0.8918 - iou_score: 0.8906 - loss: 0.3880 - precision: 0.9106 - recall: 0.9759
[1m 37/125[0m [32m━━━━━[0m[37m━━━━━━━━━━━━━━━[0m [1m20:39[0m 14s/step - accuracy: 0.9017 - dice_coeff: 0.8919 - iou_score: 0.8907 - loss: 0.3878 - precision: 0.9107 - recall: 0.9760
[1m 38/125[0m [32m━━━━━━[0m[37m━━━━━━━━━━━━━━[0m [1m20:26[0m 14s/step - accuracy: 0.9018 - dice_coeff: 0.8919 - iou_score: 0.8907 - loss: 0.3875 - precision: 0.9107 - recall: 0.9760
[1m 39/125[0m [32m━━━━━━[0m[37m━━━━━━━━━━━━━━[0m [1m20:12[0m 14s/step - accuracy: 0.9019 - dice_coeff: 0.8920 - iou_score: 0.8908 - loss: 0.3873 - precision: 0.9108 - recall: 0.9760
[1m 40/125[0m [32m━━━━━━[0m[37m━━━━━━━━━━━━━━[0m [1m19:57[0m 14s/step - accuracy: 0.9019 - dice_coeff: 0.8921 - iou_score: 0.8909 - loss: 0.3870 - precision: 0.9108 - recall: 0.9760
[1m 41/125[0m [32m━━━━━━[0m[37m━━━━━━━━━━━━━━[0m [1m19:42[0m 14s/step - accuracy: 0.9020 - dice_coeff: 0.8922 - iou_score: 0.8909 - loss: 0.3868 - precision: 0.9109 - recall: 0.9760
[1m 42/125[0m [32m━━━━━━[0m[37m━━━━━━━━━━━━━━[0m [1m19:29[0m 14s/step - accuracy: 0.9021 - dice_coeff: 0.8923 - iou_score: 0.8910 - loss: 0.3865 - precision: 0.9110 - recall: 0.9761
[1m 43/125[0m [32m━━━━━━[0m[37m━━━━━━━━━━━━━━[0m [1m19:15[0m 14s/step - accuracy: 0.9022 - dice_coeff: 0.8923 - iou_score: 0.8911 - loss: 0.3862 - precision: 0.9110 - recall: 0.9761
[1m 44/125[0m [32m━━━━━━━[0m[37m━━━━━━━━━━━━━[0m [1m19:00[0m 14s/step - accuracy: 0.9022 - dice_coeff: 0.8924 - iou_score: 0.8912 - loss: 0.3860 - precision: 0.9111 - recall: 0.9761
[1m 45/125[0m [32m━━━━━━━[0m[37m━━━━━━━━━━━━━[0m [1m18:46[0m 14s/step - accuracy: 0.9023 - dice_coeff: 0.8925 - iou_score: 0.8912 - loss: 0.3857 - precision: 0.9112 - recall: 0.9761
[1m 46/125[0m [32m━━━━━━━[0m[37m━━━━━━━━━━━━━[0m [1m18:32[0m 14s/step - accuracy: 0.9023 - dice_coeff: 0.8926 - iou_score: 0.8913 - loss: 0.3855 - precision: 0.9112 - recall: 0.9761
[1m 47/125[0m [32m━━━━━━━[0m[37m━━━━━━━━━━━━━[0m [1m18:18[0m 14s/step - accuracy: 0.9024 - dice_coeff: 0.8926 - iou_score: 0.8914 - loss: 0.3853 - precision: 0.9113 - recall: 0.9761
[1m 48/125[0m [32m━━━━━━━[0m[37m━━━━━━━━━━━━━[0m [1m17:55[0m 14s/step - accuracy: 0.9025 - dice_coeff: 0.8927 - iou_score: 0.8914 - loss: 0.3851 - precision: 0.9113 - recall: 0.9761
[1m 49/125[0m [32m━━━━━━━[0m[37m━━━━━━━━━━━━━[0m [1m17:38[0m 14s/step - accuracy: 0.9025 - dice_coeff: 0.8928 - iou_score: 0.8915 - loss: 0.3849 - precision: 0.9114 - recall: 0.9761
[1m 50/125[0m [32m━━━━━━━━[0m[37m━━━━━━━━━━━━[0m [1m17:26[0m 14s/step - accuracy: 0.9025 - dice_coeff: 0.8928 - iou_score: 0.8915 - loss: 0.3847 - precision: 0.9114 - recall: 0.9761
[1m 51/125[0m [32m━━━━━━━━[0m[37m━━━━━━━━━━━━[0m [1m17:13[0m 14s/step - accuracy: 0.9026 - dice_coeff: 0.8929 - iou_score: 0.8916 - loss: 0.3846 - precision: 0.9114 - recall: 0.9761
[1m 52/125[0m [32m━━━━━━━━[0m[37m━━━━━━━━━━━━[0m [1m17:00[0m 14s/step - accuracy: 0.9026 - dice_coeff: 0.8930 - iou_score: 0.8916 - loss: 0.3844 - precision: 0.9115 - recall: 0.9762
[1m 53/125[0m [32m━━━━━━━━[0m[37m━━━━━━━━━━━━[0m [1m16:46[0m 14s/step - accuracy: 0.9027 - dice_coeff: 0.8930 - iou_score: 0.8916 - loss: 0.3842 - precision: 0.9115 - recall: 0.9762
[1m 54/125[0m [32m━━━━━━━━[0m[37m━━━━━━━━━━━━[0m [1m16:33[0m 14s/step - accuracy: 0.9027 - dice_coeff: 0.8931 - iou_score: 0.8917 - loss: 0.3841 - precision: 0.9116 - recall: 0.9762
[1m 55/125[0m [32m━━━━━━━━[0m[37m━━━━━━━━━━━━[0m [1m16:20[0m 14s/step - accuracy: 0.9027 - dice_coeff: 0.8931 - iou_score: 0.8917 - loss: 0.3839 - precision: 0.9116 - recall: 0.9762
[1m 56/125[0m [32m━━━━━━━━[0m[37m━━━━━━━━━━━━[0m [1m16:07[0m 14s/step - accuracy: 0.9028 - dice_coeff: 0.8932 - iou_score: 0.8917 - loss: 0.3838 - precision: 0.9116 - recall: 0.9762
[1m 57/125[0m [32m━━━━━━━━━[0m[37m━━━━━━━━━━━[0m [1m15:54[0m 14s/step - accuracy: 0.9028 - dice_coeff: 0.8932 - iou_score: 0.8918 - loss: 0.3836 - precision: 0.9116 - recall: 0.9762
[1m 58/125[0m [32m━━━━━━━━━[0m[37m━━━━━━━━━━━[0m [1m15:33[0m 14s/step - accuracy: 0.9028 - dice_coeff: 0.8933 - iou_score: 0.8918 - loss: 0.3835 - precision: 0.9117 - recall: 0.9762
[1m 59/125[0m [32m━━━━━━━━━[0m[37m━━━━━━━━━━━[0m [1m15:18[0m 14s/step - accuracy: 0.9028 - dice_coeff: 0.8933 - iou_score: 0.8918 - loss: 0.3833 - precision: 0.9117 - recall: 0.9762
[1m 60/125[0m [32m━━━━━━━━━[0m[37m━━━━━━━━━━━[0m [1m15:05[0m 14s/step - accuracy: 0.9029 - dice_coeff: 0.8934 - iou_score: 0.8919 - loss: 0.3832 - precision: 0.9117 - recall: 0.9762
[1m 61/125[0m [32m━━━━━━━━━[0m[37m━━━━━━━━━━━[0m [1m14:51[0m 14s/step - accuracy: 0.9029 - dice_coeff: 0.8934 - iou_score: 0.8919 - loss: 0.3831 - precision: 0.9117 - recall: 0.9762
[1m 62/125[0m [32m━━━━━━━━━[0m[37m━━━━━━━━━━━[0m [1m14:37[0m 14s/step - accuracy: 0.9029 - dice_coeff: 0.8935 - iou_score: 0.8919 - loss: 0.3829 - precision: 0.9118 - recall: 0.9762
[1m 63/125[0m [32m━━━━━━━━━━[0m[37m━━━━━━━━━━[0m [1m14:23[0m 14s/step - accuracy: 0.9029 - dice_coeff: 0.8935 - iou_score: 0.8919 - loss: 0.3828 - precision: 0.9118 - recall: 0.9762
[1m 64/125[0m [32m━━━━━━━━━━[0m[37m━━━━━━━━━━[0m [1m14:10[0m 14s/step - accuracy: 0.9030 - dice_coeff: 0.8935 - iou_score: 0.8920 - loss: 0.3827 - precision: 0.9118 - recall: 0.9762
[1m 65/125[0m [32m━━━━━━━━━━[0m[37m━━━━━━━━━━[0m [1m13:56[0m 14s/step - accuracy: 0.9030 - dice_coeff: 0.8936 - iou_score: 0.8920 - loss: 0.3825 - precision: 0.9118 - recall: 0.9762
[1m 66/125[0m [32m━━━━━━━━━━[0m[37m━━━━━━━━━━[0m [1m13:42[0m 14s/step - accuracy: 0.9030 - dice_coeff: 0.8936 - iou_score: 0.8920 - loss: 0.3824 - precision: 0.9119 - recall: 0.9762
[1m 67/125[0m [32m━━━━━━━━━━[0m[37m━━━━━━━━━━[0m [1m13:28[0m 14s/step - accuracy: 0.9031 - dice_coeff: 0.8937 - iou_score: 0.8921 - loss: 0.3822 - precision: 0.9119 - recall: 0.9762
[1m 68/125[0m [32m━━━━━━━━━━[0m[37m━━━━━━━━━━[0m [1m13:15[0m 14s/step - accuracy: 0.9031 - dice_coeff: 0.8937 - iou_score: 0.8921 - loss: 0.3821 - precision: 0.9119 - recall: 0.9763
[1m 69/125[0m [32m━━━━━━━━━━━[0m[37m━━━━━━━━━[0m [1m13:01[0m 14s/step - accuracy: 0.9031 - dice_coeff: 0.8938 - iou_score: 0.8921 - loss: 0.3820 - precision: 0.9119 - recall: 0.9763
[1m 70/125[0m [32m━━━━━━━━━━━[0m[37m━━━━━━━━━[0m [1m12:47[0m 14s/step - accuracy: 0.9031 - dice_coeff: 0.8938 - iou_score: 0.8921 - loss: 0.3818 - precision: 0.9119 - recall: 0.9763
[1m 71/125[0m [32m━━━━━━━━━━━[0m[37m━━━━━━━━━[0m [1m12:33[0m 14s/step - accuracy: 0.9032 - dice_coeff: 0.8939 - iou_score: 0.8922 - loss: 0.3817 - precision: 0.9120 - recall: 0.9763
[1m 72/125[0m [32m━━━━━━━━━━━[0m[37m━━━━━━━━━[0m [1m12:19[0m 14s/step - accuracy: 0.9032 - dice_coeff: 0.8939 - iou_score: 0.8922 - loss: 0.3816 - precision: 0.9120 - recall: 0.9763
[1m 73/125[0m [32m━━━━━━━━━━━[0m[37m━━━━━━━━━[0m [1m12:05[0m 14s/step - accuracy: 0.9032 - dice_coeff: 0.8940 - iou_score: 0.8922 - loss: 0.3814 - precision: 0.9120 - recall: 0.9763
[1m 74/125[0m [32m━━━━━━━━━━━[0m[37m━━━━━━━━━[0m [1m11:52[0m 14s/step - accuracy: 0.9032 - dice_coeff: 0.8940 - iou_score: 0.8922 - loss: 0.3813 - precision: 0.9120 - recall: 0.9763
[1m 75/125[0m [32m━━━━━━━━━━━━[0m[37m━━━━━━━━[0m [1m11:38[0m 14s/step - accuracy: 0.9032 - dice_coeff: 0.8941 - iou_score: 0.8923 - loss: 0.3812 - precision: 0.9120 - recall: 0.9763
[1m 76/125[0m [32m━━━━━━━━━━━━[0m[37m━━━━━━━━[0m [1m11:24[0m 14s/step - accuracy: 0.9033 - dice_coeff: 0.8941 - iou_score: 0.8923 - loss: 0.3811 - precision: 0.9121 - recall: 0.9763
[1m 77/125[0m [32m━━━━━━━━━━━━[0m[37m━━━━━━━━[0m [1m11:10[0m 14s/step - accuracy: 0.9033 - dice_coeff: 0.8941 - iou_score: 0.8923 - loss: 0.3809 - precision: 0.9121 - recall: 0.9763
[1m 78/125[0m [32m━━━━━━━━━━━━[0m[37m━━━━━━━━[0m [1m10:56[0m 14s/step - accuracy: 0.9033 - dice_coeff: 0.8942 - iou_score: 0.8923 - loss: 0.3808 - precision: 0.9121 - recall: 0.9763
[1m 79/125[0m [32m━━━━━━━━━━━━[0m[37m━━━━━━━━[0m [1m10:42[0m 14s/step - accuracy: 0.9033 - dice_coeff: 0.8942 - iou_score: 0.8923 - loss: 0.3807 - precision: 0.9121 - recall: 0.9763
[1m 80/125[0m [32m━━━━━━━━━━━━[0m[37m━━━━━━━━[0m [1m10:28[0m 14s/step - accuracy: 0.9033 - dice_coeff: 0.8943 - iou_score: 0.8924 - loss: 0.3806 - precision: 0.9121 - recall: 0.9763
[1m 81/125[0m [32m━━━━━━━━━━━━[0m[37m━━━━━━━━[0m [1m10:14[0m 14s/step - accuracy: 0.9034 - dice_coeff: 0.8943 - iou_score: 0.8924 - loss: 0.3805 - precision: 0.9121 - recall: 0.9763
[1m 82/125[0m [32m━━━━━━━━━━━━━[0m[37m━━━━━━━[0m [1m10:00[0m 14s/step - accuracy: 0.9034 - dice_coeff: 0.8943 - iou_score: 0.8924 - loss: 0.3803 - precision: 0.9121 - recall: 0.9764
[1m 83/125[0m [32m━━━━━━━━━━━━━[0m[37m━━━━━━━[0m [1m9:46[0m 14s/step - accuracy: 0.9034 - dice_coeff: 0.8944 - iou_score: 0.8924 - loss: 0.3802 - precision: 0.9122 - recall: 0.9764 
[1m 84/125[0m [32m━━━━━━━━━━━━━[0m[37m━━━━━━━[0m [1m9:32[0m 14s/step - accuracy: 0.9034 - dice_coeff: 0.8944 - iou_score: 0.8924 - loss: 0.3801 - precision: 0.9122 - recall: 0.9764
[1m 85/125[0m [32m━━━━━━━━━━━━━[0m[37m━━━━━━━[0m [1m9:19[0m 14s/step - accuracy: 0.9034 - dice_coeff: 0.8945 - iou_score: 0.8925 - loss: 0.3800 - precision: 0.9122 - recall: 0.9764
[1m 86/125[0m [32m━━━━━━━━━━━━━[0m[37m━━━━━━━[0m [1m9:05[0m 14s/step - accuracy: 0.9034 - dice_coeff: 0.8945 - iou_score: 0.8925 - loss: 0.3799 - precision: 0.9122 - recall: 0.9764
[1m 87/125[0m [32m━━━━━━━━━━━━━[0m[37m━━━━━━━[0m [1m8:51[0m 14s/step - accuracy: 0.9035 - dice_coeff: 0.8945 - iou_score: 0.8925 - loss: 0.3798 - precision: 0.9122 - recall: 0.9764
[1m 88/125[0m [32m━━━━━━━━━━━━━━[0m[37m━━━━━━[0m [1m8:37[0m 14s/step - accuracy: 0.9035 - dice_coeff: 0.8946 - iou_score: 0.8925 - loss: 0.3797 - precision: 0.9122 - recall: 0.9764
[1m 89/125[0m [32m━━━━━━━━━━━━━━[0m[37m━━━━━━[0m [1m8:23[0m 14s/step - accuracy: 0.9035 - dice_coeff: 0.8946 - iou_score: 0.8925 - loss: 0.3795 - precision: 0.9122 - recall: 0.9764
[1m 90/125[0m [32m━━━━━━━━━━━━━━[0m[37m━━━━━━[0m [1m8:09[0m 14s/step - accuracy: 0.9035 - dice_coeff: 0.8947 - iou_score: 0.8925 - loss: 0.3794 - precision: 0.9122 - recall: 0.9764
[1m 91/125[0m [32m━━━━━━━━━━━━━━[0m[37m━━━━━━[0m [1m7:55[0m 14s/step - accuracy: 0.9035 - dice_coeff: 0.8947 - iou_score: 0.8926 - loss: 0.3793 - precision: 0.9123 - recall: 0.9764
[1m 92/125[0m [32m━━━━━━━━━━━━━━[0m[37m━━━━━━[0m [1m7:41[0m 14s/step - accuracy: 0.9035 - dice_coeff: 0.8947 - iou_score: 0.8926 - loss: 0.3792 - precision: 0.9123 - recall: 0.9764
[1m 93/125[0m [32m━━━━━━━━━━━━━━[0m[37m━━━━━━[0m [1m7:27[0m 14s/step - accuracy: 0.9036 - dice_coeff: 0.8948 - iou_score: 0.8926 - loss: 0.3791 - precision: 0.9123 - recall: 0.9764
[1m 94/125[0m [32m━━━━━━━━━━━━━━━[0m[37m━━━━━[0m [1m7:13[0m 14s/step - accuracy: 0.9036 - dice_coeff: 0.8948 - iou_score: 0.8926 - loss: 0.3790 - precision: 0.9123 - recall: 0.9764
[1m 95/125[0m [32m━━━━━━━━━━━━━━━[0m[37m━━━━━[0m [1m6:59[0m 14s/step - accuracy: 0.9036 - dice_coeff: 0.8948 - iou_score: 0.8926 - loss: 0.3789 - precision: 0.9123 - recall: 0.9764
[1m 96/125[0m [32m━━━━━━━━━━━━━━━[0m[37m━━━━━[0m [1m6:45[0m 14s/step - accuracy: 0.9036 - dice_coeff: 0.8949 - iou_score: 0.8926 - loss: 0.3788 - precision: 0.9123 - recall: 0.9764
[1m 97/125[0m [32m━━━━━━━━━━━━━━━[0m[37m━━━━━[0m [1m6:31[0m 14s/step - accuracy: 0.9036 - dice_coeff: 0.8949 - iou_score: 0.8926 - loss: 0.3787 - precision: 0.9123 - recall: 0.9765
[1m 98/125[0m [32m━━━━━━━━━━━━━━━[0m[37m━━━━━[0m [1m6:17[0m 14s/step - accuracy: 0.9036 - dice_coeff: 0.8950 - iou_score: 0.8927 - loss: 0.3786 - precision: 0.9123 - recall: 0.9765
[1m 99/125[0m [32m━━━━━━━━━━━━━━━[0m[37m━━━━━[0m [1m6:03[0m 14s/step - accuracy: 0.9037 - dice_coeff: 0.8950 - iou_score: 0.8927 - loss: 0.3784 - precision: 0.9123 - recall: 0.9765
[1m100/125[0m [32m━━━━━━━━━━━━━━━━[0m[37m━━━━[0m [1m5:49[0m 14s/step - accuracy: 0.9037 - dice_coeff: 0.8950 - iou_score: 0.8927 - loss: 0.3783 - precision: 0.9124 - recall: 0.9765
[1m101/125[0m [32m━━━━━━━━━━━━━━━━[0m[37m━━━━[0m [1m5:35[0m 14s/step - accuracy: 0.9037 - dice_coeff: 0.8951 - iou_score: 0.8927 - loss: 0.3782 - precision: 0.9124 - recall: 0.9765
[1m102/125[0m [32m━━━━━━━━━━━━━━━━[0m[37m━━━━[0m [1m5:21[0m 14s/step - accuracy: 0.9037 - dice_coeff: 0.8951 - iou_score: 0.8927 - loss: 0.3781 - precision: 0.9124 - recall: 0.9765
[1m103/125[0m [32m━━━━━━━━━━━━━━━━[0m[37m━━━━[0m [1m5:07[0m 14s/step - accuracy: 0.9037 - dice_coeff: 0.8952 - iou_score: 0.8927 - loss: 0.3780 - precision: 0.9124 - recall: 0.9765
[1m104/125[0m [32m━━━━━━━━━━━━━━━━[0m[37m━━━━[0m [1m4:53[0m 14s/step - accuracy: 0.9037 - dice_coeff: 0.8952 - iou_score: 0.8928 - loss: 0.3779 - precision: 0.9124 - recall: 0.9765
[1m105/125[0m [32m━━━━━━━━━━━━━━━━[0m[37m━━━━[0m [1m4:39[0m 14s/step - accuracy: 0.9038 - dice_coeff: 0.8952 - iou_score: 0.8928 - loss: 0.3778 - precision: 0.9124 - recall: 0.9765
[1m106/125[0m [32m━━━━━━━━━━━━━━━━[0m[37m━━━━[0m [1m4:25[0m 14s/step - accuracy: 0.9038 - dice_coeff: 0.8953 - iou_score: 0.8928 - loss: 0.3777 - precision: 0.9124 - recall: 0.9765
[1m107/125[0m [32m━━━━━━━━━━━━━━━━━[0m[37m━━━[0m [1m4:11[0m 14s/step - accuracy: 0.9038 - dice_coeff: 0.8953 - iou_score: 0.8928 - loss: 0.3775 - precision: 0.9124 - recall: 0.9765
[1m108/125[0m [32m━━━━━━━━━━━━━━━━━[0m[37m━━━[0m [1m3:57[0m 14s/step - accuracy: 0.9038 - dice_coeff: 0.8953 - iou_score: 0.8928 - loss: 0.3774 - precision: 0.9125 - recall: 0.9765
[1m109/125[0m [32m━━━━━━━━━━━━━━━━━[0m[37m━━━[0m [1m3:43[0m 14s/step - accuracy: 0.9038 - dice_coeff: 0.8954 - iou_score: 0.8929 - loss: 0.3773 - precision: 0.9125 - recall: 0.9765
[1m110/125[0m [32m━━━━━━━━━━━━━━━━━[0m[37m━━━[0m [1m3:29[0m 14s/step - accuracy: 0.9038 - dice_coeff: 0.8954 - iou_score: 0.8929 - loss: 0.3772 - precision: 0.9125 - recall: 0.9765
[1m111/125[0m [32m━━━━━━━━━━━━━━━━━[0m[37m━━━[0m [1m3:15[0m 14s/step - accuracy: 0.9039 - dice_coeff: 0.8955 - iou_score: 0.8929 - loss: 0.3771 - precision: 0.9125 - recall: 0.9765
[1m112/125[0m [32m━━━━━━━━━━━━━━━━━[0m[37m━━━[0m [1m3:01[0m 14s/step - accuracy: 0.9039 - dice_coeff: 0.8955 - iou_score: 0.8929 - loss: 0.3770 - precision: 0.9125 - recall: 0.9765
[1m113/125[0m [32m━━━━━━━━━━━━━━━━━━[0m[37m━━[0m [1m2:47[0m 14s/step - accuracy: 0.9039 - dice_coeff: 0.8955 - iou_score: 0.8929 - loss: 0.3769 - precision: 0.9125 - recall: 0.9765
[1m114/125[0m [32m━━━━━━━━━━━━━━━━━━[0m[37m━━[0m [1m2:33[0m 14s/step - accuracy: 0.9039 - dice_coeff: 0.8956 - iou_score: 0.8929 - loss: 0.3768 - precision: 0.9125 - recall: 0.9765
[1m115/125[0m [32m━━━━━━━━━━━━━━━━━━[0m[37m━━[0m [1m2:19[0m 14s/step - accuracy: 0.9039 - dice_coeff: 0.8956 - iou_score: 0.8930 - loss: 0.3766 - precision: 0.9126 - recall: 0.9765
[1m116/125[0m [32m━━━━━━━━━━━━━━━━━━[0m[37m━━[0m [1m2:05[0m 14s/step - accuracy: 0.9040 - dice_coeff: 0.8956 - iou_score: 0.8930 - loss: 0.3765 - precision: 0.9126 - recall: 0.9766
[1m117/125[0m [32m━━━━━━━━━━━━━━━━━━[0m[37m━━[0m [1m1:51[0m 14s/step - accuracy: 0.9040 - dice_coeff: 0.8957 - iou_score: 0.8930 - loss: 0.3764 - precision: 0.9126 - recall: 0.9766
[1m118/125[0m [32m━━━━━━━━━━━━━━━━━━[0m[37m━━[0m [1m1:37[0m 14s/step - accuracy: 0.9040 - dice_coeff: 0.8957 - iou_score: 0.8930 - loss: 0.3763 - precision: 0.9126 - recall: 0.9766
[1m119/125[0m [32m━━━━━━━━━━━━━━━━━━━[0m[37m━[0m [1m1:23[0m 14s/step - accuracy: 0.9040 - dice_coeff: 0.8958 - iou_score: 0.8930 - loss: 0.3762 - precision: 0.9126 - recall: 0.9766
[1m120/125[0m [32m━━━━━━━━━━━━━━━━━━━[0m[37m━[0m [1m1:09[0m 14s/step - accuracy: 0.9040 - dice_coeff: 0.8958 - iou_score: 0.8930 - loss: 0.3761 - precision: 0.9126 - recall: 0.9766
[1m121/125[0m [32m━━━━━━━━━━━━━━━━━━━[0m[37m━[0m [1m55s[0m 14s/step - accuracy: 0.9040 - dice_coeff: 0.8958 - iou_score: 0.8931 - loss: 0.3760 - precision: 0.9127 - recall: 0.9766 
[1m122/125[0m [32m━━━━━━━━━━━━━━━━━━━[0m[37m━[0m [1m41s[0m 14s/step - accuracy: 0.9041 - dice_coeff: 0.8959 - iou_score: 0.8931 - loss: 0.3759 - precision: 0.9127 - recall: 0.9766
[1m123/125[0m [32m━━━━━━━━━━━━━━━━━━━[0m[37m━[0m [1m27s[0m 14s/step - accuracy: 0.9041 - dice_coeff: 0.8959 - iou_score: 0.8931 - loss: 0.3758 - precision: 0.9127 - recall: 0.9766
[1m124/125[0m [32m━━━━━━━━━━━━━━━━━━━[0m[37m━[0m [1m13s[0m 14s/step - accuracy: 0.9041 - dice_coeff: 0.8959 - iou_score: 0.8931 - loss: 0.3757 - precision: 0.9127 - recall: 0.9766
[1m125/125[0m [32m━━━━━━━━━━━━━━━━━━━━[0m[37m[0m [1m0s[0m 14s/step - accuracy: 0.9041 - dice_coeff: 0.8960 - iou_score: 0.8931 - loss: 0.3756 - precision: 0.9127 - recall: 0.9766 
Epoch 2: val_dice_coeff improved from 0.80884 to 0.87870, saving model to models/best_model.keras

Epoch 2: finished saving model to models/best_model.keras

[1m125/125[0m [32m━━━━━━━━━━━━━━━━━━━━[0m[37m[0m [1m1890s[0m 15s/step - accuracy: 0.9063 - dice_coeff: 0.9004 - iou_score: 0.8953 - loss: 0.3624 - precision: 0.9146 - recall: 0.9770 - val_accuracy: 0.7963 - val_dice_coeff: 0.8787 - val_iou_score: 0.7958 - val_loss: 0.9582 - val_precision: 0.7958 - val_recall: 1.0000 - learning_rate: 5.0000e-05
Epoch 3/100

[1m  1/125[0m [37m━━━━━━━━━━━━━━━━━━━━[0m [1m32:47[0m 16s/step - accuracy: 0.9187 - dice_coeff: 0.9106 - iou_score: 0.9078 - loss: 0.3213 - precision: 0.9268 - recall: 0.9779
[1m  2/125[0m [37m━━━━━━━━━━━━━━━━━━━━[0m [1m28:54[0m 14s/step - accuracy: 0.9192 - dice_coeff: 0.9107 - iou_score: 0.9081 - loss: 0.3203 - precision: 0.9285 - recall: 0.9764
[1m  3/125[0m [37m━━━━━━━━━━━━━━━━━━━━[0m [1m28:30[0m 14s/step - accuracy: 0.9184 - dice_coeff: 0.9106 - iou_score: 0.9073 - loss: 0.3218 - precision: 0.9271 - recall: 0.9770
[1m  4/125[0m [37m━━━━━━━━━━━━━━━━━━━━[0m [1m28:14[0m 14s/step - accuracy: 0.9178 - dice_coeff: 0.9108 - iou_score: 0.9067 - loss: 0.3223 - precision: 0.9261 - recall: 0.9775
[1m  5/125[0m [37m━━━━━━━━━━━━━━━━━━━━[0m [1m28:00[0m 14s/step - accuracy: 0.9170 - dice_coeff: 0.9106 - iou_score: 0.9059 - loss: 0.3237 - precision: 0.9250 - recall: 0.9778
[1m  6/125[0m [37m━━━━━━━━━━━━━━━━━━━━[0m [1m27:40[0m 14s/step - accuracy: 0.9165 - dice_coeff: 0.9105 - iou_score: 0.9055 - loss: 0.3245 - precision: 0.9245 - recall: 0.9779
[1m  7/125[0m [32m━[0m[37m━━━━━━━━━━━━━━━━━━━[0m [1m27:24[0m 14s/step - accuracy: 0.9161 - dice_coeff: 0.9105 - iou_score: 0.9052 - loss: 0.3253 - precision: 0.9244 - recall: 0.9777
[1m  8/125[0m [32m━[0m[37m━━━━━━━━━━━━━━━━━━━[0m [1m27:05[0m 14s/step - accuracy: 0.9161 - dice_coeff: 0.9106 - iou_score: 0.9052 - loss: 0.3253 - precision: 0.9245 - recall: 0.9775
[1m  9/125[0m [32m━[0m[37m━━━━━━━━━━━━━━━━━━━[0m [1m26:51[0m 14s/step - accuracy: 0.9161 - dice_coeff: 0.9107 - iou_score: 0.9053 - loss: 0.3250 - precision: 0.9247 - recall: 0.9774
[1m 10/125[0m [32m━[0m[37m━━━━━━━━━━━━━━━━━━━[0m [1m26:39[0m 14s/step - accuracy: 0.9160 - dice_coeff: 0.9108 - iou_score: 0.9053 - loss: 0.3249 - precision: 0.9248 - recall: 0.9774
[1m 11/125[0m [32m━[0m[37m━━━━━━━━━━━━━━━━━━━[0m [1m26:31[0m 14s/step - accuracy: 0.9159 - dice_coeff: 0.9108 - iou_score: 0.9052 - loss: 0.3251 - precision: 0.9247 - recall: 0.9773
[1m 12/125[0m [32m━[0m[37m━━━━━━━━━━━━━━━━━━━[0m [1m26:16[0m 14s/step - accuracy: 0.9159 - dice_coeff: 0.9109 - iou_score: 0.9052 - loss: 0.3250 - precision: 0.9247 - recall: 0.9773
[1m 13/125[0m [32m━━[0m[37m━━━━━━━━━━━━━━━━━━[0m [1m26:02[0m 14s/step - accuracy: 0.9158 - dice_coeff: 0.9109 - iou_score: 0.9051 - loss: 0.3252 - precision: 0.9246 - recall: 0.9773
[1m 14/125[0m [32m━━[0m[37m━━━━━━━━━━━━━━━━━━[0m [1m25:48[0m 14s/step - accuracy: 0.9156 - dice_coeff: 0.9109 - iou_score: 0.9051 - loss: 0.3254 - precision: 0.9245 - recall: 0.9774
[1m 15/125[0m [32m━━[0m[37m━━━━━━━━━━━━━━━━━━[0m [1m25:33[0m 14s/step - accuracy: 0.9156 - dice_coeff: 0.9110 - iou_score: 0.9051 - loss: 0.3254 - precision: 0.9244 - recall: 0.9774
[1m 16/125[0m [32m━━[0m[37m━━━━━━━━━━━━━━━━━━[0m [1m25:18[0m 14s/step - accuracy: 0.9155 - dice_coeff: 0.9110 - iou_score: 0.9050 - loss: 0.3255 - precision: 0.9243 - recall: 0.9775
[1m 17/125[0m [32m━━[0m[37m━━━━━━━━━━━━━━━━━━[0m [1m25:03[0m 14s/step - accuracy: 0.9154 - dice_coeff: 0.9110 - iou_score: 0.9049 - loss: 0.3256 - precision: 0.9242 - recall: 0.9775
[1m 18/125[0m [32m━━[0m[37m━━━━━━━━━━━━━━━━━━[0m [1m24:49[0m 14s/step - accuracy: 0.9154 - dice_coeff: 0.9110 - iou_score: 0.9049 - loss: 0.3257 - precision: 0.9241 - recall: 0.9776
[1m 19/125[0m [32m━━━[0m[37m━━━━━━━━━━━━━━━━━[0m [1m24:34[0m 14s/step - accuracy: 0.9153 - dice_coeff: 0.9110 - iou_score: 0.9048 - loss: 0.3259 - precision: 0.9240 - recall: 0.9776
[1m 20/125[0m [32m━━━[0m[37m━━━━━━━━━━━━━━━━━[0m [1m24:19[0m 14s/step - accuracy: 0.9151 - dice_coeff: 0.9110 - iou_score: 0.9047 - loss: 0.3261 - precision: 0.9238 - recall: 0.9776
[1m 21/125[0m [32m━━━[0m[37m━━━━━━━━━━━━━━━━━[0m [1m24:04[0m 14s/step - accuracy: 0.9150 - dice_coeff: 0.9109 - iou_score: 0.9045 - loss: 0.3263 - precision: 0.9237 - recall: 0.9776
[1m 22/125[0m [32m━━━[0m[37m━━━━━━━━━━━━━━━━━[0m [1m23:50[0m 14s/step - accuracy: 0.9149 - dice_coeff: 0.9109 - iou_score: 0.9045 - loss: 0.3265 - precision: 0.9237 - recall: 0.9776
[1m 23/125[0m [32m━━━[0m[37m━━━━━━━━━━━━━━━━━[0m [1m23:37[0m 14s/step - accuracy: 0.9148 - dice_coeff: 0.9109 - iou_score: 0.9044 - loss: 0.3267 - precision: 0.9236 - recall: 0.9776
[1m 24/125[0m [32m━━━[0m[37m━━━━━━━━━━━━━━━━━[0m [1m23:21[0m 14s/step - accuracy: 0.9148 - dice_coeff: 0.9109 - iou_score: 0.9043 - loss: 0.3268 - precision: 0.9235 - recall: 0.9776
[1m 25/125[0m [32m━━━━[0m[37m━━━━━━━━━━━━━━━━[0m [1m23:06[0m 14s/step - accuracy: 0.9147 - dice_coeff: 0.9109 - iou_score: 0.9043 - loss: 0.3269 - precision: 0.9235 - recall: 0.9776
[1m 26/125[0m [32m━━━━[0m[37m━━━━━━━━━━━━━━━━[0m [1m22:51[0m 14s/step - accuracy: 0.9147 - dice_coeff: 0.9109 - iou_score: 0.9042 - loss: 0.3270 - precision: 0.9234 - recall: 0.9776
[1m 27/125[0m [32m━━━━[0m[37m━━━━━━━━━━━━━━━━[0m [1m22:38[0m 14s/step - accuracy: 0.9147 - dice_coeff: 0.9109 - iou_score: 0.9042 - loss: 0.3270 - precision: 0.9234 - recall: 0.9776
[1m 28/125[0m [32m━━━━[0m[37m━━━━━━━━━━━━━━━━[0m [1m22:23[0m 14s/step - accuracy: 0.9146 - dice_coeff: 0.9109 - iou_score: 0.9042 - loss: 0.3270 - precision: 0.9233 - recall: 0.9776
[1m 29/125[0m [32m━━━━[0m[37m━━━━━━━━━━━━━━━━[0m [1m22:09[0m 14s/step - accuracy: 0.9146 - dice_coeff: 0.9109 - iou_score: 0.9041 - loss: 0.3271 - precision: 0.9233 - recall: 0.9776
[1m 30/125[0m [32m━━━━[0m[37m━━━━━━━━━━━━━━━━[0m [1m21:54[0m 14s/step - accuracy: 0.9146 - dice_coeff: 0.9109 - iou_score: 0.9041 - loss: 0.3271 - precision: 0.9232 - recall: 0.9777
[1m 31/125[0m [32m━━━━[0m[37m━━━━━━━━━━━━━━━━[0m [1m21:41[0m 14s/step - accuracy: 0.9145 - dice_coeff: 0.9109 - iou_score: 0.9041 - loss: 0.3272 - precision: 0.9232 - recall: 0.9777
[1m 32/125[0m [32m━━━━━[0m[37m━━━━━━━━━━━━━━━[0m [1m21:27[0m 14s/step - accuracy: 0.9145 - dice_coeff: 0.9109 - iou_score: 0.9040 - loss: 0.3272 - precision: 0.9231 - recall: 0.9777
[1m 33/125[0m [32m━━━━━[0m[37m━━━━━━━━━━━━━━━[0m [1m21:12[0m 14s/step - accuracy: 0.9144 - dice_coeff: 0.9109 - iou_score: 0.9040 - loss: 0.3273 - precision: 0.9230 - recall: 0.9777
[1m 34/125[0m [32m━━━━━[0m[37m━━━━━━━━━━━━━━━[0m [1m20:58[0m 14s/step - accuracy: 0.9144 - dice_coeff: 0.9109 - iou_score: 0.9039 - loss: 0.3274 - precision: 0.9230 - recall: 0.9777
[1m 35/125[0m [32m━━━━━[0m[37m━━━━━━━━━━━━━━━[0m [1m20:43[0m 14s/step - accuracy: 0.9143 - dice_coeff: 0.9109 - iou_score: 0.9039 - loss: 0.3275 - precision: 0.9229 - recall: 0.9777
[1m 36/125[0m [32m━━━━━[0m[37m━━━━━━━━━━━━━━━[0m [1m20:30[0m 14s/step - accuracy: 0.9143 - dice_coeff: 0.9109 - iou_score: 0.9038 - loss: 0.3276 - precision: 0.9229 - recall: 0.9777
[1m 37/125[0m [32m━━━━━[0m[37m━━━━━━━━━━━━━━━[0m [1m20:16[0m 14s/step - accuracy: 0.9142 - dice_coeff: 0.9108 - iou_score: 0.9038 - loss: 0.3277 - precision: 0.9228 - recall: 0.9777
[1m 38/125[0m [32m━━━━━━[0m[37m━━━━━━━━━━━━━━[0m [1m20:03[0m 14s/step - accuracy: 0.9142 - dice_coeff: 0.9108 - iou_score: 0.9037 - loss: 0.3278 - precision: 0.9228 - recall: 0.9777
[1m 39/125[0m [32m━━━━━━[0m[37m━━━━━━━━━━━━━━[0m [1m19:49[0m 14s/step - accuracy: 0.9141 - dice_coeff: 0.9108 - iou_score: 0.9036 - loss: 0.3280 - precision: 0.9227 - recall: 0.9777
[1m 40/125[0m [32m━━━━━━[0m[37m━━━━━━━━━━━━━━[0m [1m19:35[0m 14s/step - accuracy: 0.9140 - dice_coeff: 0.9108 - iou_score: 0.9036 - loss: 0.3281 - precision: 0.9226 - recall: 0.9777
[1m 41/125[0m [32m━━━━━━[0m[37m━━━━━━━━━━━━━━[0m [1m19:22[0m 14s/step - accuracy: 0.9140 - dice_coeff: 0.9108 - iou_score: 0.9035 - loss: 0.3282 - precision: 0.9226 - recall: 0.9777
[1m 42/125[0m [32m━━━━━━[0m[37m━━━━━━━━━━━━━━[0m [1m19:08[0m 14s/step - accuracy: 0.9140 - dice_coeff: 0.9107 - iou_score: 0.9035 - loss: 0.3283 - precision: 0.9225 - recall: 0.9777
[1m 43/125[0m [32m━━━━━━[0m[37m━━━━━━━━━━━━━━[0m [1m18:54[0m 14s/step - accuracy: 0.9139 - dice_coeff: 0.9107 - iou_score: 0.9034 - loss: 0.3284 - precision: 0.9225 - recall: 0.9777
[1m 44/125[0m [32m━━━━━━━[0m[37m━━━━━━━━━━━━━[0m [1m18:41[0m 14s/step - accuracy: 0.9139 - dice_coeff: 0.9107 - iou_score: 0.9034 - loss: 0.3285 - precision: 0.9224 - recall: 0.9777
[1m 45/125[0m [32m━━━━━━━[0m[37m━━━━━━━━━━━━━[0m [1m18:27[0m 14s/step - accuracy: 0.9138 - dice_coeff: 0.9107 - iou_score: 0.9033 - loss: 0.3285 - precision: 0.9224 - recall: 0.9777
[1m 46/125[0m [32m━━━━━━━[0m[37m━━━━━━━━━━━━━[0m [1m18:13[0m 14s/step - accuracy: 0.9138 - dice_coeff: 0.9107 - iou_score: 0.9033 - loss: 0.3286 - precision: 0.9223 - recall: 0.9777
[1m 47/125[0m [32m━━━━━━━[0m[37m━━━━━━━━━━━━━[0m [1m17:59[0m 14s/step - accuracy: 0.9137 - dice_coeff: 0.9107 - iou_score: 0.9032 - loss: 0.3287 - precision: 0.9223 - recall: 0.9777
[1m 48/125[0m [32m━━━━━━━[0m[37m━━━━━━━━━━━━━[0m [1m17:46[0m 14s/step - accuracy: 0.9137 - dice_coeff: 0.9107 - iou_score: 0.9032 - loss: 0.3288 - precision: 0.9222 - recall: 0.9777
[1m 49/125[0m [32m━━━━━━━[0m[37m━━━━━━━━━━━━━[0m [1m17:34[0m 14s/step - accuracy: 0.9137 - dice_coeff: 0.9107 - iou_score: 0.9031 - loss: 0.3289 - precision: 0.9222 - recall: 0.9777
[1m 50/125[0m [32m━━━━━━━━[0m[37m━━━━━━━━━━━━[0m [1m17:21[0m 14s/step - accuracy: 0.9136 - dice_coeff: 0.9106 - iou_score: 0.9031 - loss: 0.3289 - precision: 0.9222 - recall: 0.9777
[1m 51/125[0m [32m━━━━━━━━[0m[37m━━━━━━━━━━━━[0m [1m17:08[0m 14s/step - accuracy: 0.9136 - dice_coeff: 0.9106 - iou_score: 0.9031 - loss: 0.3290 - precision: 0.9221 - recall: 0.9777
[1m 52/125[0m [32m━━━━━━━━[0m[37m━━━━━━━━━━━━[0m [1m16:55[0m 14s/step - accuracy: 0.9136 - dice_coeff: 0.9106 - iou_score: 0.9030 - loss: 0.3291 - precision: 0.9221 - recall: 0.9777
[1m 53/125[0m [32m━━━━━━━━[0m[37m━━━━━━━━━━━━[0m [1m16:41[0m 14s/step - accuracy: 0.9135 - dice_coeff: 0.9106 - iou_score: 0.9030 - loss: 0.3291 - precision: 0.9221 - recall: 0.9777
[1m 54/125[0m [32m━━━━━━━━[0m[37m━━━━━━━━━━━━[0m [1m16:28[0m 14s/step - accuracy: 0.9135 - dice_coeff: 0.9106 - iou_score: 0.9030 - loss: 0.3292 - precision: 0.9220 - recall: 0.9777
[1m 55/125[0m [32m━━━━━━━━[0m[37m━━━━━━━━━━━━[0m [1m16:14[0m 14s/step - accuracy: 0.9134 - dice_coeff: 0.9106 - iou_score: 0.9029 - loss: 0.3292 - precision: 0.9220 - recall: 0.9777
[1m 56/125[0m [32m━━━━━━━━[0m[37m━━━━━━━━━━━━[0m [1m15:58[0m 14s/step - accuracy: 0.9134 - dice_coeff: 0.9106 - iou_score: 0.9029 - loss: 0.3293 - precision: 0.9220 - recall: 0.9777
[1m 57/125[0m [32m━━━━━━━━━[0m[37m━━━━━━━━━━━[0m [1m15:36[0m 14s/step - accuracy: 0.9134 - dice_coeff: 0.9106 - iou_score: 0.9029 - loss: 0.3294 - precision: 0.9219 - recall: 0.9777
[1m 58/125[0m [32m━━━━━━━━━[0m[37m━━━━━━━━━━━[0m [1m15:23[0m 14s/step - accuracy: 0.9134 - dice_coeff: 0.9106 - iou_score: 0.9028 - loss: 0.3294 - precision: 0.9219 - recall: 0.9777
[1m 59/125[0m [32m━━━━━━━━━[0m[37m━━━━━━━━━━━[0m [1m15:09[0m 14s/step - accuracy: 0.9133 - dice_coeff: 0.9106 - iou_score: 0.9028 - loss: 0.3295 - precision: 0.9218 - recall: 0.9777
[1m 60/125[0m [32m━━━━━━━━━[0m[37m━━━━━━━━━━━[0m [1m14:55[0m 14s/step - accuracy: 0.9133 - dice_coeff: 0.9106 - iou_score: 0.9027 - loss: 0.3295 - precision: 0.9218 - recall: 0.9777
[1m 61/125[0m [32m━━━━━━━━━[0m[37m━━━━━━━━━━━[0m [1m14:42[0m 14s/step - accuracy: 0.9133 - dice_coeff: 0.9106 - iou_score: 0.9027 - loss: 0.3296 - precision: 0.9218 - recall: 0.9777
[1m 62/125[0m [32m━━━━━━━━━[0m[37m━━━━━━━━━━━[0m [1m14:28[0m 14s/step - accuracy: 0.9132 - dice_coeff: 0.9106 - iou_score: 0.9027 - loss: 0.3296 - precision: 0.9217 - recall: 0.9777
[1m 63/125[0m [32m━━━━━━━━━━[0m[37m━━━━━━━━━━[0m [1m14:14[0m 14s/step - accuracy: 0.9132 - dice_coeff: 0.9106 - iou_score: 0.9027 - loss: 0.3297 - precision: 0.9217 - recall: 0.9777
[1m 64/125[0m [32m━━━━━━━━━━[0m[37m━━━━━━━━━━[0m [1m14:00[0m 14s/step - accuracy: 0.9132 - dice_coeff: 0.9105 - iou_score: 0.9026 - loss: 0.3297 - precision: 0.9217 - recall: 0.9777
[1m 65/125[0m [32m━━━━━━━━━━[0m[37m━━━━━━━━━━[0m [1m13:47[0m 14s/step - accuracy: 0.9132 - dice_coeff: 0.9105 - iou_score: 0.9026 - loss: 0.3297 - precision: 0.9217 - recall: 0.9777
[1m 66/125[0m [32m━━━━━━━━━━[0m[37m━━━━━━━━━━[0m [1m13:33[0m 14s/step - accuracy: 0.9131 - dice_coeff: 0.9105 - iou_score: 0.9026 - loss: 0.3298 - precision: 0.9216 - recall: 0.9777
[1m 67/125[0m [32m━━━━━━━━━━[0m[37m━━━━━━━━━━[0m [1m13:20[0m 14s/step - accuracy: 0.9131 - dice_coeff: 0.9105 - iou_score: 0.9026 - loss: 0.3298 - precision: 0.9216 - recall: 0.9777
[1m 68/125[0m [32m━━━━━━━━━━[0m[37m━━━━━━━━━━[0m [1m13:06[0m 14s/step - accuracy: 0.9131 - dice_coeff: 0.9105 - iou_score: 0.9026 - loss: 0.3298 - precision: 0.9216 - recall: 0.9777
[1m 69/125[0m [32m━━━━━━━━━━━[0m[37m━━━━━━━━━[0m [1m12:52[0m 14s/step - accuracy: 0.9131 - dice_coeff: 0.9105 - iou_score: 0.9025 - loss: 0.3298 - precision: 0.9216 - recall: 0.9777
[1m 70/125[0m [32m━━━━━━━━━━━[0m[37m━━━━━━━━━[0m [1m12:38[0m 14s/step - accuracy: 0.9131 - dice_coeff: 0.9105 - iou_score: 0.9025 - loss: 0.3299 - precision: 0.9215 - recall: 0.9777
[1m 71/125[0m [32m━━━━━━━━━━━[0m[37m━━━━━━━━━[0m [1m12:25[0m 14s/step - accuracy: 0.9131 - dice_coeff: 0.9105 - iou_score: 0.9025 - loss: 0.3299 - precision: 0.9215 - recall: 0.9777
[1m 72/125[0m [32m━━━━━━━━━━━[0m[37m━━━━━━━━━[0m [1m12:11[0m 14s/step - accuracy: 0.9130 - dice_coeff: 0.9105 - iou_score: 0.9025 - loss: 0.3299 - precision: 0.9215 - recall: 0.9777
[1m 73/125[0m [32m━━━━━━━━━━━[0m[37m━━━━━━━━━[0m [1m11:57[0m 14s/step - accuracy: 0.9130 - dice_coeff: 0.9105 - iou_score: 0.9025 - loss: 0.3299 - precision: 0.9215 - recall: 0.9777
[1m 74/125[0m [32m━━━━━━━━━━━[0m[37m━━━━━━━━━[0m [1m11:44[0m 14s/step - accuracy: 0.9130 - dice_coeff: 0.9105 - iou_score: 0.9024 - loss: 0.3299 - precision: 0.9215 - recall: 0.9777
[1m 75/125[0m [32m━━━━━━━━━━━━[0m[37m━━━━━━━━[0m [1m14:38[0m 18s/step - accuracy: 0.9130 - dice_coeff: 0.9105 - iou_score: 0.9024 - loss: 0.3300 - precision: 0.9214 - recall: 0.9777
[1m 76/125[0m [32m━━━━━━━━━━━━[0m[37m━━━━━━━━[0m [1m14:17[0m 18s/step - accuracy: 0.9130 - dice_coeff: 0.9105 - iou_score: 0.9024 - loss: 0.3300 - precision: 0.9214 - recall: 0.9777
[1m 77/125[0m [32m━━━━━━━━━━━━[0m[37m━━━━━━━━[0m [1m13:57[0m 17s/step - accuracy: 0.9130 - dice_coeff: 0.9105 - iou_score: 0.9024 - loss: 0.3300 - precision: 0.9214 - recall: 0.9777
[1m 78/125[0m [32m━━━━━━━━━━━━[0m[37m━━━━━━━━[0m [1m13:40[0m 17s/step - accuracy: 0.9129 - dice_coeff: 0.9105 - iou_score: 0.9024 - loss: 0.3300 - precision: 0.9214 - recall: 0.9777
[1m 79/125[0m [32m━━━━━━━━━━━━[0m[37m━━━━━━━━[0m [1m13:22[0m 17s/step - accuracy: 0.9129 - dice_coeff: 0.9105 - iou_score: 0.9024 - loss: 0.3300 - precision: 0.9214 - recall: 0.9777
[1m 80/125[0m [32m━━━━━━━━━━━━[0m[37m━━━━━━━━[0m [1m13:04[0m 17s/step - accuracy: 0.9129 - dice_coeff: 0.9105 - iou_score: 0.9023 - loss: 0.3300 - precision: 0.9213 - recall: 0.9777
[1m 81/125[0m [32m━━━━━━━━━━━━[0m[37m━━━━━━━━[0m [1m12:46[0m 17s/step - accuracy: 0.9129 - dice_coeff: 0.9105 - iou_score: 0.9023 - loss: 0.3301 - precision: 0.9213 - recall: 0.9777
[1m 82/125[0m [32m━━━━━━━━━━━━━[0m[37m━━━━━━━[0m [1m12:28[0m 17s/step - accuracy: 0.9129 - dice_coeff: 0.9105 - iou_score: 0.9023 - loss: 0.3301 - precision: 0.9213 - recall: 0.9777
[1m 83/125[0m [32m━━━━━━━━━━━━━[0m[37m━━━━━━━[0m [1m12:10[0m 17s/step - accuracy: 0.9128 - dice_coeff: 0.9105 - iou_score: 0.9023 - loss: 0.3301 - precision: 0.9213 - recall: 0.9777
[1m 84/125[0m [32m━━━━━━━━━━━━━[0m[37m━━━━━━━[0m [1m11:51[0m 17s/step - accuracy: 0.9128 - dice_coeff: 0.9105 - iou_score: 0.9022 - loss: 0.3302 - precision: 0.9212 - recall: 0.9777
[1m 85/125[0m [32m━━━━━━━━━━━━━[0m[37m━━━━━━━[0m [1m11:33[0m 17s/step - accuracy: 0.9128 - dice_coeff: 0.9105 - iou_score: 0.9022 - loss: 0.3302 - precision: 0.9212 - recall: 0.9777
[1m 86/125[0m [32m━━━━━━━━━━━━━[0m[37m━━━━━━━[0m [1m11:16[0m 17s/step - accuracy: 0.9128 - dice_coeff: 0.9105 - iou_score: 0.9022 - loss: 0.3302 - precision: 0.9212 - recall: 0.9777
[1m 87/125[0m [32m━━━━━━━━━━━━━[0m[37m━━━━━━━[0m [1m10:58[0m 17s/step - accuracy: 0.9128 - dice_coeff: 0.9105 - iou_score: 0.9022 - loss: 0.3302 - precision: 0.9212 - recall: 0.9777
[1m 88/125[0m [32m━━━━━━━━━━━━━━[0m[37m━━━━━━[0m [1m10:41[0m 17s/step - accuracy: 0.9128 - dice_coeff: 0.9105 - iou_score: 0.9022 - loss: 0.3302 - precision: 0.9212 - recall: 0.9777
[1m 89/125[0m [32m━━━━━━━━━━━━━━[0m[37m━━━━━━[0m [1m10:23[0m 17s/step - accuracy: 0.9127 - dice_coeff: 0.9105 - iou_score: 0.9021 - loss: 0.3303 - precision: 0.9211 - recall: 0.9777
[1m 90/125[0m [32m━━━━━━━━━━━━━━[0m[37m━━━━━━[0m [1m10:06[0m 17s/step - accuracy: 0.9127 - dice_coeff: 0.9105 - iou_score: 0.9021 - loss: 0.3303 - precision: 0.9211 - recall: 0.9777
[1m 91/125[0m [32m━━━━━━━━━━━━━━[0m[37m━━━━━━[0m [1m9:54[0m 17s/step - accuracy: 0.9127 - dice_coeff: 0.9105 - iou_score: 0.9021 - loss: 0.3303 - precision: 0.9211 - recall: 0.9777 
[1m 92/125[0m [32m━━━━━━━━━━━━━━[0m[37m━━━━━━[0m [1m9:41[0m 18s/step - accuracy: 0.9127 - dice_coeff: 0.9105 - iou_score: 0.9021 - loss: 0.3303 - precision: 0.9211 - recall: 0.9777
[1m 93/125[0m [32m━━━━━━━━━━━━━━[0m[37m━━━━━━[0m [1m9:27[0m 18s/step - accuracy: 0.9127 - dice_coeff: 0.9105 - iou_score: 0.9021 - loss: 0.3303 - precision: 0.9211 - recall: 0.9777
[1m 94/125[0m [32m━━━━━━━━━━━━━━━[0m[37m━━━━━[0m [1m9:13[0m 18s/step - accuracy: 0.9127 - dice_coeff: 0.9105 - iou_score: 0.9021 - loss: 0.3303 - precision: 0.9210 - recall: 0.9777
[1m 95/125[0m [32m━━━━━━━━━━━━━━━[0m[37m━━━━━[0m [1m9:00[0m 18s/step - accuracy: 0.9127 - dice_coeff: 0.9105 - iou_score: 0.9020 - loss: 0.3303 - precision: 0.9210 - recall: 0.9777
[1m 96/125[0m [32m━━━━━━━━━━━━━━━[0m[37m━━━━━[0m [1m8:45[0m 18s/step - accuracy: 0.9126 - dice_coeff: 0.9105 - iou_score: 0.9020 - loss: 0.3303 - precision: 0.9210 - recall: 0.9777
[1m 97/125[0m [32m━━━━━━━━━━━━━━━[0m[37m━━━━━[0m [1m8:30[0m 18s/step - accuracy: 0.9126 - dice_coeff: 0.9105 - iou_score: 0.9020 - loss: 0.3303 - precision: 0.9210 - recall: 0.9777
[1m 98/125[0m [32m━━━━━━━━━━━━━━━[0m[37m━━━━━[0m [1m8:15[0m 18s/step - accuracy: 0.9126 - dice_coeff: 0.9105 - iou_score: 0.9020 - loss: 0.3304 - precision: 0.9210 - recall: 0.9777
[1m 99/125[0m [32m━━━━━━━━━━━━━━━[0m[37m━━━━━[0m [1m8:00[0m 18s/step - accuracy: 0.9126 - dice_coeff: 0.9105 - iou_score: 0.9020 - loss: 0.3304 - precision: 0.9210 - recall: 0.9777
[1m100/125[0m [32m━━━━━━━━━━━━━━━━[0m[37m━━━━[0m [1m7:44[0m 19s/step - accuracy: 0.9126 - dice_coeff: 0.9105 - iou_score: 0.9020 - loss: 0.3304 - precision: 0.9209 - recall: 0.9777
[1m101/125[0m [32m━━━━━━━━━━━━━━━━[0m[37m━━━━[0m [1m7:28[0m 19s/step - accuracy: 0.9126 - dice_coeff: 0.9105 - iou_score: 0.9020 - loss: 0.3304 - precision: 0.9209 - recall: 0.9777
[1m102/125[0m [32m━━━━━━━━━━━━━━━━[0m[37m━━━━[0m [1m7:12[0m 19s/step - accuracy: 0.9126 - dice_coeff: 0.9105 - iou_score: 0.9019 - loss: 0.3304 - precision: 0.9209 - recall: 0.9777
[1m103/125[0m [32m━━━━━━━━━━━━━━━━[0m[37m━━━━[0m [1m6:56[0m 19s/step - accuracy: 0.9125 - dice_coeff: 0.9105 - iou_score: 0.9019 - loss: 0.3304 - precision: 0.9209 - recall: 0.9777
[1m104/125[0m [32m━━━━━━━━━━━━━━━━[0m[37m━━━━[0m [1m6:39[0m 19s/step - accuracy: 0.9125 - dice_coeff: 0.9105 - iou_score: 0.9019 - loss: 0.3304 - precision: 0.9209 - recall: 0.9777
[1m105/125[0m [32m━━━━━━━━━━━━━━━━[0m[37m━━━━[0m [1m6:22[0m 19s/step - accuracy: 0.9125 - dice_coeff: 0.9105 - iou_score: 0.9019 - loss: 0.3304 - precision: 0.9209 - recall: 0.9777
[1m106/125[0m [32m━━━━━━━━━━━━━━━━[0m[37m━━━━[0m [1m6:05[0m 19s/step - accuracy: 0.9125 - dice_coeff: 0.9105 - iou_score: 0.9019 - loss: 0.3304 - precision: 0.9209 - recall: 0.9777
[1m107/125[0m [32m━━━━━━━━━━━━━━━━━[0m[37m━━━[0m [1m5:47[0m 19s/step - accuracy: 0.9125 - dice_coeff: 0.9105 - iou_score: 0.9019 - loss: 0.3304 - precision: 0.9208 - recall: 0.9777
[1m108/125[0m [32m━━━━━━━━━━━━━━━━━[0m[37m━━━[0m [1m5:30[0m 19s/step - accuracy: 0.9125 - dice_coeff: 0.9105 - iou_score: 0.9019 - loss: 0.3304 - precision: 0.9208 - recall: 0.9777
[1m109/125[0m [32m━━━━━━━━━━━━━━━━━[0m[37m━━━[0m [1m5:12[0m 20s/step - accuracy: 0.9125 - dice_coeff: 0.9105 - iou_score: 0.9018 - loss: 0.3305 - precision: 0.9208 - recall: 0.9777
[1m110/125[0m [32m━━━━━━━━━━━━━━━━━[0m[37m━━━[0m [1m4:54[0m 20s/step - accuracy: 0.9125 - dice_coeff: 0.9105 - iou_score: 0.9018 - loss: 0.3305 - precision: 0.9208 - recall: 0.9777
[1m111/125[0m [32m━━━━━━━━━━━━━━━━━[0m[37m━━━[0m [1m4:35[0m 20s/step - accuracy: 0.9125 - dice_coeff: 0.9105 - iou_score: 0.9018 - loss: 0.3305 - precision: 0.9208 - recall: 0.9777
[1m112/125[0m [32m━━━━━━━━━━━━━━━━━[0m[37m━━━[0m [1m4:17[0m 20s/step - accuracy: 0.9124 - dice_coeff: 0.9105 - iou_score: 0.9018 - loss: 0.3305 - precision: 0.9208 - recall: 0.9777
[1m113/125[0m [32m━━━━━━━━━━━━━━━━━━[0m[37m━━[0m [1m3:58[0m 20s/step - accuracy: 0.9124 - dice_coeff: 0.9105 - iou_score: 0.9018 - loss: 0.3305 - precision: 0.9208 - recall: 0.9777
[1m114/125[0m [32m━━━━━━━━━━━━━━━━━━[0m[37m━━[0m [1m3:39[0m 20s/step - accuracy: 0.9124 - dice_coeff: 0.9105 - iou_score: 0.9018 - loss: 0.3305 - precision: 0.9207 - recall: 0.9777
[1m115/125[0m [32m━━━━━━━━━━━━━━━━━━[0m[37m━━[0m [1m3:20[0m 20s/step - accuracy: 0.9124 - dice_coeff: 0.9105 - iou_score: 0.9018 - loss: 0.3305 - precision: 0.9207 - recall: 0.9777
[1m116/125[0m [32m━━━━━━━━━━━━━━━━━━[0m[37m━━[0m [1m3:01[0m 20s/step - accuracy: 0.9124 - dice_coeff: 0.9105 - iou_score: 0.9018 - loss: 0.3305 - precision: 0.9207 - recall: 0.9777
[1m117/125[0m [32m━━━━━━━━━━━━━━━━━━[0m[37m━━[0m [1m2:41[0m 20s/step - accuracy: 0.9124 - dice_coeff: 0.9105 - iou_score: 0.9017 - loss: 0.3305 - precision: 0.9207 - recall: 0.9777
[1m118/125[0m [32m━━━━━━━━━━━━━━━━━━[0m[37m━━[0m [1m2:22[0m 20s/step - accuracy: 0.9124 - dice_coeff: 0.9105 - iou_score: 0.9017 - loss: 0.3305 - precision: 0.9207 - recall: 0.9777
[1m119/125[0m [32m━━━━━━━━━━━━━━━━━━━[0m[37m━[0m [1m2:02[0m 20s/step - accuracy: 0.9124 - dice_coeff: 0.9106 - iou_score: 0.9017 - loss: 0.3305 - precision: 0.9207 - recall: 0.9777
[1m120/125[0m [32m━━━━━━━━━━━━━━━━━━━[0m[37m━[0m [1m1:42[0m 20s/step - accuracy: 0.9124 - dice_coeff: 0.9106 - iou_score: 0.9017 - loss: 0.3305 - precision: 0.9207 - recall: 0.9777
[1m121/125[0m [32m━━━━━━━━━━━━━━━━━━━[0m[37m━[0m [1m1:22[0m 21s/step - accuracy: 0.9123 - dice_coeff: 0.9106 - iou_score: 0.9017 - loss: 0.3305 - precision: 0.9206 - recall: 0.9778
[1m122/125[0m [32m━━━━━━━━━━━━━━━━━━━[0m[37m━[0m [1m1:01[0m 21s/step - accuracy: 0.9123 - dice_coeff: 0.9106 - iou_score: 0.9017 - loss: 0.3305 - precision: 0.9206 - recall: 0.9778
[1m123/125[0m [32m━━━━━━━━━━━━━━━━━━━[0m[37m━[0m [1m41s[0m 21s/step - accuracy: 0.9123 - dice_coeff: 0.9106 - iou_score: 0.9017 - loss: 0.3305 - precision: 0.9206 - recall: 0.9778 
[1m124/125[0m [32m━━━━━━━━━━━━━━━━━━━[0m[37m━[0m [1m20s[0m 21s/step - accuracy: 0.9123 - dice_coeff: 0.9106 - iou_score: 0.9017 - loss: 0.3305 - precision: 0.9206 - recall: 0.9778
[1m125/125[0m [32m━━━━━━━━━━━━━━━━━━━━[0m[37m[0m [1m0s[0m 21s/step - accuracy: 0.9123 - dice_coeff: 0.9106 - iou_score: 0.9017 - loss: 0.3305 - precision: 0.9206 - recall: 0.9778 
Epoch 3: val_dice_coeff improved from 0.87870 to 0.88183, saving model to models/best_model.keras

Epoch 3: finished saving model to models/best_model.keras

[1m125/125[0m [32m━━━━━━━━━━━━━━━━━━━━[0m[37m[0m [1m2896s[0m 23s/step - accuracy: 0.9111 - dice_coeff: 0.9109 - iou_score: 0.9003 - loss: 0.3308 - precision: 0.9190 - recall: 0.9780 - val_accuracy: 0.7963 - val_dice_coeff: 0.8818 - val_iou_score: 0.7958 - val_loss: 1.0564 - val_precision: 0.7958 - val_recall: 1.0000 - learning_rate: 5.0000e-05
Epoch 4/100

[1m  1/125[0m [37m━━━━━━━━━━━━━━━━━━━━[0m [1m1:01:58[0m 30s/step - accuracy: 0.9029 - dice_coeff: 0.9069 - iou_score: 0.8919 - loss: 0.3504 - precision: 0.9076 - recall: 0.9811
[1m  2/125[0m [37m━━━━━━━━━━━━━━━━━━━━[0m [1m59:41[0m 29s/step - accuracy: 0.9007 - dice_coeff: 0.9059 - iou_score: 0.8895 - loss: 0.3556 - precision: 0.9055 - recall: 0.9806  
[1m  3/125[0m [37m━━━━━━━━━━━━━━━━━━━━[0m [1m59:17[0m 29s/step - accuracy: 0.9013 - dice_coeff: 0.9062 - iou_score: 0.8902 - loss: 0.3537 - precision: 0.9065 - recall: 0.9801
[1m  4/125[0m [37m━━━━━━━━━━━━━━━━━━━━[0m [1m58:50[0m 29s/step - accuracy: 0.9023 - dice_coeff: 0.9068 - iou_score: 0.8912 - loss: 0.3509 - precision: 0.9076 - recall: 0.9801
[1m  5/125[0m [37m━━━━━━━━━━━━━━━━━━━━[0m [1m58:26[0m 29s/step - accuracy: 0.9032 - dice_coeff: 0.9075 - iou_score: 0.8921 - loss: 0.3481 - precision: 0.9085 - recall: 0.9802
[1m  6/125[0m [37m━━━━━━━━━━━━━━━━━━━━[0m [1m58:00[0m 29s/step - accuracy: 0.9043 - dice_coeff: 0.9081 - iou_score: 0.8931 - loss: 0.3449 - precision: 0.9095 - recall: 0.9803
[1m  7/125[0m [32m━[0m[37m━━━━━━━━━━━━━━━━━━━[0m [1m57:39[0m 29s/step - accuracy: 0.9052 - dice_coeff: 0.9087 - iou_score: 0.8941 - loss: 0.3421 - precision: 0.9105 - recall: 0.9802
[1m  8/125[0m [32m━[0m[37m━━━━━━━━━━━━━━━━━━━[0m [1m57:18[0m 29s/step - accuracy: 0.9059 - dice_coeff: 0.9092 - iou_score: 0.8948 - loss: 0.3400 - precision: 0.9113 - recall: 0.9801
[1m  9/125[0m [32m━[0m[37m━━━━━━━━━━━━━━━━━━━[0m [1m56:51[0m 29s/step - accuracy: 0.9066 - dice_coeff: 0.9096 - iou_score: 0.8955 - loss: 0.3381 - precision: 0.9124 - recall: 0.9798
[1m 10/125[0m [32m━[0m[37m━━━━━━━━━━━━━━━━━━━[0m [1m56:24[0m 29s/step - accuracy: 0.9069 - dice_coeff: 0.9097 - iou_score: 0.8958 - loss: 0.3372 - precision: 0.9129 - recall: 0.9795
[1m 11/125[0m [32m━[0m[37m━━━━━━━━━━━━━━━━━━━[0m [1m55:56[0m 29s/step - accuracy: 0.9073 - dice_coeff: 0.9100 - iou_score: 0.8962 - loss: 0.3360 - precision: 0.9135 - recall: 0.9793
[1m 12/125[0m [32m━[0m[37m━━━━━━━━━━━━━━━━━━━[0m [1m55:31[0m 29s/step - accuracy: 0.9077 - dice_coeff: 0.9102 - iou_score: 0.8966 - loss: 0.3350 - precision: 0.9141 - recall: 0.9791
[1m 13/125[0m [32m━━[0m[37m━━━━━━━━━━━━━━━━━━[0m [1m55:02[0m 29s/step - accuracy: 0.9080 - dice_coeff: 0.9105 - iou_score: 0.8970 - loss: 0.3340 - precision: 0.9147 - recall: 0.9789
[1m 14/125[0m [32m━━[0m[37m━━━━━━━━━━━━━━━━━━[0m [1m54:35[0m 30s/step - accuracy: 0.9083 - dice_coeff: 0.9107 - iou_score: 0.8973 - loss: 0.3332 - precision: 0.9151 - recall: 0.9788
[1m 15/125[0m [32m━━[0m[37m━━━━━━━━━━━━━━━━━━[0m [1m54:08[0m 30s/step - accuracy: 0.9086 - dice_coeff: 0.9108 - iou_score: 0.8975 - loss: 0.3326 - precision: 0.9155 - recall: 0.9786
[1m 16/125[0m [32m━━[0m[37m━━━━━━━━━━━━━━━━━━[0m [1m53:39[0m 30s/step - accuracy: 0.9087 - dice_coeff: 0.9109 - iou_score: 0.8976 - loss: 0.3322 - precision: 0.9157 - recall: 0.9785
[1m 17/125[0m [32m━━[0m[37m━━━━━━━━━━━━━━━━━━[0m [1m53:11[0m 30s/step - accuracy: 0.9088 - dice_coeff: 0.9110 - iou_score: 0.8977 - loss: 0.3320 - precision: 0.9159 - recall: 0.9784
[1m 18/125[0m [32m━━[0m[37m━━━━━━━━━━━━━━━━━━[0m [1m52:42[0m 30s/step - accuracy: 0.9089 - dice_coeff: 0.9111 - iou_score: 0.8979 - loss: 0.3317 - precision: 0.9161 - recall: 0.9784
[1m 19/125[0m [32m━━━[0m[37m━━━━━━━━━━━━━━━━━[0m [1m52:13[0m 30s/step - accuracy: 0.9091 - dice_coeff: 0.9112 - iou_score: 0.8980 - loss: 0.3313 - precision: 0.9163 - recall: 0.9783
[1m 20/125[0m [32m━━━[0m[37m━━━━━━━━━━━━━━━━━[0m [1m51:42[0m 30s/step - accuracy: 0.9092 - dice_coeff: 0.9113 - iou_score: 0.8982 - loss: 0.3309 - precision: 0.9165 - recall: 0.9783
[1m 21/125[0m [32m━━━[0m[37m━━━━━━━━━━━━━━━━━[0m [1m51:13[0m 30s/step - accuracy: 0.9093 - dice_coeff: 0.9114 - iou_score: 0.8983 - loss: 0.3305 - precision: 0.9167 - recall: 0.9783
[1m 22/125[0m [32m━━━[0m[37m━━━━━━━━━━━━━━━━━[0m [1m50:44[0m 30s/step - accuracy: 0.9095 - dice_coeff: 0.9115 - iou_score: 0.8985 - loss: 0.3301 - precision: 0.9169 - recall: 0.9783
[1m 23/125[0m [32m━━━[0m[37m━━━━━━━━━━━━━━━━━[0m [1m50:16[0m 30s/step - accuracy: 0.9096 - dice_coeff: 0.9116 - iou_score: 0.8986 - loss: 0.3298 - precision: 0.9170 - recall: 0.9783
[1m 24/125[0m [32m━━━[0m[37m━━━━━━━━━━━━━━━━━[0m [1m49:46[0m 30s/step - accuracy: 0.9098 - dice_coeff: 0.9117 - iou_score: 0.8988 - loss: 0.3294 - precision: 0.9172 - recall: 0.9782
[1m 25/125[0m [32m━━━━[0m[37m━━━━━━━━━━━━━━━━[0m [1m49:13[0m 30s/step - accuracy: 0.9099 - dice_coeff: 0.9118 - iou_score: 0.8990 - loss: 0.3289 - precision: 0.9174 - recall: 0.9783
[1m 26/125[0m [32m━━━━[0m[37m━━━━━━━━━━━━━━━━[0m [1m47:37[0m 29s/step - accuracy: 0.9101 - dice_coeff: 0.9119 - iou_score: 0.8991 - loss: 0.3286 - precision: 0.9175 - recall: 0.9783
[1m 27/125[0m [32m━━━━[0m[37m━━━━━━━━━━━━━━━━[0m [1m46:08[0m 28s/step - accuracy: 0.9102 - dice_coeff: 0.9121 - iou_score: 0.8993 - loss: 0.3281 - precision: 0.9177 - recall: 0.9783
[1m 28/125[0m [32m━━━━[0m[37m━━━━━━━━━━━━━━━━[0m [1m44:46[0m 28s/step - accuracy: 0.9103 - dice_coeff: 0.9121 - iou_score: 0.8994 - loss: 0.3278 - precision: 0.9178 - recall: 0.9783
[1m 29/125[0m [32m━━━━[0m[37m━━━━━━━━━━━━━━━━[0m [1m43:28[0m 27s/step - accuracy: 0.9104 - dice_coeff: 0.9122 - iou_score: 0.8995 - loss: 0.3276 - precision: 0.9179 - recall: 0.9783
[1m 30/125[0m [32m━━━━[0m[37m━━━━━━━━━━━━━━━━[0m [1m42:15[0m 27s/step - accuracy: 0.9105 - dice_coeff: 0.9123 - iou_score: 0.8996 - loss: 0.3273 - precision: 0.9180 - recall: 0.9783
[1m 31/125[0m [32m━━━━[0m[37m━━━━━━━━━━━━━━━━[0m [1m41:07[0m 26s/step - accuracy: 0.9106 - dice_coeff: 0.9124 - iou_score: 0.8997 - loss: 0.3271 - precision: 0.9181 - recall: 0.9783
[1m 32/125[0m [32m━━━━━[0m[37m━━━━━━━━━━━━━━━[0m [1m40:02[0m 26s/step - accuracy: 0.9107 - dice_coeff: 0.9125 - iou_score: 0.8998 - loss: 0.3268 - precision: 0.9181 - recall: 0.9783
[1m 33/125[0m [32m━━━━━[0m[37m━━━━━━━━━━━━━━━[0m [1m39:01[0m 25s/step - accuracy: 0.9107 - dice_coeff: 0.9125 - iou_score: 0.8999 - loss: 0.3266 - precision: 0.9182 - recall: 0.9783
[1m 34/125[0m [32m━━━━━[0m[37m━━━━━━━━━━━━━━━[0m [1m38:02[0m 25s/step - accuracy: 0.9108 - dice_coeff: 0.9126 - iou_score: 0.9000 - loss: 0.3264 - precision: 0.9183 - recall: 0.9783
[1m 35/125[0m [32m━━━━━[0m[37m━━━━━━━━━━━━━━━[0m [1m37:07[0m 25s/step - accuracy: 0.9109 - dice_coeff: 0.9127 - iou_score: 0.9000 - loss: 0.3262 - precision: 0.9184 - recall: 0.9783
[1m 36/125[0m [32m━━━━━[0m[37m━━━━━━━━━━━━━━━[0m [1m36:14[0m 24s/step - accuracy: 0.9109 - dice_coeff: 0.9127 - iou_score: 0.9001 - loss: 0.3260 - precision: 0.9185 - recall: 0.9783
[1m 37/125[0m [32m━━━━━[0m[37m━━━━━━━━━━━━━━━[0m [1m35:24[0m 24s/step - accuracy: 0.9110 - dice_coeff: 0.9128 - iou_score: 0.9002 - loss: 0.3258 - precision: 0.9185 - recall: 0.9783
[1m 38/125[0m [32m━━━━━━[0m[37m━━━━━━━━━━━━━━[0m [1m34:36[0m 24s/step - accuracy: 0.9111 - dice_coeff: 0.9128 - iou_score: 0.9002 - loss: 0.3256 - precision: 0.9186 - recall: 0.9783
[1m 39/125[0m [32m━━━━━━[0m[37m━━━━━━━━━━━━━━[0m [1m33:50[0m 24s/step - accuracy: 0.9111 - dice_coeff: 0.9129 - iou_score: 0.9003 - loss: 0.3255 - precision: 0.9186 - recall: 0.9783
[1m 40/125[0m [32m━━━━━━[0m[37m━━━━━━━━━━━━━━[0m [1m33:05[0m 23s/step - accuracy: 0.9112 - dice_coeff: 0.9129 - iou_score: 0.9003 - loss: 0.3253 - precision: 0.9187 - recall: 0.9783
[1m 41/125[0m [32m━━━━━━[0m[37m━━━━━━━━━━━━━━[0m [1m32:23[0m 23s/step - accuracy: 0.9112 - dice_coeff: 0.9130 - iou_score: 0.9004 - loss: 0.3252 - precision: 0.9188 - recall: 0.9783
[1m 42/125[0m [32m━━━━━━[0m[37m━━━━━━━━━━━━━━[0m [1m31:41[0m 23s/step - accuracy: 0.9113 - dice_coeff: 0.9130 - iou_score: 0.9004 - loss: 0.3250 - precision: 0.9188 - recall: 0.9783
[1m 43/125[0m [32m━━━━━━[0m[37m━━━━━━━━━━━━━━[0m [1m31:01[0m 23s/step - accuracy: 0.9113 - dice_coeff: 0.9130 - iou_score: 0.9005 - loss: 0.3249 - precision: 0.9189 - recall: 0.9783
[1m 44/125[0m [32m━━━━━━━[0m[37m━━━━━━━━━━━━━[0m [1m30:22[0m 22s/step - accuracy: 0.9113 - dice_coeff: 0.9131 - iou_score: 0.9005 - loss: 0.3247 - precision: 0.9189 - recall: 0.9783
[1m 45/125[0m [32m━━━━━━━[0m[37m━━━━━━━━━━━━━[0m [1m29:44[0m 22s/step - accuracy: 0.9114 - dice_coeff: 0.9131 - iou_score: 0.9006 - loss: 0.3246 - precision: 0.9189 - recall: 0.9783
[1m 46/125[0m [32m━━━━━━━[0m[37m━━━━━━━━━━━━━[0m [1m29:07[0m 22s/step - accuracy: 0.9114 - dice_coeff: 0.9131 - iou_score: 0.9006 - loss: 0.3245 - precision: 0.9190 - recall: 0.9783
[1m 47/125[0m [32m━━━━━━━[0m[37m━━━━━━━━━━━━━[0m [1m28:31[0m 22s/step - accuracy: 0.9115 - dice_coeff: 0.9132 - iou_score: 0.9006 - loss: 0.3244 - precision: 0.9190 - recall: 0.9783
[1m 48/125[0m [32m━━━━━━━[0m[37m━━━━━━━━━━━━━[0m [1m27:57[0m 22s/step - accuracy: 0.9115 - dice_coeff: 0.9132 - iou_score: 0.9007 - loss: 0.3243 - precision: 0.9191 - recall: 0.9783
[1m 49/125[0m [32m━━━━━━━[0m[37m━━━━━━━━━━━━━[0m [1m27:24[0m 22s/step - accuracy: 0.9115 - dice_coeff: 0.9132 - iou_score: 0.9007 - loss: 0.3242 - precision: 0.9191 - recall: 0.9783
[1m 50/125[0m [32m━━━━━━━━[0m[37m━━━━━━━━━━━━[0m [1m26:51[0m 21s/step - accuracy: 0.9115 - dice_coeff: 0.9133 - iou_score: 0.9007 - loss: 0.3241 - precision: 0.9191 - recall: 0.9783
[1m 51/125[0m [32m━━━━━━━━[0m[37m━━━━━━━━━━━━[0m [1m26:19[0m 21s/step - accuracy: 0.9116 - dice_coeff: 0.9133 - iou_score: 0.9008 - loss: 0.3240 - precision: 0.9192 - recall: 0.9783
[1m 52/125[0m [32m━━━━━━━━[0m[37m━━━━━━━━━━━━[0m [1m25:48[0m 21s/step - accuracy: 0.9116 - dice_coeff: 0.9133 - iou_score: 0.9008 - loss: 0.3239 - precision: 0.9192 - recall: 0.9783
[1m 53/125[0m [32m━━━━━━━━[0m[37m━━━━━━━━━━━━[0m [1m25:18[0m 21s/step - accuracy: 0.9116 - dice_coeff: 0.9133 - iou_score: 0.9008 - loss: 0.3239 - precision: 0.9192 - recall: 0.9783
[1m 54/125[0m [32m━━━━━━━━[0m[37m━━━━━━━━━━━━[0m [1m24:48[0m 21s/step - accuracy: 0.9116 - dice_coeff: 0.9134 - iou_score: 0.9008 - loss: 0.3238 - precision: 0.9193 - recall: 0.9783
[1m 55/125[0m [32m━━━━━━━━[0m[37m━━━━━━━━━━━━[0m [1m24:18[0m 21s/step - accuracy: 0.9117 - dice_coeff: 0.9134 - iou_score: 0.9009 - loss: 0.3237 - precision: 0.9193 - recall: 0.9783
[1m 56/125[0m [32m━━━━━━━━[0m[37m━━━━━━━━━━━━[0m [1m23:47[0m 21s/step - accuracy: 0.9117 - dice_coeff: 0.9134 - iou_score: 0.9009 - loss: 0.3236 - precision: 0.9193 - recall: 0.9783
[1m 57/125[0m [32m━━━━━━━━━[0m[37m━━━━━━━━━━━[0m [1m23:11[0m 20s/step - accuracy: 0.9117 - dice_coeff: 0.9134 - iou_score: 0.9009 - loss: 0.3235 - precision: 0.9193 - recall: 0.9783
[1m 58/125[0m [32m━━━━━━━━━[0m[37m━━━━━━━━━━━[0m [1m22:38[0m 20s/step - accuracy: 0.9117 - dice_coeff: 0.9135 - iou_score: 0.9009 - loss: 0.3234 - precision: 0.9194 - recall: 0.9783
[1m 59/125[0m [32m━━━━━━━━━[0m[37m━━━━━━━━━━━[0m [1m22:11[0m 20s/step - accuracy: 0.9118 - dice_coeff: 0.9135 - iou_score: 0.9010 - loss: 0.3233 - precision: 0.9194 - recall: 0.9783
[1m 60/125[0m [32m━━━━━━━━━[0m[37m━━━━━━━━━━━[0m [1m21:44[0m 20s/step - accuracy: 0.9118 - dice_coeff: 0.9135 - iou_score: 0.9010 - loss: 0.3233 - precision: 0.9194 - recall: 0.9783
[1m 61/125[0m [32m━━━━━━━━━[0m[37m━━━━━━━━━━━[0m [1m21:17[0m 20s/step - accuracy: 0.9118 - dice_coeff: 0.9135 - iou_score: 0.9010 - loss: 0.3232 - precision: 0.9195 - recall: 0.9783
[1m 62/125[0m [32m━━━━━━━━━[0m[37m━━━━━━━━━━━[0m [1m20:51[0m 20s/step - accuracy: 0.9118 - dice_coeff: 0.9136 - iou_score: 0.9010 - loss: 0.3231 - precision: 0.9195 - recall: 0.9783
[1m 63/125[0m [32m━━━━━━━━━━[0m[37m━━━━━━━━━━[0m [1m20:25[0m 20s/step - accuracy: 0.9119 - dice_coeff: 0.9136 - iou_score: 0.9011 - loss: 0.3230 - precision: 0.9195 - recall: 0.9783
[1m 64/125[0m [32m━━━━━━━━━━[0m[37m━━━━━━━━━━[0m [1m19:59[0m 20s/step - accuracy: 0.9119 - dice_coeff: 0.9136 - iou_score: 0.9011 - loss: 0.3229 - precision: 0.9196 - recall: 0.9783
[1m 65/125[0m [32m━━━━━━━━━━[0m[37m━━━━━━━━━━[0m [1m19:34[0m 20s/step - accuracy: 0.9119 - dice_coeff: 0.9136 - iou_score: 0.9011 - loss: 0.3228 - precision: 0.9196 - recall: 0.9783
[1m 66/125[0m [32m━━━━━━━━━━[0m[37m━━━━━━━━━━[0m [1m19:09[0m 19s/step - accuracy: 0.9120 - dice_coeff: 0.9137 - iou_score: 0.9012 - loss: 0.3227 - precision: 0.9196 - recall: 0.9783
[1m 67/125[0m [32m━━━━━━━━━━[0m[37m━━━━━━━━━━[0m [1m18:45[0m 19s/step - accuracy: 0.9120 - dice_coeff: 0.9137 - iou_score: 0.9012 - loss: 0.3226 - precision: 0.9196 - recall: 0.9783
[1m 68/125[0m [32m━━━━━━━━━━[0m[37m━━━━━━━━━━[0m [1m18:21[0m 19s/step - accuracy: 0.9120 - dice_coeff: 0.9137 - iou_score: 0.9012 - loss: 0.3225 - precision: 0.9197 - recall: 0.9783
[1m 69/125[0m [32m━━━━━━━━━━━[0m[37m━━━━━━━━━[0m [1m17:56[0m 19s/step - accuracy: 0.9121 - dice_coeff: 0.9138 - iou_score: 0.9013 - loss: 0.3224 - precision: 0.9197 - recall: 0.9783
[1m 70/125[0m [32m━━━━━━━━━━━[0m[37m━━━━━━━━━[0m [1m17:33[0m 19s/step - accuracy: 0.9121 - dice_coeff: 0.9138 - iou_score: 0.9013 - loss: 0.3223 - precision: 0.9197 - recall: 0.9783
[1m 71/125[0m [32m━━━━━━━━━━━[0m[37m━━━━━━━━━[0m [1m17:10[0m 19s/step - accuracy: 0.9121 - dice_coeff: 0.9138 - iou_score: 0.9013 - loss: 0.3222 - precision: 0.9198 - recall: 0.9783
[1m 72/125[0m [32m━━━━━━━━━━━[0m[37m━━━━━━━━━[0m [1m16:47[0m 19s/step - accuracy: 0.9121 - dice_coeff: 0.9138 - iou_score: 0.9013 - loss: 0.3221 - precision: 0.9198 - recall: 0.9783
[1m 73/125[0m [32m━━━━━━━━━━━[0m[37m━━━━━━━━━[0m [1m16:24[0m 19s/step - accuracy: 0.9122 - dice_coeff: 0.9139 - iou_score: 0.9014 - loss: 0.3220 - precision: 0.9198 - recall: 0.9783
[1m 74/125[0m [32m━━━━━━━━━━━[0m[37m━━━━━━━━━[0m [1m16:01[0m 19s/step - accuracy: 0.9122 - dice_coeff: 0.9139 - iou_score: 0.9014 - loss: 0.3219 - precision: 0.9199 - recall: 0.9783
[1m 75/125[0m [32m━━━━━━━━━━━━[0m[37m━━━━━━━━[0m [1m15:39[0m 19s/step - accuracy: 0.9122 - dice_coeff: 0.9139 - iou_score: 0.9015 - loss: 0.3218 - precision: 0.9199 - recall: 0.9783
[1m 76/125[0m [32m━━━━━━━━━━━━[0m[37m━━━━━━━━[0m [1m15:17[0m 19s/step - accuracy: 0.9123 - dice_coeff: 0.9140 - iou_score: 0.9015 - loss: 0.3217 - precision: 0.9199 - recall: 0.9783
[1m 77/125[0m [32m━━━━━━━━━━━━[0m[37m━━━━━━━━[0m [1m14:55[0m 19s/step - accuracy: 0.9123 - dice_coeff: 0.9140 - iou_score: 0.9015 - loss: 0.3216 - precision: 0.9200 - recall: 0.9783
[1m 78/125[0m [32m━━━━━━━━━━━━[0m[37m━━━━━━━━[0m [1m14:33[0m 19s/step - accuracy: 0.9123 - dice_coeff: 0.9140 - iou_score: 0.9015 - loss: 0.3215 - precision: 0.9200 - recall: 0.9783
[1m 79/125[0m [32m━━━━━━━━━━━━[0m[37m━━━━━━━━[0m [1m14:12[0m 19s/step - accuracy: 0.9124 - dice_coeff: 0.9140 - iou_score: 0.9016 - loss: 0.3214 - precision: 0.9200 - recall: 0.9783
[1m 80/125[0m [32m━━━━━━━━━━━━[0m[37m━━━━━━━━[0m [1m13:51[0m 18s/step - accuracy: 0.9124 - dice_coeff: 0.9141 - iou_score: 0.9016 - loss: 0.3213 - precision: 0.9200 - recall: 0.9783
[1m 81/125[0m [32m━━━━━━━━━━━━[0m[37m━━━━━━━━[0m [1m13:30[0m 18s/step - accuracy: 0.9124 - dice_coeff: 0.9141 - iou_score: 0.9016 - loss: 0.3212 - precision: 0.9201 - recall: 0.9783
[1m 82/125[0m [32m━━━━━━━━━━━━━[0m[37m━━━━━━━[0m [1m13:09[0m 18s/step - accuracy: 0.9124 - dice_coeff: 0.9141 - iou_score: 0.9017 - loss: 0.3211 - precision: 0.9201 - recall: 0.9783
[1m 83/125[0m [32m━━━━━━━━━━━━━[0m[37m━━━━━━━[0m [1m12:48[0m 18s/step - accuracy: 0.9125 - dice_coeff: 0.9141 - iou_score: 0.9017 - loss: 0.3210 - precision: 0.9201 - recall: 0.9783
[1m 84/125[0m [32m━━━━━━━━━━━━━[0m[37m━━━━━━━[0m [1m12:28[0m 18s/step - accuracy: 0.9125 - dice_coeff: 0.9142 - iou_score: 0.9017 - loss: 0.3209 - precision: 0.9201 - recall: 0.9783
[1m 85/125[0m [32m━━━━━━━━━━━━━[0m[37m━━━━━━━[0m [1m12:08[0m 18s/step - accuracy: 0.9125 - dice_coeff: 0.9142 - iou_score: 0.9017 - loss: 0.3208 - precision: 0.9202 - recall: 0.9783
[1m 86/125[0m [32m━━━━━━━━━━━━━[0m[37m━━━━━━━[0m [1m11:47[0m 18s/step - accuracy: 0.9125 - dice_coeff: 0.9142 - iou_score: 0.9018 - loss: 0.3208 - precision: 0.9202 - recall: 0.9783
[1m 87/125[0m [32m━━━━━━━━━━━━━[0m[37m━━━━━━━[0m [1m11:27[0m 18s/step - accuracy: 0.9126 - dice_coeff: 0.9142 - iou_score: 0.9018 - loss: 0.3207 - precision: 0.9202 - recall: 0.9783
[1m 88/125[0m [32m━━━━━━━━━━━━━━[0m[37m━━━━━━[0m [1m11:08[0m 18s/step - accuracy: 0.9126 - dice_coeff: 0.9143 - iou_score: 0.9018 - loss: 0.3206 - precision: 0.9202 - recall: 0.9783
[1m 89/125[0m [32m━━━━━━━━━━━━━━[0m[37m━━━━━━[0m [1m10:48[0m 18s/step - accuracy: 0.9126 - dice_coeff: 0.9143 - iou_score: 0.9018 - loss: 0.3205 - precision: 0.9203 - recall: 0.9783
[1m 90/125[0m [32m━━━━━━━━━━━━━━[0m[37m━━━━━━[0m [1m10:28[0m 18s/step - accuracy: 0.9126 - dice_coeff: 0.9143 - iou_score: 0.9018 - loss: 0.3204 - precision: 0.9203 - recall: 0.9783
[1m 91/125[0m [32m━━━━━━━━━━━━━━[0m[37m━━━━━━[0m [1m10:09[0m 18s/step - accuracy: 0.9126 - dice_coeff: 0.9143 - iou_score: 0.9019 - loss: 0.3203 - precision: 0.9203 - recall: 0.9783
[1m 92/125[0m [32m━━━━━━━━━━━━━━[0m[37m━━━━━━[0m [1m9:49[0m 18s/step - accuracy: 0.9127 - dice_coeff: 0.9144 - iou_score: 0.9019 - loss: 0.3203 - precision: 0.9203 - recall: 0.9783 
[1m 93/125[0m [32m━━━━━━━━━━━━━━[0m[37m━━━━━━[0m [1m9:30[0m 18s/step - accuracy: 0.9127 - dice_coeff: 0.9144 - iou_score: 0.9019 - loss: 0.3202 - precision: 0.9204 - recall: 0.9783
[1m 94/125[0m [32m━━━━━━━━━━━━━━━[0m[37m━━━━━[0m [1m9:11[0m 18s/step - accuracy: 0.9127 - dice_coeff: 0.9144 - iou_score: 0.9019 - loss: 0.3201 - precision: 0.9204 - recall: 0.9783
[1m 95/125[0m [32m━━━━━━━━━━━━━━━[0m[37m━━━━━[0m [1m8:52[0m 18s/step - accuracy: 0.9127 - dice_coeff: 0.9144 - iou_score: 0.9020 - loss: 0.3200 - precision: 0.9204 - recall: 0.9783
[1m 96/125[0m [32m━━━━━━━━━━━━━━━[0m[37m━━━━━[0m [1m8:33[0m 18s/step - accuracy: 0.9127 - dice_coeff: 0.9144 - iou_score: 0.9020 - loss: 0.3200 - precision: 0.9204 - recall: 0.9783
[1m 97/125[0m [32m━━━━━━━━━━━━━━━[0m[37m━━━━━[0m [1m8:14[0m 18s/step - accuracy: 0.9128 - dice_coeff: 0.9145 - iou_score: 0.9020 - loss: 0.3199 - precision: 0.9204 - recall: 0.9783
[1m 98/125[0m [32m━━━━━━━━━━━━━━━[0m[37m━━━━━[0m [1m7:56[0m 18s/step - accuracy: 0.9128 - dice_coeff: 0.9145 - iou_score: 0.9020 - loss: 0.3198 - precision: 0.9205 - recall: 0.9783
[1m 99/125[0m [32m━━━━━━━━━━━━━━━[0m[37m━━━━━[0m [1m7:37[0m 18s/step - accuracy: 0.9128 - dice_coeff: 0.9145 - iou_score: 0.9020 - loss: 0.3198 - precision: 0.9205 - recall: 0.9783
[1m100/125[0m [32m━━━━━━━━━━━━━━━━[0m[37m━━━━[0m [1m7:19[0m 18s/step - accuracy: 0.9128 - dice_coeff: 0.9145 - iou_score: 0.9020 - loss: 0.3197 - precision: 0.9205 - recall: 0.9783
[1m101/125[0m [32m━━━━━━━━━━━━━━━━[0m[37m━━━━[0m [1m7:00[0m 18s/step - accuracy: 0.9128 - dice_coeff: 0.9145 - iou_score: 0.9021 - loss: 0.3197 - precision: 0.9205 - recall: 0.9783
[1m102/125[0m [32m━━━━━━━━━━━━━━━━[0m[37m━━━━[0m [1m6:42[0m 17s/step - accuracy: 0.9128 - dice_coeff: 0.9145 - iou_score: 0.9021 - loss: 0.3196 - precision: 0.9205 - recall: 0.9783
[1m103/125[0m [32m━━━━━━━━━━━━━━━━[0m[37m━━━━[0m [1m6:23[0m 17s/step - accuracy: 0.9128 - dice_coeff: 0.9146 - iou_score: 0.9021 - loss: 0.3196 - precision: 0.9205 - recall: 0.9783
[1m104/125[0m [32m━━━━━━━━━━━━━━━━[0m[37m━━━━[0m [1m6:05[0m 17s/step - accuracy: 0.9129 - dice_coeff: 0.9146 - iou_score: 0.9021 - loss: 0.3195 - precision: 0.9205 - recall: 0.9783
[1m105/125[0m [32m━━━━━━━━━━━━━━━━[0m[37m━━━━[0m [1m5:47[0m 17s/step - accuracy: 0.9129 - dice_coeff: 0.9146 - iou_score: 0.9021 - loss: 0.3195 - precision: 0.9206 - recall: 0.9783
[1m106/125[0m [32m━━━━━━━━━━━━━━━━[0m[37m━━━━[0m [1m5:29[0m 17s/step - accuracy: 0.9129 - dice_coeff: 0.9146 - iou_score: 0.9021 - loss: 0.3194 - precision: 0.9206 - recall: 0.9783
[1m107/125[0m [32m━━━━━━━━━━━━━━━━━[0m[37m━━━[0m [1m5:11[0m 17s/step - accuracy: 0.9129 - dice_coeff: 0.9146 - iou_score: 0.9021 - loss: 0.3194 - precision: 0.9206 - recall: 0.9783
[1m108/125[0m [32m━━━━━━━━━━━━━━━━━[0m[37m━━━[0m [1m4:53[0m 17s/step - accuracy: 0.9129 - dice_coeff: 0.9146 - iou_score: 0.9021 - loss: 0.3194 - precision: 0.9206 - recall: 0.9783
[1m109/125[0m [32m━━━━━━━━━━━━━━━━━[0m[37m━━━[0m [1m4:35[0m 17s/step - accuracy: 0.9129 - dice_coeff: 0.9146 - iou_score: 0.9021 - loss: 0.3193 - precision: 0.9206 - recall: 0.9783
[1m110/125[0m [32m━━━━━━━━━━━━━━━━━[0m[37m━━━[0m [1m4:18[0m 17s/step - accuracy: 0.9129 - dice_coeff: 0.9146 - iou_score: 0.9021 - loss: 0.3193 - precision: 0.9206 - recall: 0.9783
[1m111/125[0m [32m━━━━━━━━━━━━━━━━━[0m[37m━━━[0m [1m4:00[0m 17s/step - accuracy: 0.9129 - dice_coeff: 0.9147 - iou_score: 0.9022 - loss: 0.3192 - precision: 0.9206 - recall: 0.9783
[1m112/125[0m [32m━━━━━━━━━━━━━━━━━[0m[37m━━━[0m [1m3:42[0m 17s/step - accuracy: 0.9129 - dice_coeff: 0.9147 - iou_score: 0.9022 - loss: 0.3192 - precision: 0.9206 - recall: 0.9783
[1m113/125[0m [32m━━━━━━━━━━━━━━━━━━[0m[37m━━[0m [1m3:25[0m 17s/step - accuracy: 0.9129 - dice_coeff: 0.9147 - iou_score: 0.9022 - loss: 0.3192 - precision: 0.9206 - recall: 0.9783
[1m114/125[0m [32m━━━━━━━━━━━━━━━━━━[0m[37m━━[0m [1m3:07[0m 17s/step - accuracy: 0.9129 - dice_coeff: 0.9147 - iou_score: 0.9022 - loss: 0.3191 - precision: 0.9206 - recall: 0.9783
[1m115/125[0m [32m━━━━━━━━━━━━━━━━━━[0m[37m━━[0m [1m2:50[0m 17s/step - accuracy: 0.9130 - dice_coeff: 0.9147 - iou_score: 0.9022 - loss: 0.3191 - precision: 0.9207 - recall: 0.9783
[1m116/125[0m [32m━━━━━━━━━━━━━━━━━━[0m[37m━━[0m [1m2:33[0m 17s/step - accuracy: 0.9130 - dice_coeff: 0.9147 - iou_score: 0.9022 - loss: 0.3190 - precision: 0.9207 - recall: 0.9783
[1m117/125[0m [32m━━━━━━━━━━━━━━━━━━[0m[37m━━[0m [1m2:16[0m 17s/step - accuracy: 0.9130 - dice_coeff: 0.9147 - iou_score: 0.9022 - loss: 0.3190 - precision: 0.9207 - recall: 0.9783
[1m118/125[0m [32m━━━━━━━━━━━━━━━━━━[0m[37m━━[0m [1m1:58[0m 17s/step - accuracy: 0.9130 - dice_coeff: 0.9147 - iou_score: 0.9022 - loss: 0.3190 - precision: 0.9207 - recall: 0.9783
[1m119/125[0m [32m━━━━━━━━━━━━━━━━━━━[0m[37m━[0m [1m1:41[0m 17s/step - accuracy: 0.9130 - dice_coeff: 0.9147 - iou_score: 0.9022 - loss: 0.3189 - precision: 0.9207 - recall: 0.9783
[1m120/125[0m [32m━━━━━━━━━━━━━━━━━━━[0m[37m━[0m [1m2:47[0m 34s/step - accuracy: 0.9130 - dice_coeff: 0.9148 - iou_score: 0.9022 - loss: 0.3189 - precision: 0.9207 - recall: 0.9783
[1m121/125[0m [32m━━━━━━━━━━━━━━━━━━━[0m[37m━[0m [1m2:13[0m 33s/step - accuracy: 0.9130 - dice_coeff: 0.9148 - iou_score: 0.9022 - loss: 0.3189 - precision: 0.9207 - recall: 0.9783
[1m122/125[0m [32m━━━━━━━━━━━━━━━━━━━[0m[37m━[0m [1m1:39[0m 33s/step - accuracy: 0.9130 - dice_coeff: 0.9148 - iou_score: 0.9022 - loss: 0.3188 - precision: 0.9207 - recall: 0.9783
[1m123/125[0m [32m━━━━━━━━━━━━━━━━━━━[0m[37m━[0m [1m1:06[0m 33s/step - accuracy: 0.9130 - dice_coeff: 0.9148 - iou_score: 0.9022 - loss: 0.3188 - precision: 0.9207 - recall: 0.9783
[1m124/125[0m [32m━━━━━━━━━━━━━━━━━━━[0m[37m━[0m [1m32s[0m 33s/step - accuracy: 0.9130 - dice_coeff: 0.9148 - iou_score: 0.9022 - loss: 0.3188 - precision: 0.9207 - recall: 0.9783 
[1m125/125[0m [32m━━━━━━━━━━━━━━━━━━━━[0m[37m[0m [1m0s[0m 33s/step - accuracy: 0.9130 - dice_coeff: 0.9148 - iou_score: 0.9023 - loss: 0.3187 - precision: 0.9207 - recall: 0.9783 
Epoch 4: val_dice_coeff improved from 0.88183 to 0.88240, saving model to models/best_model.keras

Epoch 4: finished saving model to models/best_model.keras

[1m125/125[0m [32m━━━━━━━━━━━━━━━━━━━━[0m[37m[0m [1m4260s[0m 34s/step - accuracy: 0.9138 - dice_coeff: 0.9160 - iou_score: 0.9030 - loss: 0.3149 - precision: 0.9216 - recall: 0.9782 - val_accuracy: 0.7963 - val_dice_coeff: 0.8824 - val_iou_score: 0.7958 - val_loss: 1.0585 - val_precision: 0.7958 - val_recall: 1.0000 - learning_rate: 5.0000e-05
Epoch 5/100

[1m  1/125[0m [37m━━━━━━━━━━━━━━━━━━━━[0m [1m51:40[0m 25s/step - accuracy: 0.9124 - dice_coeff: 0.9159 - iou_score: 0.9010 - loss: 0.3160 - precision: 0.9211 - recall: 0.9762
[1m  2/125[0m [37m━━━━━━━━━━━━━━━━━━━━[0m [1m1:00:15[0m 29s/step - accuracy: 0.9161 - dice_coeff: 0.9177 - iou_score: 0.9052 - loss: 0.3071 - precision: 0.9253 - recall: 0.9766
[1m  3/125[0m [37m━━━━━━━━━━━━━━━━━━━━[0m [1m59:05[0m 29s/step - accuracy: 0.9168 - dice_coeff: 0.9180 - iou_score: 0.9060 - loss: 0.3052 - precision: 0.9253 - recall: 0.9775  
[1m  4/125[0m [37m━━━━━━━━━━━━━━━━━━━━[0m [1m49:09[0m 24s/step - accuracy: 0.9151 - dice_coeff: 0.9171 - iou_score: 0.9040 - loss: 0.3097 - precision: 0.9229 - recall: 0.9779
[1m  5/125[0m [37m━━━━━━━━━━━━━━━━━━━━[0m [1m43:11[0m 22s/step - accuracy: 0.9141 - dice_coeff: 0.9165 - iou_score: 0.9028 - loss: 0.3123 - precision: 0.9214 - recall: 0.9782
[1m  6/125[0m [37m━━━━━━━━━━━━━━━━━━━━[0m [1m39:49[0m 20s/step - accuracy: 0.9135 - dice_coeff: 0.9162 - iou_score: 0.9022 - loss: 0.3137 - precision: 0.9206 - recall: 0.9783
[1m  7/125[0m [32m━[0m[37m━━━━━━━━━━━━━━━━━━━[0m [1m37:24[0m 19s/step - accuracy: 0.9131 - dice_coeff: 0.9160 - iou_score: 0.9018 - loss: 0.3148 - precision: 0.9202 - recall: 0.9783
[1m  8/125[0m [32m━[0m[37m━━━━━━━━━━━━━━━━━━━[0m [1m35:33[0m 18s/step - accuracy: 0.9131 - dice_coeff: 0.9160 - iou_score: 0.9018 - loss: 0.3147 - precision: 0.9202 - recall: 0.9783
[1m  9/125[0m [32m━[0m[37m━━━━━━━━━━━━━━━━━━━[0m [1m34:11[0m 18s/step - accuracy: 0.9130 - dice_coeff: 0.9159 - iou_score: 0.9016 - loss: 0.3150 - precision: 0.9201 - recall: 0.9782
[1m 10/125[0m [32m━[0m[37m━━━━━━━━━━━━━━━━━━━[0m [1m33:01[0m 17s/step - accuracy: 0.9129 - dice_coeff: 0.9159 - iou_score: 0.9015 - loss: 0.3152 - precision: 0.9201 - recall: 0.9781
[1m 11/125[0m [32m━[0m[37m━━━━━━━━━━━━━━━━━━━[0m [1m32:07[0m 17s/step - accuracy: 0.9129 - dice_coeff: 0.9160 - iou_score: 0.9016 - loss: 0.3150 - precision: 0.9203 - recall: 0.9780
[1m 12/125[0m [32m━[0m[37m━━━━━━━━━━━━━━━━━━━[0m [1m31:20[0m 17s/step - accuracy: 0.9130 - dice_coeff: 0.9160 - iou_score: 0.9016 - loss: 0.3149 - precision: 0.9203 - recall: 0.9780
[1m 13/125[0m [32m━━[0m[37m━━━━━━━━━━━━━━━━━━[0m [1m30:42[0m 16s/step - accuracy: 0.9130 - dice_coeff: 0.9160 - iou_score: 0.9017 - loss: 0.3147 - precision: 0.9204 - recall: 0.9780
[1m 14/125[0m [32m━━[0m[37m━━━━━━━━━━━━━━━━━━[0m [1m30:09[0m 16s/step - accuracy: 0.9131 - dice_coeff: 0.9161 - iou_score: 0.9018 - loss: 0.3145 - precision: 0.9205 - recall: 0.9779
[1m 15/125[0m [32m━━[0m[37m━━━━━━━━━━━━━━━━━━[0m [1m29:40[0m 16s/step - accuracy: 0.9131 - dice_coeff: 0.9161 - iou_score: 0.9019 - loss: 0.3142 - precision: 0.9207 - recall: 0.9778
[1m 16/125[0m [32m━━[0m[37m━━━━━━━━━━━━━━━━━━[0m [1m29:11[0m 16s/step - accuracy: 0.9133 - dice_coeff: 0.9162 - iou_score: 0.9020 - loss: 0.3138 - precision: 0.9209 - recall: 0.9778
[1m 17/125[0m [32m━━[0m[37m━━━━━━━━━━━━━━━━━━[0m [1m28:43[0m 16s/step - accuracy: 0.9134 - dice_coeff: 0.9163 - iou_score: 0.9022 - loss: 0.3135 - precision: 0.9211 - recall: 0.9778
[1m 18/125[0m [32m━━[0m[37m━━━━━━━━━━━━━━━━━━[0m [1m28:14[0m 16s/step - accuracy: 0.9135 - dice_coeff: 0.9164 - iou_score: 0.9023 - loss: 0.3130 - precision: 0.9213 - recall: 0.9778
[1m 19/125[0m [32m━━━[0m[37m━━━━━━━━━━━━━━━━━[0m [1m27:50[0m 16s/step - accuracy: 0.9137 - dice_coeff: 0.9165 - iou_score: 0.9025 - loss: 0.3126 - precision: 0.9215 - recall: 0.9778
[1m 20/125[0m [32m━━━[0m[37m━━━━━━━━━━━━━━━━━[0m [1m27:28[0m 16s/step - accuracy: 0.9138 - dice_coeff: 0.9166 - iou_score: 0.9027 - loss: 0.3122 - precision: 0.9216 - recall: 0.9778
[1m 21/125[0m [32m━━━[0m[37m━━━━━━━━━━━━━━━━━[0m [1m27:04[0m 16s/step - accuracy: 0.9140 - dice_coeff: 0.9167 - iou_score: 0.9028 - loss: 0.3118 - precision: 0.9218 - recall: 0.9778
[1m 22/125[0m [32m━━━[0m[37m━━━━━━━━━━━━━━━━━[0m [1m26:39[0m 16s/step - accuracy: 0.9141 - dice_coeff: 0.9168 - iou_score: 0.9030 - loss: 0.3115 - precision: 0.9219 - recall: 0.9778
[1m 23/125[0m [32m━━━[0m[37m━━━━━━━━━━━━━━━━━[0m [1m26:15[0m 15s/step - accuracy: 0.9142 - dice_coeff: 0.9169 - iou_score: 0.9031 - loss: 0.3112 - precision: 0.9220 - recall: 0.9778
[1m 24/125[0m [32m━━━[0m[37m━━━━━━━━━━━━━━━━━[0m [1m25:53[0m 15s/step - accuracy: 0.9143 - dice_coeff: 0.9170 - iou_score: 0.9032 - loss: 0.3109 - precision: 0.9221 - recall: 0.9779
[1m 25/125[0m [32m━━━━[0m[37m━━━━━━━━━━━━━━━━[0m [1m25:32[0m 15s/step - accuracy: 0.9144 - dice_coeff: 0.9171 - iou_score: 0.9033 - loss: 0.3106 - precision: 0.9222 - recall: 0.9779
[1m 26/125[0m [32m━━━━[0m[37m━━━━━━━━━━━━━━━━[0m [1m25:11[0m 15s/step - accuracy: 0.9145 - dice_coeff: 0.9172 - iou_score: 0.9034 - loss: 0.3104 - precision: 0.9223 - recall: 0.9779
[1m 27/125[0m [32m━━━━[0m[37m━━━━━━━━━━━━━━━━[0m [1m24:49[0m 15s/step - accuracy: 0.9145 - dice_coeff: 0.9172 - iou_score: 0.9035 - loss: 0.3102 - precision: 0.9224 - recall: 0.9779
[1m 28/125[0m [32m━━━━[0m[37m━━━━━━━━━━━━━━━━[0m [1m24:28[0m 15s/step - accuracy: 0.9146 - dice_coeff: 0.9173 - iou_score: 0.9036 - loss: 0.3100 - precision: 0.9224 - recall: 0.9779
[1m 29/125[0m [32m━━━━[0m[37m━━━━━━━━━━━━━━━━[0m [1m24:06[0m 15s/step - accuracy: 0.9146 - dice_coeff: 0.9173 - iou_score: 0.9037 - loss: 0.3099 - precision: 0.9225 - recall: 0.9780
[1m 30/125[0m [32m━━━━[0m[37m━━━━━━━━━━━━━━━━[0m [1m23:46[0m 15s/step - accuracy: 0.9147 - dice_coeff: 0.9174 - iou_score: 0.9037 - loss: 0.3097 - precision: 0.9225 - recall: 0.9780
[1m 31/125[0m [32m━━━━[0m[37m━━━━━━━━━━━━━━━━[0m [1m23:25[0m 15s/step - accuracy: 0.9147 - dice_coeff: 0.9174 - iou_score: 0.9038 - loss: 0.3096 - precision: 0.9226 - recall: 0.9780
[1m 32/125[0m [32m━━━━━[0m[37m━━━━━━━━━━━━━━━[0m [1m23:05[0m 15s/step - accuracy: 0.9148 - dice_coeff: 0.9175 - iou_score: 0.9038 - loss: 0.3095 - precision: 0.9226 - recall: 0.9780
[1m 33/125[0m [32m━━━━━[0m[37m━━━━━━━━━━━━━━━[0m [1m22:46[0m 15s/step - accuracy: 0.9148 - dice_coeff: 0.9175 - iou_score: 0.9039 - loss: 0.3094 - precision: 0.9227 - recall: 0.9780
[1m 34/125[0m [32m━━━━━[0m[37m━━━━━━━━━━━━━━━[0m [1m22:26[0m 15s/step - accuracy: 0.9149 - dice_coeff: 0.9176 - iou_score: 0.9039 - loss: 0.3092 - precision: 0.9227 - recall: 0.9780
[1m 35/125[0m [32m━━━━━[0m[37m━━━━━━━━━━━━━━━[0m [1m22:08[0m 15s/step - accuracy: 0.9149 - dice_coeff: 0.9176 - iou_score: 0.9040 - loss: 0.3091 - precision: 0.9228 - recall: 0.9780
[1m 36/125[0m [32m━━━━━[0m[37m━━━━━━━━━━━━━━━[0m [1m21:50[0m 15s/step - accuracy: 0.9149 - dice_coeff: 0.9176 - iou_score: 0.9040 - loss: 0.3090 - precision: 0.9228 - recall: 0.9780
[1m 37/125[0m [32m━━━━━[0m[37m━━━━━━━━━━━━━━━[0m [1m21:31[0m 15s/step - accuracy: 0.9150 - dice_coeff: 0.9177 - iou_score: 0.9040 - loss: 0.3089 - precision: 0.9229 - recall: 0.9780
[1m 38/125[0m [32m━━━━━━[0m[37m━━━━━━━━━━━━━━[0m [1m21:13[0m 15s/step - accuracy: 0.9150 - dice_coeff: 0.9177 - iou_score: 0.9041 - loss: 0.3088 - precision: 0.9229 - recall: 0.9780
[1m 39/125[0m [32m━━━━━━[0m[37m━━━━━━━━━━━━━━[0m [1m20:54[0m 15s/step - accuracy: 0.9150 - dice_coeff: 0.9177 - iou_score: 0.9041 - loss: 0.3087 - precision: 0.9229 - recall: 0.9780
[1m 40/125[0m [32m━━━━━━[0m[37m━━━━━━━━━━━━━━[0m [1m20:36[0m 15s/step - accuracy: 0.9150 - dice_coeff: 0.9178 - iou_score: 0.9041 - loss: 0.3086 - precision: 0.9230 - recall: 0.9780
[1m 41/125[0m [32m━━━━━━[0m[37m━━━━━━━━━━━━━━[0m [1m20:19[0m 15s/step - accuracy: 0.9151 - dice_coeff: 0.9178 - iou_score: 0.9042 - loss: 0.3086 - precision: 0.9230 - recall: 0.9780
[1m 42/125[0m [32m━━━━━━[0m[37m━━━━━━━━━━━━━━[0m [1m20:02[0m 14s/step - accuracy: 0.9151 - dice_coeff: 0.9178 - iou_score: 0.9042 - loss: 0.3085 - precision: 0.9230 - recall: 0.9780
[1m 43/125[0m [32m━━━━━━[0m[37m━━━━━━━━━━━━━━[0m [1m19:44[0m 14s/step - accuracy: 0.9151 - dice_coeff: 0.9178 - iou_score: 0.9042 - loss: 0.3085 - precision: 0.9230 - recall: 0.9780
[1m 44/125[0m [32m━━━━━━━[0m[37m━━━━━━━━━━━━━[0m [1m19:27[0m 14s/step - accuracy: 0.9151 - dice_coeff: 0.9179 - iou_score: 0.9042 - loss: 0.3084 - precision: 0.9230 - recall: 0.9780
[1m 45/125[0m [32m━━━━━━━[0m[37m━━━━━━━━━━━━━[0m [1m19:10[0m 14s/step - accuracy: 0.9151 - dice_coeff: 0.9179 - iou_score: 0.9042 - loss: 0.3084 - precision: 0.9230 - recall: 0.9780
[1m 46/125[0m [32m━━━━━━━[0m[37m━━━━━━━━━━━━━[0m [1m18:54[0m 14s/step - accuracy: 0.9151 - dice_coeff: 0.9179 - iou_score: 0.9042 - loss: 0.3084 - precision: 0.9230 - recall: 0.9780
[1m 47/125[0m [32m━━━━━━━[0m[37m━━━━━━━━━━━━━[0m [1m18:37[0m 14s/step - accuracy: 0.9151 - dice_coeff: 0.9179 - iou_score: 0.9042 - loss: 0.3084 - precision: 0.9230 - recall: 0.9780
[1m 48/125[0m [32m━━━━━━━[0m[37m━━━━━━━━━━━━━[0m [1m18:21[0m 14s/step - accuracy: 0.9151 - dice_coeff: 0.9179 - iou_score: 0.9042 - loss: 0.3084 - precision: 0.9230 - recall: 0.9781
[1m 49/125[0m [32m━━━━━━━[0m[37m━━━━━━━━━━━━━[0m [1m18:06[0m 14s/step - accuracy: 0.9151 - dice_coeff: 0.9179 - iou_score: 0.9042 - loss: 0.3084 - precision: 0.9229 - recall: 0.9781
[1m 50/125[0m [32m━━━━━━━━[0m[37m━━━━━━━━━━━━[0m [1m17:51[0m 14s/step - accuracy: 0.9151 - dice_coeff: 0.9179 - iou_score: 0.9042 - loss: 0.3084 - precision: 0.9229 - recall: 0.9781
[1m 51/125[0m [32m━━━━━━━━[0m[37m━━━━━━━━━━━━[0m [1m17:35[0m 14s/step - accuracy: 0.9151 - dice_coeff: 0.9179 - iou_score: 0.9042 - loss: 0.3084 - precision: 0.9229 - recall: 0.9781
[1m 52/125[0m [32m━━━━━━━━[0m[37m━━━━━━━━━━━━[0m [1m17:20[0m 14s/step - accuracy: 0.9151 - dice_coeff: 0.9179 - iou_score: 0.9042 - loss: 0.3084 - precision: 0.9229 - recall: 0.9781
[1m 53/125[0m [32m━━━━━━━━[0m[37m━━━━━━━━━━━━[0m [1m17:06[0m 14s/step - accuracy: 0.9150 - dice_coeff: 0.9179 - iou_score: 0.9042 - loss: 0.3084 - precision: 0.9229 - recall: 0.9781
[1m 54/125[0m [32m━━━━━━━━[0m[37m━━━━━━━━━━━━[0m [1m16:51[0m 14s/step - accuracy: 0.9151 - dice_coeff: 0.9179 - iou_score: 0.9042 - loss: 0.3084 - precision: 0.9229 - recall: 0.9781
[1m 55/125[0m [32m━━━━━━━━[0m[37m━━━━━━━━━━━━[0m [1m16:36[0m 14s/step - accuracy: 0.9151 - dice_coeff: 0.9179 - iou_score: 0.9042 - loss: 0.3084 - precision: 0.9229 - recall: 0.9781
[1m 56/125[0m [32m━━━━━━━━[0m[37m━━━━━━━━━━━━[0m [1m16:21[0m 14s/step - accuracy: 0.9151 - dice_coeff: 0.9179 - iou_score: 0.9042 - loss: 0.3084 - precision: 0.9229 - recall: 0.9781
[1m 57/125[0m [32m━━━━━━━━━[0m[37m━━━━━━━━━━━[0m [1m16:02[0m 14s/step - accuracy: 0.9151 - dice_coeff: 0.9180 - iou_score: 0.9042 - loss: 0.3083 - precision: 0.9229 - recall: 0.9781
[1m 58/125[0m [32m━━━━━━━━━[0m[37m━━━━━━━━━━━[0m [1m15:40[0m 14s/step - accuracy: 0.9151 - dice_coeff: 0.9180 - iou_score: 0.9042 - loss: 0.3083 - precision: 0.9229 - recall: 0.9781
[1m 59/125[0m [32m━━━━━━━━━[0m[37m━━━━━━━━━━━[0m [1m15:26[0m 14s/step - accuracy: 0.9151 - dice_coeff: 0.9180 - iou_score: 0.9043 - loss: 0.3082 - precision: 0.9229 - recall: 0.9781
[1m 60/125[0m [32m━━━━━━━━━[0m[37m━━━━━━━━━━━[0m [1m15:11[0m 14s/step - accuracy: 0.9151 - dice_coeff: 0.9180 - iou_score: 0.9043 - loss: 0.3082 - precision: 0.9230 - recall: 0.9781
[1m 61/125[0m [32m━━━━━━━━━[0m[37m━━━━━━━━━━━[0m [1m14:56[0m 14s/step - accuracy: 0.9151 - dice_coeff: 0.9180 - iou_score: 0.9043 - loss: 0.3082 - precision: 0.9230 - recall: 0.9781
[1m 62/125[0m [32m━━━━━━━━━[0m[37m━━━━━━━━━━━[0m [1m14:41[0m 14s/step - accuracy: 0.9151 - dice_coeff: 0.9180 - iou_score: 0.9043 - loss: 0.3081 - precision: 0.9230 - recall: 0.9781
[1m 63/125[0m [32m━━━━━━━━━━[0m[37m━━━━━━━━━━[0m [1m14:26[0m 14s/step - accuracy: 0.9151 - dice_coeff: 0.9180 - iou_score: 0.9043 - loss: 0.3081 - precision: 0.9230 - recall: 0.9781
[1m 64/125[0m [32m━━━━━━━━━━[0m[37m━━━━━━━━━━[0m [1m14:11[0m 14s/step - accuracy: 0.9151 - dice_coeff: 0.9181 - iou_score: 0.9043 - loss: 0.3080 - precision: 0.9230 - recall: 0.9781
[1m 65/125[0m [32m━━━━━━━━━━[0m[37m━━━━━━━━━━[0m [1m13:56[0m 14s/step - accuracy: 0.9151 - dice_coeff: 0.9181 - iou_score: 0.9043 - loss: 0.3080 - precision: 0.9230 - recall: 0.9782
[1m 66/125[0m [32m━━━━━━━━━━[0m[37m━━━━━━━━━━[0m [1m13:41[0m 14s/step - accuracy: 0.9152 - dice_coeff: 0.9181 - iou_score: 0.9043 - loss: 0.3080 - precision: 0.9230 - recall: 0.9782
[1m 67/125[0m [32m━━━━━━━━━━[0m[37m━━━━━━━━━━[0m [1m13:26[0m 14s/step - accuracy: 0.9152 - dice_coeff: 0.9181 - iou_score: 0.9044 - loss: 0.3080 - precision: 0.9230 - recall: 0.9782
[1m 68/125[0m [32m━━━━━━━━━━[0m[37m━━━━━━━━━━[0m [1m13:12[0m 14s/step - accuracy: 0.9152 - dice_coeff: 0.9181 - iou_score: 0.9044 - loss: 0.3079 - precision: 0.9230 - recall: 0.9782
[1m 69/125[0m [32m━━━━━━━━━━━[0m[37m━━━━━━━━━[0m [1m12:57[0m 14s/step - accuracy: 0.9152 - dice_coeff: 0.9181 - iou_score: 0.9044 - loss: 0.3079 - precision: 0.9230 - recall: 0.9782
[1m 70/125[0m [32m━━━━━━━━━━━[0m[37m━━━━━━━━━[0m [1m12:43[0m 14s/step - accuracy: 0.9152 - dice_coeff: 0.9181 - iou_score: 0.9044 - loss: 0.3079 - precision: 0.9230 - recall: 0.9782
[1m 71/125[0m [32m━━━━━━━━━━━[0m[37m━━━━━━━━━[0m [1m12:28[0m 14s/step - accuracy: 0.9152 - dice_coeff: 0.9181 - iou_score: 0.9044 - loss: 0.3079 - precision: 0.9230 - recall: 0.9782
[1m 72/125[0m [32m━━━━━━━━━━━[0m[37m━━━━━━━━━[0m [1m12:13[0m 14s/step - accuracy: 0.9152 - dice_coeff: 0.9181 - iou_score: 0.9044 - loss: 0.3079 - precision: 0.9230 - recall: 0.9782
[1m 73/125[0m [32m━━━━━━━━━━━[0m[37m━━━━━━━━━[0m [1m11:59[0m 14s/step - accuracy: 0.9152 - dice_coeff: 0.9181 - iou_score: 0.9044 - loss: 0.3079 - precision: 0.9230 - recall: 0.9782
[1m 74/125[0m [32m━━━━━━━━━━━[0m[37m━━━━━━━━━[0m [1m11:44[0m 14s/step - accuracy: 0.9152 - dice_coeff: 0.9181 - iou_score: 0.9044 - loss: 0.3079 - precision: 0.9230 - recall: 0.9782
[1m 75/125[0m [32m━━━━━━━━━━━━[0m[37m━━━━━━━━[0m [1m11:30[0m 14s/step - accuracy: 0.9152 - dice_coeff: 0.9182 - iou_score: 0.9044 - loss: 0.3078 - precision: 0.9230 - recall: 0.9782
[1m 76/125[0m [32m━━━━━━━━━━━━[0m[37m━━━━━━━━[0m [1m11:16[0m 14s/step - accuracy: 0.9152 - dice_coeff: 0.9182 - iou_score: 0.9044 - loss: 0.3078 - precision: 0.9230 - recall: 0.9782
[1m 77/125[0m [32m━━━━━━━━━━━━[0m[37m━━━━━━━━[0m [1m11:02[0m 14s/step - accuracy: 0.9152 - dice_coeff: 0.9182 - iou_score: 0.9044 - loss: 0.3078 - precision: 0.9230 - recall: 0.9782
[1m 78/125[0m [32m━━━━━━━━━━━━[0m[37m━━━━━━━━[0m [1m10:47[0m 14s/step - accuracy: 0.9152 - dice_coeff: 0.9182 - iou_score: 0.9044 - loss: 0.3078 - precision: 0.9231 - recall: 0.9782
[1m 79/125[0m [32m━━━━━━━━━━━━[0m[37m━━━━━━━━[0m [1m10:33[0m 14s/step - accuracy: 0.9152 - dice_coeff: 0.9182 - iou_score: 0.9044 - loss: 0.3077 - precision: 0.9231 - recall: 0.9782
[1m 80/125[0m [32m━━━━━━━━━━━━[0m[37m━━━━━━━━[0m [1m10:19[0m 14s/step - accuracy: 0.9152 - dice_coeff: 0.9182 - iou_score: 0.9044 - loss: 0.3077 - precision: 0.9231 - recall: 0.9782
[1m 81/125[0m [32m━━━━━━━━━━━━[0m[37m━━━━━━━━[0m [1m10:05[0m 14s/step - accuracy: 0.9152 - dice_coeff: 0.9182 - iou_score: 0.9044 - loss: 0.3077 - precision: 0.9231 - recall: 0.9782
[1m 82/125[0m [32m━━━━━━━━━━━━━[0m[37m━━━━━━━[0m [1m9:51[0m 14s/step - accuracy: 0.9152 - dice_coeff: 0.9182 - iou_score: 0.9044 - loss: 0.3077 - precision: 0.9231 - recall: 0.9782 
[1m 83/125[0m [32m━━━━━━━━━━━━━[0m[37m━━━━━━━[0m [1m9:36[0m 14s/step - accuracy: 0.9152 - dice_coeff: 0.9182 - iou_score: 0.9044 - loss: 0.3076 - precision: 0.9231 - recall: 0.9782
[1m 84/125[0m [32m━━━━━━━━━━━━━[0m[37m━━━━━━━[0m [1m9:22[0m 14s/step - accuracy: 0.9152 - dice_coeff: 0.9182 - iou_score: 0.9044 - loss: 0.3076 - precision: 0.9231 - recall: 0.9782
[1m 85/125[0m [32m━━━━━━━━━━━━━[0m[37m━━━━━━━[0m [1m9:08[0m 14s/step - accuracy: 0.9152 - dice_coeff: 0.9183 - iou_score: 0.9045 - loss: 0.3076 - precision: 0.9231 - recall: 0.9782
[1m 86/125[0m [32m━━━━━━━━━━━━━[0m[37m━━━━━━━[0m [1m8:54[0m 14s/step - accuracy: 0.9152 - dice_coeff: 0.9183 - iou_score: 0.9045 - loss: 0.3076 - precision: 0.9231 - recall: 0.9782
[1m 87/125[0m [32m━━━━━━━━━━━━━[0m[37m━━━━━━━[0m [1m8:40[0m 14s/step - accuracy: 0.9152 - dice_coeff: 0.9183 - iou_score: 0.9045 - loss: 0.3075 - precision: 0.9231 - recall: 0.9782
[1m 88/125[0m [32m━━━━━━━━━━━━━━[0m[37m━━━━━━[0m [1m8:26[0m 14s/step - accuracy: 0.9152 - dice_coeff: 0.9183 - iou_score: 0.9045 - loss: 0.3075 - precision: 0.9231 - recall: 0.9782
[1m 89/125[0m [32m━━━━━━━━━━━━━━[0m[37m━━━━━━[0m [1m8:12[0m 14s/step - accuracy: 0.9153 - dice_coeff: 0.9183 - iou_score: 0.9045 - loss: 0.3075 - precision: 0.9231 - recall: 0.9782
[1m 90/125[0m [32m━━━━━━━━━━━━━━[0m[37m━━━━━━[0m [1m7:58[0m 14s/step - accuracy: 0.9153 - dice_coeff: 0.9183 - iou_score: 0.9045 - loss: 0.3075 - precision: 0.9231 - recall: 0.9782
[1m 91/125[0m [32m━━━━━━━━━━━━━━[0m[37m━━━━━━[0m [1m7:44[0m 14s/step - accuracy: 0.9153 - dice_coeff: 0.9183 - iou_score: 0.9045 - loss: 0.3074 - precision: 0.9231 - recall: 0.9782
[1m 92/125[0m [32m━━━━━━━━━━━━━━[0m[37m━━━━━━[0m [1m7:30[0m 14s/step - accuracy: 0.9153 - dice_coeff: 0.9183 - iou_score: 0.9045 - loss: 0.3074 - precision: 0.9231 - recall: 0.9782
[1m 93/125[0m [32m━━━━━━━━━━━━━━[0m[37m━━━━━━[0m [1m7:16[0m 14s/step - accuracy: 0.9153 - dice_coeff: 0.9183 - iou_score: 0.9045 - loss: 0.3074 - precision: 0.9231 - recall: 0.9782
[1m 94/125[0m [32m━━━━━━━━━━━━━━━[0m[37m━━━━━[0m [1m7:02[0m 14s/step - accuracy: 0.9153 - dice_coeff: 0.9183 - iou_score: 0.9045 - loss: 0.3074 - precision: 0.9231 - recall: 0.9782
[1m 95/125[0m [32m━━━━━━━━━━━━━━━[0m[37m━━━━━[0m [1m6:49[0m 14s/step - accuracy: 0.9153 - dice_coeff: 0.9183 - iou_score: 0.9045 - loss: 0.3073 - precision: 0.9231 - recall: 0.9782
[1m 96/125[0m [32m━━━━━━━━━━━━━━━[0m[37m━━━━━[0m [1m6:35[0m 14s/step - accuracy: 0.9153 - dice_coeff: 0.9184 - iou_score: 0.9045 - loss: 0.3073 - precision: 0.9231 - recall: 0.9782
[1m 97/125[0m [32m━━━━━━━━━━━━━━━[0m[37m━━━━━[0m [1m6:21[0m 14s/step - accuracy: 0.9153 - dice_coeff: 0.9184 - iou_score: 0.9045 - loss: 0.3073 - precision: 0.9231 - recall: 0.9782
[1m 98/125[0m [32m━━━━━━━━━━━━━━━[0m[37m━━━━━[0m [1m6:07[0m 14s/step - accuracy: 0.9153 - dice_coeff: 0.9184 - iou_score: 0.9045 - loss: 0.3073 - precision: 0.9232 - recall: 0.9782
[1m 99/125[0m [32m━━━━━━━━━━━━━━━[0m[37m━━━━━[0m [1m5:53[0m 14s/step - accuracy: 0.9153 - dice_coeff: 0.9184 - iou_score: 0.9045 - loss: 0.3073 - precision: 0.9232 - recall: 0.9782
[1m100/125[0m [32m━━━━━━━━━━━━━━━━[0m[37m━━━━[0m [1m5:40[0m 14s/step - accuracy: 0.9153 - dice_coeff: 0.9184 - iou_score: 0.9045 - loss: 0.3072 - precision: 0.9232 - recall: 0.9782
[1m101/125[0m [32m━━━━━━━━━━━━━━━━[0m[37m━━━━[0m [1m5:26[0m 14s/step - accuracy: 0.9153 - dice_coeff: 0.9184 - iou_score: 0.9046 - loss: 0.3072 - precision: 0.9232 - recall: 0.9782
[1m102/125[0m [32m━━━━━━━━━━━━━━━━[0m[37m━━━━[0m [1m5:12[0m 14s/step - accuracy: 0.9153 - dice_coeff: 0.9184 - iou_score: 0.9046 - loss: 0.3072 - precision: 0.9232 - recall: 0.9782
[1m103/125[0m [32m━━━━━━━━━━━━━━━━[0m[37m━━━━[0m [1m4:58[0m 14s/step - accuracy: 0.9153 - dice_coeff: 0.9184 - iou_score: 0.9046 - loss: 0.3072 - precision: 0.9232 - recall: 0.9782
[1m104/125[0m [32m━━━━━━━━━━━━━━━━[0m[37m━━━━[0m [1m4:45[0m 14s/step - accuracy: 0.9153 - dice_coeff: 0.9184 - iou_score: 0.9046 - loss: 0.3072 - precision: 0.9232 - recall: 0.9782
[1m105/125[0m [32m━━━━━━━━━━━━━━━━[0m[37m━━━━[0m [1m4:31[0m 14s/step - accuracy: 0.9153 - dice_coeff: 0.9184 - iou_score: 0.9046 - loss: 0.3071 - precision: 0.9232 - recall: 0.9782
[1m106/125[0m [32m━━━━━━━━━━━━━━━━[0m[37m━━━━[0m [1m4:17[0m 14s/step - accuracy: 0.9153 - dice_coeff: 0.9184 - iou_score: 0.9046 - loss: 0.3071 - precision: 0.9232 - recall: 0.9782
[1m107/125[0m [32m━━━━━━━━━━━━━━━━━[0m[37m━━━[0m [1m4:04[0m 14s/step - accuracy: 0.9153 - dice_coeff: 0.9184 - iou_score: 0.9046 - loss: 0.3071 - precision: 0.9232 - recall: 0.9783
[1m108/125[0m [32m━━━━━━━━━━━━━━━━━[0m[37m━━━[0m [1m3:50[0m 14s/step - accuracy: 0.9153 - dice_coeff: 0.9184 - iou_score: 0.9046 - loss: 0.3071 - precision: 0.9232 - recall: 0.9783
[1m109/125[0m [32m━━━━━━━━━━━━━━━━━[0m[37m━━━[0m [1m3:36[0m 14s/step - accuracy: 0.9153 - dice_coeff: 0.9184 - iou_score: 0.9046 - loss: 0.3071 - precision: 0.9232 - recall: 0.9783
[1m110/125[0m [32m━━━━━━━━━━━━━━━━━[0m[37m━━━[0m [1m3:23[0m 14s/step - accuracy: 0.9153 - dice_coeff: 0.9184 - iou_score: 0.9046 - loss: 0.3071 - precision: 0.9232 - recall: 0.9783
[1m111/125[0m [32m━━━━━━━━━━━━━━━━━[0m[37m━━━[0m [1m3:09[0m 14s/step - accuracy: 0.9153 - dice_coeff: 0.9184 - iou_score: 0.9046 - loss: 0.3071 - precision: 0.9232 - recall: 0.9783
[1m112/125[0m [32m━━━━━━━━━━━━━━━━━[0m[37m━━━[0m [1m2:55[0m 14s/step - accuracy: 0.9153 - dice_coeff: 0.9185 - iou_score: 0.9046 - loss: 0.3071 - precision: 0.9232 - recall: 0.9783
[1m113/125[0m [32m━━━━━━━━━━━━━━━━━━[0m[37m━━[0m [1m2:42[0m 14s/step - accuracy: 0.9153 - dice_coeff: 0.9185 - iou_score: 0.9046 - loss: 0.3070 - precision: 0.9232 - recall: 0.9783
[1m114/125[0m [32m━━━━━━━━━━━━━━━━━━[0m[37m━━[0m [1m2:28[0m 14s/step - accuracy: 0.9153 - dice_coeff: 0.9185 - iou_score: 0.9046 - loss: 0.3070 - precision: 0.9232 - recall: 0.9783
[1m115/125[0m [32m━━━━━━━━━━━━━━━━━━[0m[37m━━[0m [1m2:15[0m 14s/step - accuracy: 0.9153 - dice_coeff: 0.9185 - iou_score: 0.9046 - loss: 0.3070 - precision: 0.9232 - recall: 0.9783
[1m116/125[0m [32m━━━━━━━━━━━━━━━━━━[0m[37m━━[0m [1m2:01[0m 14s/step - accuracy: 0.9153 - dice_coeff: 0.9185 - iou_score: 0.9046 - loss: 0.3070 - precision: 0.9232 - recall: 0.9783
[1m117/125[0m [32m━━━━━━━━━━━━━━━━━━[0m[37m━━[0m [1m1:48[0m 14s/step - accuracy: 0.9153 - dice_coeff: 0.9185 - iou_score: 0.9046 - loss: 0.3070 - precision: 0.9232 - recall: 0.9783
[1m118/125[0m [32m━━━━━━━━━━━━━━━━━━[0m[37m━━[0m [1m1:34[0m 14s/step - accuracy: 0.9153 - dice_coeff: 0.9185 - iou_score: 0.9046 - loss: 0.3070 - precision: 0.9232 - recall: 0.9783
[1m119/125[0m [32m━━━━━━━━━━━━━━━━━━━[0m[37m━[0m [1m1:21[0m 14s/step - accuracy: 0.9153 - dice_coeff: 0.9185 - iou_score: 0.9046 - loss: 0.3070 - precision: 0.9232 - recall: 0.9783
[1m120/125[0m [32m━━━━━━━━━━━━━━━━━━━[0m[37m━[0m [1m1:07[0m 14s/step - accuracy: 0.9153 - dice_coeff: 0.9185 - iou_score: 0.9046 - loss: 0.3070 - precision: 0.9232 - recall: 0.9783
[1m121/125[0m [32m━━━━━━━━━━━━━━━━━━━[0m[37m━[0m [1m54s[0m 14s/step - accuracy: 0.9153 - dice_coeff: 0.9185 - iou_score: 0.9046 - loss: 0.3070 - precision: 0.9232 - recall: 0.9783 
[1m122/125[0m [32m━━━━━━━━━━━━━━━━━━━[0m[37m━[0m [1m40s[0m 14s/step - accuracy: 0.9153 - dice_coeff: 0.9185 - iou_score: 0.9046 - loss: 0.3070 - precision: 0.9232 - recall: 0.9783
[1m123/125[0m [32m━━━━━━━━━━━━━━━━━━━[0m[37m━[0m [1m26s[0m 13s/step - accuracy: 0.9153 - dice_coeff: 0.9185 - iou_score: 0.9046 - loss: 0.3069 - precision: 0.9232 - recall: 0.9783
[1m124/125[0m [32m━━━━━━━━━━━━━━━━━━━[0m[37m━[0m [1m13s[0m 13s/step - accuracy: 0.9153 - dice_coeff: 0.9185 - iou_score: 0.9046 - loss: 0.3069 - precision: 0.9232 - recall: 0.9783
[1m125/125[0m [32m━━━━━━━━━━━━━━━━━━━━[0m[37m[0m [1m0s[0m 13s/step - accuracy: 0.9153 - dice_coeff: 0.9185 - iou_score: 0.9046 - loss: 0.3069 - precision: 0.9232 - recall: 0.9783 
Epoch 5: val_dice_coeff did not improve from 0.88240

[1m125/125[0m [32m━━━━━━━━━━━━━━━━━━━━[0m[37m[0m [1m1813s[0m 14s/step - accuracy: 0.9155 - dice_coeff: 0.9190 - iou_score: 0.9047 - loss: 0.3058 - precision: 0.9232 - recall: 0.9784 - val_accuracy: 0.7963 - val_dice_coeff: 0.8812 - val_iou_score: 0.7958 - val_loss: 0.9525 - val_precision: 0.7958 - val_recall: 1.0000 - learning_rate: 5.0000e-05
Epoch 6/100

[1m  1/125[0m [37m━━━━━━━━━━━━━━━━━━━━[0m [1m27:17[0m 13s/step - accuracy: 0.9082 - dice_coeff: 0.9157 - iou_score: 0.8980 - loss: 0.3236 - precision: 0.9170 - recall: 0.9774
[1m  2/125[0m [37m━━━━━━━━━━━━━━━━━━━━[0m [1m26:29[0m 13s/step - accuracy: 0.9081 - dice_coeff: 0.9160 - iou_score: 0.8976 - loss: 0.3248 - precision: 0.9151 - recall: 0.9791
[1m  3/125[0m [37m━━━━━━━━━━━━━━━━━━━━[0m [1m26:13[0m 13s/step - accuracy: 0.9098 - dice_coeff: 0.9170 - iou_score: 0.8993 - loss: 0.3210 - precision: 0.9170 - recall: 0.9790
[1m  4/125[0m [37m━━━━━━━━━━━━━━━━━━━━[0m [1m26:06[0m 13s/step - accuracy: 0.9108 - dice_coeff: 0.9176 - iou_score: 0.9003 - loss: 0.3182 - precision: 0.9177 - recall: 0.9794
[1m  5/125[0m [37m━━━━━━━━━━━━━━━━━━━━[0m [1m25:59[0m 13s/step - accuracy: 0.9114 - dice_coeff: 0.9180 - iou_score: 0.9008 - loss: 0.3164 - precision: 0.9180 - recall: 0.9797
[1m  6/125[0m [37m━━━━━━━━━━━━━━━━━━━━[0m [1m25:46[0m 13s/step - accuracy: 0.9116 - dice_coeff: 0.9181 - iou_score: 0.9009 - loss: 0.3159 - precision: 0.9184 - recall: 0.9794
[1m  7/125[0m [32m━[0m[37m━━━━━━━━━━━━━━━━━━━[0m [1m25:35[0m 13s/step - accuracy: 0.9119 - dice_coeff: 0.9182 - iou_score: 0.9013 - loss: 0.3148 - precision: 0.9189 - recall: 0.9792
[1m  8/125[0m [32m━[0m[37m━━━━━━━━━━━━━━━━━━━[0m [1m25:22[0m 13s/step - accuracy: 0.9123 - dice_coeff: 0.9184 - iou_score: 0.9016 - loss: 0.3137 - precision: 0.9194 - recall: 0.9790
[1m  9/125[0m [32m━[0m[37m━━━━━━━━━━━━━━━━━━━[0m [1m25:09[0m 13s/step - accuracy: 0.9126 - dice_coeff: 0.9185 - iou_score: 0.9019 - loss: 0.3130 - precision: 0.9199 - recall: 0.9788
[1m 10/125[0m [32m━[0m[37m━━━━━━━━━━━━━━━━━━━[0m [1m24:55[0m 13s/step - accuracy: 0.9127 - dice_coeff: 0.9185 - iou_score: 0.9019 - loss: 0.3129 - precision: 0.9200 - recall: 0.9787
[1m 11/125[0m [32m━[0m[37m━━━━━━━━━━━━━━━━━━━[0m [1m24:42[0m 13s/step - accuracy: 0.9127 - dice_coeff: 0.9184 - iou_score: 0.9019 - loss: 0.3129 - precision: 0.9201 - recall: 0.9786
[1m 12/125[0m [32m━[0m[37m━━━━━━━━━━━━━━━━━━━[0m [1m24:29[0m 13s/step - accuracy: 0.9128 - dice_coeff: 0.9184 - iou_score: 0.9020 - loss: 0.3127 - precision: 0.9203 - recall: 0.9785
[1m 13/125[0m [32m━━[0m[37m━━━━━━━━━━━━━━━━━━[0m [1m24:16[0m 13s/step - accuracy: 0.9129 - dice_coeff: 0.9185 - iou_score: 0.9021 - loss: 0.3124 - precision: 0.9204 - recall: 0.9785
[1m 14/125[0m [32m━━[0m[37m━━━━━━━━━━━━━━━━━━[0m [1m24:02[0m 13s/step - accuracy: 0.9131 - dice_coeff: 0.9185 - iou_score: 0.9023 - loss: 0.3120 - precision: 0.9206 - recall: 0.9785
[1m 15/125[0m [32m━━[0m[37m━━━━━━━━━━━━━━━━━━[0m [1m23:48[0m 13s/step - accuracy: 0.9132 - dice_coeff: 0.9186 - iou_score: 0.9024 - loss: 0.3117 - precision: 0.9207 - recall: 0.9785
[1m 16/125[0m [32m━━[0m[37m━━━━━━━━━━━━━━━━━━[0m [1m23:33[0m 13s/step - accuracy: 0.9133 - dice_coeff: 0.9186 - iou_score: 0.9025 - loss: 0.3115 - precision: 0.9208 - recall: 0.9786
[1m 17/125[0m [32m━━[0m[37m━━━━━━━━━━━━━━━━━━[0m [1m23:19[0m 13s/step - accuracy: 0.9134 - dice_coeff: 0.9186 - iou_score: 0.9026 - loss: 0.3112 - precision: 0.9208 - recall: 0.9786
[1m 18/125[0m [32m━━[0m[37m━━━━━━━━━━━━━━━━━━[0m [1m23:06[0m 13s/step - accuracy: 0.9135 - dice_coeff: 0.9187 - iou_score: 0.9027 - loss: 0.3109 - precision: 0.9209 - recall: 0.9786
[1m 19/125[0m [32m━━━[0m[37m━━━━━━━━━━━━━━━━━[0m [1m22:54[0m 13s/step - accuracy: 0.9135 - dice_coeff: 0.9187 - iou_score: 0.9028 - loss: 0.3108 - precision: 0.9209 - recall: 0.9787
[1m 20/125[0m [32m━━━[0m[37m━━━━━━━━━━━━━━━━━[0m [1m22:42[0m 13s/step - accuracy: 0.9136 - dice_coeff: 0.9187 - iou_score: 0.9028 - loss: 0.3106 - precision: 0.9210 - recall: 0.9787
[1m 21/125[0m [32m━━━[0m[37m━━━━━━━━━━━━━━━━━[0m [1m22:29[0m 13s/step - accuracy: 0.9136 - dice_coeff: 0.9187 - iou_score: 0.9029 - loss: 0.3105 - precision: 0.9210 - recall: 0.9787
[1m 22/125[0m [32m━━━[0m[37m━━━━━━━━━━━━━━━━━[0m [1m22:16[0m 13s/step - accuracy: 0.9137 - dice_coeff: 0.9188 - iou_score: 0.9029 - loss: 0.3103 - precision: 0.9211 - recall: 0.9787
[1m 23/125[0m [32m━━━[0m[37m━━━━━━━━━━━━━━━━━[0m [1m22:04[0m 13s/step - accuracy: 0.9138 - dice_coeff: 0.9188 - iou_score: 0.9030 - loss: 0.3100 - precision: 0.9212 - recall: 0.9787
[1m 24/125[0m [32m━━━[0m[37m━━━━━━━━━━━━━━━━━[0m [1m21:51[0m 13s/step - accuracy: 0.9139 - dice_coeff: 0.9189 - iou_score: 0.9031 - loss: 0.3098 - precision: 0.9213 - recall: 0.9787
[1m 25/125[0m [32m━━━━[0m[37m━━━━━━━━━━━━━━━━[0m [1m21:38[0m 13s/step - accuracy: 0.9140 - dice_coeff: 0.9189 - iou_score: 0.9032 - loss: 0.3095 - precision: 0.9214 - recall: 0.9787
[1m 26/125[0m [32m━━━━[0m[37m━━━━━━━━━━━━━━━━[0m [1m21:25[0m 13s/step - accuracy: 0.9141 - dice_coeff: 0.9190 - iou_score: 0.9033 - loss: 0.3093 - precision: 0.9215 - recall: 0.9787
[1m 27/125[0m [32m━━━━[0m[37m━━━━━━━━━━━━━━━━[0m [1m21:13[0m 13s/step - accuracy: 0.9141 - dice_coeff: 0.9190 - iou_score: 0.9034 - loss: 0.3091 - precision: 0.9216 - recall: 0.9787
[1m 28/125[0m [32m━━━━[0m[37m━━━━━━━━━━━━━━━━[0m [1m21:00[0m 13s/step - accuracy: 0.9142 - dice_coeff: 0.9191 - iou_score: 0.9035 - loss: 0.3089 - precision: 0.9217 - recall: 0.9787
[1m 29/125[0m [32m━━━━[0m[37m━━━━━━━━━━━━━━━━[0m [1m20:47[0m 13s/step - accuracy: 0.9143 - dice_coeff: 0.9191 - iou_score: 0.9036 - loss: 0.3086 - precision: 0.9218 - recall: 0.9787
[1m 30/125[0m [32m━━━━[0m[37m━━━━━━━━━━━━━━━━[0m [1m20:34[0m 13s/step - accuracy: 0.9144 - dice_coeff: 0.9192 - iou_score: 0.9037 - loss: 0.3084 - precision: 0.9219 - recall: 0.9787
[1m 31/125[0m [32m━━━━[0m[37m━━━━━━━━━━━━━━━━[0m [1m20:21[0m 13s/step - accuracy: 0.9145 - dice_coeff: 0.9192 - iou_score: 0.9038 - loss: 0.3081 - precision: 0.9220 - recall: 0.9787
[1m 32/125[0m [32m━━━━━[0m[37m━━━━━━━━━━━━━━━[0m [1m20:08[0m 13s/step - accuracy: 0.9146 - dice_coeff: 0.9193 - iou_score: 0.9039 - loss: 0.3078 - precision: 0.9221 - recall: 0.9787
[1m 33/125[0m [32m━━━━━[0m[37m━━━━━━━━━━━━━━━[0m [1m19:55[0m 13s/step - accuracy: 0.9147 - dice_coeff: 0.9193 - iou_score: 0.9040 - loss: 0.3075 - precision: 0.9222 - recall: 0.9787
[1m 34/125[0m [32m━━━━━[0m[37m━━━━━━━━━━━━━━━[0m [1m19:42[0m 13s/step - accuracy: 0.9147 - dice_coeff: 0.9194 - iou_score: 0.9041 - loss: 0.3073 - precision: 0.9223 - recall: 0.9787
[1m 35/125[0m [32m━━━━━[0m[37m━━━━━━━━━━━━━━━[0m [1m19:29[0m 13s/step - accuracy: 0.9148 - dice_coeff: 0.9194 - iou_score: 0.9042 - loss: 0.3071 - precision: 0.9224 - recall: 0.9787
[1m 36/125[0m [32m━━━━━[0m[37m━━━━━━━━━━━━━━━[0m [1m19:16[0m 13s/step - accuracy: 0.9149 - dice_coeff: 0.9195 - iou_score: 0.9043 - loss: 0.3069 - precision: 0.9225 - recall: 0.9787
[1m 37/125[0m [32m━━━━━[0m[37m━━━━━━━━━━━━━━━[0m [1m19:03[0m 13s/step - accuracy: 0.9149 - dice_coeff: 0.9195 - iou_score: 0.9043 - loss: 0.3067 - precision: 0.9225 - recall: 0.9787
[1m 38/125[0m [32m━━━━━━[0m[37m━━━━━━━━━━━━━━[0m [1m18:50[0m 13s/step - accuracy: 0.9150 - dice_coeff: 0.9196 - iou_score: 0.9044 - loss: 0.3066 - precision: 0.9226 - recall: 0.9787
[1m 39/125[0m [32m━━━━━━[0m[37m━━━━━━━━━━━━━━[0m [1m18:37[0m 13s/step - accuracy: 0.9150 - dice_coeff: 0.9196 - iou_score: 0.9044 - loss: 0.3065 - precision: 0.9226 - recall: 0.9787
[1m 40/125[0m [32m━━━━━━[0m[37m━━━━━━━━━━━━━━[0m [1m18:24[0m 13s/step - accuracy: 0.9151 - dice_coeff: 0.9196 - iou_score: 0.9045 - loss: 0.3063 - precision: 0.9226 - recall: 0.9787
[1m 41/125[0m [32m━━━━━━[0m[37m━━━━━━━━━━━━━━[0m [1m18:12[0m 13s/step - accuracy: 0.9151 - dice_coeff: 0.9197 - iou_score: 0.9045 - loss: 0.3062 - precision: 0.9227 - recall: 0.9788
[1m 42/125[0m [32m━━━━━━[0m[37m━━━━━━━━━━━━━━[0m [1m17:59[0m 13s/step - accuracy: 0.9151 - dice_coeff: 0.9197 - iou_score: 0.9046 - loss: 0.3061 - precision: 0.9227 - recall: 0.9788
[1m 43/125[0m [32m━━━━━━[0m[37m━━━━━━━━━━━━━━[0m [1m17:46[0m 13s/step - accuracy: 0.9152 - dice_coeff: 0.9197 - iou_score: 0.9046 - loss: 0.3060 - precision: 0.9227 - recall: 0.9788
[1m 44/125[0m [32m━━━━━━━[0m[37m━━━━━━━━━━━━━[0m [1m17:33[0m 13s/step - accuracy: 0.9152 - dice_coeff: 0.9198 - iou_score: 0.9046 - loss: 0.3059 - precision: 0.9228 - recall: 0.9788
[1m 45/125[0m [32m━━━━━━━[0m[37m━━━━━━━━━━━━━[0m [1m17:20[0m 13s/step - accuracy: 0.9152 - dice_coeff: 0.9198 - iou_score: 0.9047 - loss: 0.3058 - precision: 0.9228 - recall: 0.9788
[1m 46/125[0m [32m━━━━━━━[0m[37m━━━━━━━━━━━━━[0m [1m17:07[0m 13s/step - accuracy: 0.9153 - dice_coeff: 0.9198 - iou_score: 0.9047 - loss: 0.3057 - precision: 0.9228 - recall: 0.9788
[1m 47/125[0m [32m━━━━━━━[0m[37m━━━━━━━━━━━━━[0m [1m16:54[0m 13s/step - accuracy: 0.9153 - dice_coeff: 0.9198 - iou_score: 0.9048 - loss: 0.3056 - precision: 0.9229 - recall: 0.9788
[1m 48/125[0m [32m━━━━━━━[0m[37m━━━━━━━━━━━━━[0m [1m16:41[0m 13s/step - accuracy: 0.9153 - dice_coeff: 0.9199 - iou_score: 0.9048 - loss: 0.3054 - precision: 0.9229 - recall: 0.9788
[1m 49/125[0m [32m━━━━━━━[0m[37m━━━━━━━━━━━━━[0m [1m16:28[0m 13s/step - accuracy: 0.9154 - dice_coeff: 0.9199 - iou_score: 0.9048 - loss: 0.3054 - precision: 0.9229 - recall: 0.9789
[1m 50/125[0m [32m━━━━━━━━[0m[37m━━━━━━━━━━━━[0m [1m16:15[0m 13s/step - accuracy: 0.9154 - dice_coeff: 0.9199 - iou_score: 0.9049 - loss: 0.3053 - precision: 0.9229 - recall: 0.9789
[1m 51/125[0m [32m━━━━━━━━[0m[37m━━━━━━━━━━━━[0m [1m16:03[0m 13s/step - accuracy: 0.9154 - dice_coeff: 0.9199 - iou_score: 0.9049 - loss: 0.3052 - precision: 0.9230 - recall: 0.9789
[1m 52/125[0m [32m━━━━━━━━[0m[37m━━━━━━━━━━━━[0m [1m15:51[0m 13s/step - accuracy: 0.9154 - dice_coeff: 0.9199 - iou_score: 0.9049 - loss: 0.3051 - precision: 0.9230 - recall: 0.9789
[1m 53/125[0m [32m━━━━━━━━[0m[37m━━━━━━━━━━━━[0m [1m15:39[0m 13s/step - accuracy: 0.9155 - dice_coeff: 0.9200 - iou_score: 0.9049 - loss: 0.3050 - precision: 0.9230 - recall: 0.9789
[1m 54/125[0m [32m━━━━━━━━[0m[37m━━━━━━━━━━━━[0m [1m15:26[0m 13s/step - accuracy: 0.9155 - dice_coeff: 0.9200 - iou_score: 0.9050 - loss: 0.3049 - precision: 0.9230 - recall: 0.9789
[1m 55/125[0m [32m━━━━━━━━[0m[37m━━━━━━━━━━━━[0m [1m15:14[0m 13s/step - accuracy: 0.9155 - dice_coeff: 0.9200 - iou_score: 0.9050 - loss: 0.3049 - precision: 0.9231 - recall: 0.9789
[1m 56/125[0m [32m━━━━━━━━[0m[37m━━━━━━━━━━━━[0m [1m15:01[0m 13s/step - accuracy: 0.9155 - dice_coeff: 0.9200 - iou_score: 0.9050 - loss: 0.3048 - precision: 0.9231 - recall: 0.9789
[1m 57/125[0m [32m━━━━━━━━━[0m[37m━━━━━━━━━━━[0m [1m14:48[0m 13s/step - accuracy: 0.9155 - dice_coeff: 0.9200 - iou_score: 0.9050 - loss: 0.3047 - precision: 0.9231 - recall: 0.9789
[1m 58/125[0m [32m━━━━━━━━━[0m[37m━━━━━━━━━━━[0m [1m14:33[0m 13s/step - accuracy: 0.9155 - dice_coeff: 0.9200 - iou_score: 0.9050 - loss: 0.3047 - precision: 0.9231 - recall: 0.9789
[1m 59/125[0m [32m━━━━━━━━━[0m[37m━━━━━━━━━━━[0m [1m14:14[0m 13s/step - accuracy: 0.9156 - dice_coeff: 0.9200 - iou_score: 0.9051 - loss: 0.3046 - precision: 0.9231 - recall: 0.9789
[1m 60/125[0m [32m━━━━━━━━━[0m[37m━━━━━━━━━━━[0m [1m14:01[0m 13s/step - accuracy: 0.9156 - dice_coeff: 0.9201 - iou_score: 0.9051 - loss: 0.3045 - precision: 0.9232 - recall: 0.9789
[1m 61/125[0m [32m━━━━━━━━━[0m[37m━━━━━━━━━━━[0m [1m13:48[0m 13s/step - accuracy: 0.9156 - dice_coeff: 0.9201 - iou_score: 0.9051 - loss: 0.3045 - precision: 0.9232 - recall: 0.9789
[1m 62/125[0m [32m━━━━━━━━━[0m[37m━━━━━━━━━━━[0m [1m13:35[0m 13s/step - accuracy: 0.9156 - dice_coeff: 0.9201 - iou_score: 0.9051 - loss: 0.3044 - precision: 0.9232 - recall: 0.9789
[1m 63/125[0m [32m━━━━━━━━━━[0m[37m━━━━━━━━━━[0m [1m13:22[0m 13s/step - accuracy: 0.9156 - dice_coeff: 0.9201 - iou_score: 0.9051 - loss: 0.3044 - precision: 0.9232 - recall: 0.9789
[1m 64/125[0m [32m━━━━━━━━━━[0m[37m━━━━━━━━━━[0m [1m13:10[0m 13s/step - accuracy: 0.9156 - dice_coeff: 0.9201 - iou_score: 0.9051 - loss: 0.3043 - precision: 0.9232 - recall: 0.9789
[1m 65/125[0m [32m━━━━━━━━━━[0m[37m━━━━━━━━━━[0m [1m12:57[0m 13s/step - accuracy: 0.9156 - dice_coeff: 0.9201 - iou_score: 0.9051 - loss: 0.3043 - precision: 0.9232 - recall: 0.9789
[1m 66/125[0m [32m━━━━━━━━━━[0m[37m━━━━━━━━━━[0m [1m12:44[0m 13s/step - accuracy: 0.9156 - dice_coeff: 0.9201 - iou_score: 0.9051 - loss: 0.3043 - precision: 0.9232 - recall: 0.9789
[1m 67/125[0m [32m━━━━━━━━━━[0m[37m━━━━━━━━━━[0m [1m12:31[0m 13s/step - accuracy: 0.9157 - dice_coeff: 0.9201 - iou_score: 0.9051 - loss: 0.3042 - precision: 0.9232 - recall: 0.9789
[1m 68/125[0m [32m━━━━━━━━━━[0m[37m━━━━━━━━━━[0m [1m12:18[0m 13s/step - accuracy: 0.9157 - dice_coeff: 0.9201 - iou_score: 0.9052 - loss: 0.3042 - precision: 0.9232 - recall: 0.9789
[1m 69/125[0m [32m━━━━━━━━━━━[0m[37m━━━━━━━━━[0m [1m12:05[0m 13s/step - accuracy: 0.9157 - dice_coeff: 0.9201 - iou_score: 0.9052 - loss: 0.3041 - precision: 0.9233 - recall: 0.9789
[1m 70/125[0m [32m━━━━━━━━━━━[0m[37m━━━━━━━━━[0m [1m11:52[0m 13s/step - accuracy: 0.9157 - dice_coeff: 0.9201 - iou_score: 0.9052 - loss: 0.3041 - precision: 0.9233 - recall: 0.9789
[1m 71/125[0m [32m━━━━━━━━━━━[0m[37m━━━━━━━━━[0m [1m11:40[0m 13s/step - accuracy: 0.9157 - dice_coeff: 0.9201 - iou_score: 0.9052 - loss: 0.3040 - precision: 0.9233 - recall: 0.9789
[1m 72/125[0m [32m━━━━━━━━━━━[0m[37m━━━━━━━━━[0m [1m11:27[0m 13s/step - accuracy: 0.9157 - dice_coeff: 0.9201 - iou_score: 0.9052 - loss: 0.3040 - precision: 0.9233 - recall: 0.9789
[1m 73/125[0m [32m━━━━━━━━━━━[0m[37m━━━━━━━━━[0m [1m11:15[0m 13s/step - accuracy: 0.9157 - dice_coeff: 0.9202 - iou_score: 0.9052 - loss: 0.3039 - precision: 0.9233 - recall: 0.9789
[1m 74/125[0m [32m━━━━━━━━━━━[0m[37m━━━━━━━━━[0m [1m11:02[0m 13s/step - accuracy: 0.9157 - dice_coeff: 0.9202 - iou_score: 0.9052 - loss: 0.3039 - precision: 0.9233 - recall: 0.9789
[1m 75/125[0m [32m━━━━━━━━━━━━[0m[37m━━━━━━━━[0m [1m10:49[0m 13s/step - accuracy: 0.9157 - dice_coeff: 0.9202 - iou_score: 0.9052 - loss: 0.3039 - precision: 0.9233 - recall: 0.9789
[1m 76/125[0m [32m━━━━━━━━━━━━[0m[37m━━━━━━━━[0m [1m10:36[0m 13s/step - accuracy: 0.9157 - dice_coeff: 0.9202 - iou_score: 0.9052 - loss: 0.3038 - precision: 0.9233 - recall: 0.9789
[1m 77/125[0m [32m━━━━━━━━━━━━[0m[37m━━━━━━━━[0m [1m10:23[0m 13s/step - accuracy: 0.9157 - dice_coeff: 0.9202 - iou_score: 0.9052 - loss: 0.3038 - precision: 0.9233 - recall: 0.9789
[1m 78/125[0m [32m━━━━━━━━━━━━[0m[37m━━━━━━━━[0m [1m10:10[0m 13s/step - accuracy: 0.9158 - dice_coeff: 0.9202 - iou_score: 0.9052 - loss: 0.3037 - precision: 0.9234 - recall: 0.9789
[1m 79/125[0m [32m━━━━━━━━━━━━[0m[37m━━━━━━━━[0m [1m9:57[0m 13s/step - accuracy: 0.9158 - dice_coeff: 0.9202 - iou_score: 0.9053 - loss: 0.3037 - precision: 0.9234 - recall: 0.9788 
[1m 80/125[0m [32m━━━━━━━━━━━━[0m[37m━━━━━━━━[0m [1m9:44[0m 13s/step - accuracy: 0.9158 - dice_coeff: 0.9202 - iou_score: 0.9053 - loss: 0.3037 - precision: 0.9234 - recall: 0.9788
[1m 81/125[0m [32m━━━━━━━━━━━━[0m[37m━━━━━━━━[0m [1m9:31[0m 13s/step - accuracy: 0.9158 - dice_coeff: 0.9202 - iou_score: 0.9053 - loss: 0.3036 - precision: 0.9234 - recall: 0.9788
[1m 82/125[0m [32m━━━━━━━━━━━━━[0m[37m━━━━━━━[0m [1m9:18[0m 13s/step - accuracy: 0.9158 - dice_coeff: 0.9202 - iou_score: 0.9053 - loss: 0.3036 - precision: 0.9234 - recall: 0.9788
[1m 83/125[0m [32m━━━━━━━━━━━━━[0m[37m━━━━━━━[0m [1m9:05[0m 13s/step - accuracy: 0.9158 - dice_coeff: 0.9202 - iou_score: 0.9053 - loss: 0.3035 - precision: 0.9234 - recall: 0.9788
[1m 84/125[0m [32m━━━━━━━━━━━━━[0m[37m━━━━━━━[0m [1m8:52[0m 13s/step - accuracy: 0.9158 - dice_coeff: 0.9202 - iou_score: 0.9053 - loss: 0.3035 - precision: 0.9234 - recall: 0.9788
[1m 85/125[0m [32m━━━━━━━━━━━━━[0m[37m━━━━━━━[0m [1m8:39[0m 13s/step - accuracy: 0.9158 - dice_coeff: 0.9202 - iou_score: 0.9053 - loss: 0.3034 - precision: 0.9234 - recall: 0.9788
[1m 86/125[0m [32m━━━━━━━━━━━━━[0m[37m━━━━━━━[0m [1m8:26[0m 13s/step - accuracy: 0.9158 - dice_coeff: 0.9202 - iou_score: 0.9053 - loss: 0.3034 - precision: 0.9234 - recall: 0.9788
[1m 87/125[0m [32m━━━━━━━━━━━━━[0m[37m━━━━━━━[0m [1m8:13[0m 13s/step - accuracy: 0.9159 - dice_coeff: 0.9202 - iou_score: 0.9053 - loss: 0.3033 - precision: 0.9235 - recall: 0.9788
[1m 88/125[0m [32m━━━━━━━━━━━━━━[0m[37m━━━━━━[0m [1m8:00[0m 13s/step - accuracy: 0.9159 - dice_coeff: 0.9202 - iou_score: 0.9053 - loss: 0.3033 - precision: 0.9235 - recall: 0.9788
[1m 89/125[0m [32m━━━━━━━━━━━━━━[0m[37m━━━━━━[0m [1m7:47[0m 13s/step - accuracy: 0.9159 - dice_coeff: 0.9203 - iou_score: 0.9054 - loss: 0.3033 - precision: 0.9235 - recall: 0.9788
[1m 90/125[0m [32m━━━━━━━━━━━━━━[0m[37m━━━━━━[0m [1m7:34[0m 13s/step - accuracy: 0.9159 - dice_coeff: 0.9203 - iou_score: 0.9054 - loss: 0.3032 - precision: 0.9235 - recall: 0.9788
[1m 91/125[0m [32m━━━━━━━━━━━━━━[0m[37m━━━━━━[0m [1m7:21[0m 13s/step - accuracy: 0.9159 - dice_coeff: 0.9203 - iou_score: 0.9054 - loss: 0.3032 - precision: 0.9235 - recall: 0.9788
[1m 92/125[0m [32m━━━━━━━━━━━━━━[0m[37m━━━━━━[0m [1m7:08[0m 13s/step - accuracy: 0.9159 - dice_coeff: 0.9203 - iou_score: 0.9054 - loss: 0.3032 - precision: 0.9235 - recall: 0.9788
[1m 93/125[0m [32m━━━━━━━━━━━━━━[0m[37m━━━━━━[0m [1m6:55[0m 13s/step - accuracy: 0.9159 - dice_coeff: 0.9203 - iou_score: 0.9054 - loss: 0.3031 - precision: 0.9235 - recall: 0.9788
[1m 94/125[0m [32m━━━━━━━━━━━━━━━[0m[37m━━━━━[0m [1m6:42[0m 13s/step - accuracy: 0.9159 - dice_coeff: 0.9203 - iou_score: 0.9054 - loss: 0.3031 - precision: 0.9235 - recall: 0.9788
[1m 95/125[0m [32m━━━━━━━━━━━━━━━[0m[37m━━━━━[0m [1m6:29[0m 13s/step - accuracy: 0.9159 - dice_coeff: 0.9203 - iou_score: 0.9054 - loss: 0.3031 - precision: 0.9235 - recall: 0.9788
[1m 96/125[0m [32m━━━━━━━━━━━━━━━[0m[37m━━━━━[0m [1m6:16[0m 13s/step - accuracy: 0.9159 - dice_coeff: 0.9203 - iou_score: 0.9054 - loss: 0.3030 - precision: 0.9235 - recall: 0.9788
[1m 97/125[0m [32m━━━━━━━━━━━━━━━[0m[37m━━━━━[0m [1m6:03[0m 13s/step - accuracy: 0.9159 - dice_coeff: 0.9203 - iou_score: 0.9054 - loss: 0.3030 - precision: 0.9235 - recall: 0.9788
[1m 98/125[0m [32m━━━━━━━━━━━━━━━[0m[37m━━━━━[0m [1m5:50[0m 13s/step - accuracy: 0.9159 - dice_coeff: 0.9203 - iou_score: 0.9054 - loss: 0.3030 - precision: 0.9235 - recall: 0.9788
[1m 99/125[0m [32m━━━━━━━━━━━━━━━[0m[37m━━━━━[0m [1m5:37[0m 13s/step - accuracy: 0.9159 - dice_coeff: 0.9203 - iou_score: 0.9054 - loss: 0.3029 - precision: 0.9236 - recall: 0.9788
[1m100/125[0m [32m━━━━━━━━━━━━━━━━[0m[37m━━━━[0m [1m5:24[0m 13s/step - accuracy: 0.9160 - dice_coeff: 0.9203 - iou_score: 0.9054 - loss: 0.3029 - precision: 0.9236 - recall: 0.9788
[1m101/125[0m [32m━━━━━━━━━━━━━━━━[0m[37m━━━━[0m [1m5:11[0m 13s/step - accuracy: 0.9160 - dice_coeff: 0.9203 - iou_score: 0.9054 - loss: 0.3029 - precision: 0.9236 - recall: 0.9788
[1m102/125[0m [32m━━━━━━━━━━━━━━━━[0m[37m━━━━[0m [1m4:58[0m 13s/step - accuracy: 0.9160 - dice_coeff: 0.9203 - iou_score: 0.9054 - loss: 0.3028 - precision: 0.9236 - recall: 0.9788
[1m103/125[0m [32m━━━━━━━━━━━━━━━━[0m[37m━━━━[0m [1m4:45[0m 13s/step - accuracy: 0.9160 - dice_coeff: 0.9203 - iou_score: 0.9054 - loss: 0.3028 - precision: 0.9236 - recall: 0.9788
[1m104/125[0m [32m━━━━━━━━━━━━━━━━[0m[37m━━━━[0m [1m4:32[0m 13s/step - accuracy: 0.9160 - dice_coeff: 0.9203 - iou_score: 0.9054 - loss: 0.3028 - precision: 0.9236 - recall: 0.9788
[1m105/125[0m [32m━━━━━━━━━━━━━━━━[0m[37m━━━━[0m [1m4:19[0m 13s/step - accuracy: 0.9160 - dice_coeff: 0.9203 - iou_score: 0.9055 - loss: 0.3028 - precision: 0.9236 - recall: 0.9788
[1m106/125[0m [32m━━━━━━━━━━━━━━━━[0m[37m━━━━[0m [1m4:06[0m 13s/step - accuracy: 0.9160 - dice_coeff: 0.9204 - iou_score: 0.9055 - loss: 0.3027 - precision: 0.9236 - recall: 0.9788
[1m107/125[0m [32m━━━━━━━━━━━━━━━━━[0m[37m━━━[0m [1m3:53[0m 13s/step - accuracy: 0.9160 - dice_coeff: 0.9204 - iou_score: 0.9055 - loss: 0.3027 - precision: 0.9236 - recall: 0.9788
[1m108/125[0m [32m━━━━━━━━━━━━━━━━━[0m[37m━━━[0m [1m3:40[0m 13s/step - accuracy: 0.9160 - dice_coeff: 0.9204 - iou_score: 0.9055 - loss: 0.3027 - precision: 0.9236 - recall: 0.9788
[1m109/125[0m [32m━━━━━━━━━━━━━━━━━[0m[37m━━━[0m [1m3:27[0m 13s/step - accuracy: 0.9160 - dice_coeff: 0.9204 - iou_score: 0.9055 - loss: 0.3027 - precision: 0.9236 - recall: 0.9788
[1m110/125[0m [32m━━━━━━━━━━━━━━━━━[0m[37m━━━[0m [1m3:14[0m 13s/step - accuracy: 0.9160 - dice_coeff: 0.9204 - iou_score: 0.9055 - loss: 0.3026 - precision: 0.9236 - recall: 0.9788
[1m111/125[0m [32m━━━━━━━━━━━━━━━━━[0m[37m━━━[0m [1m3:01[0m 13s/step - accuracy: 0.9160 - dice_coeff: 0.9204 - iou_score: 0.9055 - loss: 0.3026 - precision: 0.9236 - recall: 0.9788
[1m112/125[0m [32m━━━━━━━━━━━━━━━━━[0m[37m━━━[0m [1m2:48[0m 13s/step - accuracy: 0.9160 - dice_coeff: 0.9204 - iou_score: 0.9055 - loss: 0.3026 - precision: 0.9236 - recall: 0.9788
[1m113/125[0m [32m━━━━━━━━━━━━━━━━━━[0m[37m━━[0m [1m2:35[0m 13s/step - accuracy: 0.9160 - dice_coeff: 0.9204 - iou_score: 0.9055 - loss: 0.3026 - precision: 0.9236 - recall: 0.9788
[1m114/125[0m [32m━━━━━━━━━━━━━━━━━━[0m[37m━━[0m [1m2:22[0m 13s/step - accuracy: 0.9160 - dice_coeff: 0.9204 - iou_score: 0.9055 - loss: 0.3026 - precision: 0.9236 - recall: 0.9788
[1m115/125[0m [32m━━━━━━━━━━━━━━━━━━[0m[37m━━[0m [1m2:09[0m 13s/step - accuracy: 0.9160 - dice_coeff: 0.9204 - iou_score: 0.9055 - loss: 0.3025 - precision: 0.9236 - recall: 0.9788
[1m116/125[0m [32m━━━━━━━━━━━━━━━━━━[0m[37m━━[0m [1m1:56[0m 13s/step - accuracy: 0.9160 - dice_coeff: 0.9204 - iou_score: 0.9055 - loss: 0.3025 - precision: 0.9236 - recall: 0.9788
[1m117/125[0m [32m━━━━━━━━━━━━━━━━━━[0m[37m━━[0m [1m1:43[0m 13s/step - accuracy: 0.9161 - dice_coeff: 0.9204 - iou_score: 0.9055 - loss: 0.3025 - precision: 0.9236 - recall: 0.9788
[1m118/125[0m [32m━━━━━━━━━━━━━━━━━━[0m[37m━━[0m [1m1:30[0m 13s/step - accuracy: 0.9161 - dice_coeff: 0.9204 - iou_score: 0.9055 - loss: 0.3025 - precision: 0.9237 - recall: 0.9788
[1m119/125[0m [32m━━━━━━━━━━━━━━━━━━━[0m[37m━[0m [1m1:17[0m 13s/step - accuracy: 0.9161 - dice_coeff: 0.9204 - iou_score: 0.9055 - loss: 0.3024 - precision: 0.9237 - recall: 0.9788
[1m120/125[0m [32m━━━━━━━━━━━━━━━━━━━[0m[37m━[0m [1m1:04[0m 13s/step - accuracy: 0.9161 - dice_coeff: 0.9204 - iou_score: 0.9055 - loss: 0.3024 - precision: 0.9237 - recall: 0.9788
[1m121/125[0m [32m━━━━━━━━━━━━━━━━━━━[0m[37m━[0m [1m51s[0m 13s/step - accuracy: 0.9161 - dice_coeff: 0.9204 - iou_score: 0.9055 - loss: 0.3024 - precision: 0.9237 - recall: 0.9788 
[1m122/125[0m [32m━━━━━━━━━━━━━━━━━━━[0m[37m━[0m [1m38s[0m 13s/step - accuracy: 0.9161 - dice_coeff: 0.9204 - iou_score: 0.9055 - loss: 0.3024 - precision: 0.9237 - recall: 0.9788
[1m123/125[0m [32m━━━━━━━━━━━━━━━━━━━[0m[37m━[0m [1m25s[0m 13s/step - accuracy: 0.9161 - dice_coeff: 0.9204 - iou_score: 0.9055 - loss: 0.3024 - precision: 0.9237 - recall: 0.9788
[1m124/125[0m [32m━━━━━━━━━━━━━━━━━━━[0m[37m━[0m [1m12s[0m 13s/step - accuracy: 0.9161 - dice_coeff: 0.9204 - iou_score: 0.9055 - loss: 0.3023 - precision: 0.9237 - recall: 0.9788
[1m125/125[0m [32m━━━━━━━━━━━━━━━━━━━━[0m[37m[0m [1m0s[0m 13s/step - accuracy: 0.9161 - dice_coeff: 0.9204 - iou_score: 0.9055 - loss: 0.3023 - precision: 0.9237 - recall: 0.9788 
Epoch 6: val_dice_coeff improved from 0.88240 to 0.88352, saving model to models/best_model.keras

Epoch 6: finished saving model to models/best_model.keras

[1m125/125[0m [32m━━━━━━━━━━━━━━━━━━━━[0m[37m[0m [1m1753s[0m 14s/step - accuracy: 0.9169 - dice_coeff: 0.9211 - iou_score: 0.9062 - loss: 0.2991 - precision: 0.9246 - recall: 0.9785 - val_accuracy: 0.7964 - val_dice_coeff: 0.8835 - val_iou_score: 0.7959 - val_loss: 0.9070 - val_precision: 0.7959 - val_recall: 1.0000 - learning_rate: 5.0000e-05
Epoch 7/100

[1m  1/125[0m [37m━━━━━━━━━━━━━━━━━━━━[0m [1m28:19[0m 14s/step - accuracy: 0.9181 - dice_coeff: 0.9242 - iou_score: 0.9071 - loss: 0.2924 - precision: 0.9166 - recall: 0.9887
[1m  2/125[0m [37m━━━━━━━━━━━━━━━━━━━━[0m [1m26:46[0m 13s/step - accuracy: 0.9201 - dice_coeff: 0.9248 - iou_score: 0.9099 - loss: 0.2877 - precision: 0.9214 - recall: 0.9865
[1m  3/125[0m [37m━━━━━━━━━━━━━━━━━━━━[0m [1m26:37[0m 13s/step - accuracy: 0.9198 - dice_coeff: 0.9244 - iou_score: 0.9096 - loss: 0.2894 - precision: 0.9219 - recall: 0.9856
[1m  4/125[0m [37m━━━━━━━━━━━━━━━━━━━━[0m [1m26:23[0m 13s/step - accuracy: 0.9187 - dice_coeff: 0.9236 - iou_score: 0.9084 - loss: 0.2925 - precision: 0.9211 - recall: 0.9851
[1m  5/125[0m [37m━━━━━━━━━━━━━━━━━━━━[0m [1m26:12[0m 13s/step - accuracy: 0.9181 - dice_coeff: 0.9233 - iou_score: 0.9077 - loss: 0.2944 - precision: 0.9207 - recall: 0.9848
[1m  6/125[0m [37m━━━━━━━━━━━━━━━━━━━━[0m [1m25:56[0m 13s/step - accuracy: 0.9177 - dice_coeff: 0.9230 - iou_score: 0.9072 - loss: 0.2957 - precision: 0.9203 - recall: 0.9846
[1m  7/125[0m [32m━[0m[37m━━━━━━━━━━━━━━━━━━━[0m [1m25:42[0m 13s/step - accuracy: 0.9175 - dice_coeff: 0.9228 - iou_score: 0.9070 - loss: 0.2963 - precision: 0.9202 - recall: 0.9844
[1m  8/125[0m [32m━[0m[37m━━━━━━━━━━━━━━━━━━━[0m [1m25:34[0m 13s/step - accuracy: 0.9174 - dice_coeff: 0.9227 - iou_score: 0.9069 - loss: 0.2966 - precision: 0.9203 - recall: 0.9842
[1m  9/125[0m [32m━[0m[37m━━━━━━━━━━━━━━━━━━━[0m [1m25:23[0m 13s/step - accuracy: 0.9174 - dice_coeff: 0.9227 - iou_score: 0.9068 - loss: 0.2966 - precision: 0.9205 - recall: 0.9840
[1m 10/125[0m [32m━[0m[37m━━━━━━━━━━━━━━━━━━━[0m [1m25:11[0m 13s/step - accuracy: 0.9175 - dice_coeff: 0.9227 - iou_score: 0.9069 - loss: 0.2964 - precision: 0.9209 - recall: 0.9836
[1m 11/125[0m [32m━[0m[37m━━━━━━━━━━━━━━━━━━━[0m [1m24:56[0m 13s/step - accuracy: 0.9177 - dice_coeff: 0.9227 - iou_score: 0.9071 - loss: 0.2960 - precision: 0.9214 - recall: 0.9833
[1m 12/125[0m [32m━[0m[37m━━━━━━━━━━━━━━━━━━━[0m [1m24:44[0m 13s/step - accuracy: 0.9178 - dice_coeff: 0.9227 - iou_score: 0.9072 - loss: 0.2958 - precision: 0.9218 - recall: 0.9829
[1m 13/125[0m [32m━━[0m[37m━━━━━━━━━━━━━━━━━━[0m [1m2:25:23[0m 78s/step - accuracy: 0.9178 - dice_coeff: 0.9227 - iou_score: 0.9072 - loss: 0.2958 - precision: 0.9220 - recall: 0.9826
[1m 14/125[0m [32m━━[0m[37m━━━━━━━━━━━━━━━━━━[0m [1m2:14:57[0m 73s/step - accuracy: 0.9179 - dice_coeff: 0.9227 - iou_score: 0.9072 - loss: 0.2956 - precision: 0.9224 - recall: 0.9823
[1m 15/125[0m [32m━━[0m[37m━━━━━━━━━━━━━━━━━━[0m [1m2:06:01[0m 69s/step - accuracy: 0.9179 - dice_coeff: 0.9227 - iou_score: 0.9073 - loss: 0.2954 - precision: 0.9227 - recall: 0.9820
[1m 16/125[0m [32m━━[0m[37m━━━━━━━━━━━━━━━━━━[0m [1m1:58:21[0m 65s/step - accuracy: 0.9180 - dice_coeff: 0.9227 - iou_score: 0.9074 - loss: 0.2952 - precision: 0.9230 - recall: 0.9818
[1m 17/125[0m [32m━━[0m[37m━━━━━━━━━━━━━━━━━━[0m [1m1:51:52[0m 62s/step - accuracy: 0.9181 - dice_coeff: 0.9227 - iou_score: 0.9074 - loss: 0.2951 - precision: 0.9232 - recall: 0.9817
[1m 18/125[0m [32m━━[0m[37m━━━━━━━━━━━━━━━━━━[0m [1m1:45:54[0m 59s/step - accuracy: 0.9181 - dice_coeff: 0.9227 - iou_score: 0.9075 - loss: 0.2950 - precision: 0.9233 - recall: 0.9815
[1m 19/125[0m [32m━━━[0m[37m━━━━━━━━━━━━━━━━━[0m [1m1:41:11[0m 57s/step - accuracy: 0.9181 - dice_coeff: 0.9228 - iou_score: 0.9075 - loss: 0.2949 - precision: 0.9235 - recall: 0.9814
[1m 20/125[0m [32m━━━[0m[37m━━━━━━━━━━━━━━━━━[0m [1m1:37:08[0m 56s/step - accuracy: 0.9182 - dice_coeff: 0.9228 - iou_score: 0.9075 - loss: 0.2948 - precision: 0.9236 - recall: 0.9813
[1m 21/125[0m [32m━━━[0m[37m━━━━━━━━━━━━━━━━━[0m [1m1:32:29[0m 53s/step - accuracy: 0.9182 - dice_coeff: 0.9228 - iou_score: 0.9076 - loss: 0.2947 - precision: 0.9237 - recall: 0.9812
[1m 22/125[0m [32m━━━[0m[37m━━━━━━━━━━━━━━━━━[0m [1m1:28:16[0m 51s/step - accuracy: 0.9182 - dice_coeff: 0.9228 - iou_score: 0.9076 - loss: 0.2946 - precision: 0.9238 - recall: 0.9811
[1m 23/125[0m [32m━━━[0m[37m━━━━━━━━━━━━━━━━━[0m [1m1:24:25[0m 50s/step - accuracy: 0.9183 - dice_coeff: 0.9228 - iou_score: 0.9077 - loss: 0.2945 - precision: 0.9239 - recall: 0.9811
[1m 24/125[0m [32m━━━[0m[37m━━━━━━━━━━━━━━━━━[0m [1m1:20:52[0m 48s/step - accuracy: 0.9183 - dice_coeff: 0.9228 - iou_score: 0.9077 - loss: 0.2943 - precision: 0.9240 - recall: 0.9810
[1m 25/125[0m [32m━━━━[0m[37m━━━━━━━━━━━━━━━━[0m [1m1:17:38[0m 47s/step - accuracy: 0.9184 - dice_coeff: 0.9229 - iou_score: 0.9078 - loss: 0.2942 - precision: 0.9241 - recall: 0.9810
[1m 26/125[0m [32m━━━━[0m[37m━━━━━━━━━━━━━━━━[0m [1m1:14:38[0m 45s/step - accuracy: 0.9184 - dice_coeff: 0.9229 - iou_score: 0.9078 - loss: 0.2940 - precision: 0.9242 - recall: 0.9809
[1m 27/125[0m [32m━━━━[0m[37m━━━━━━━━━━━━━━━━[0m [1m1:11:50[0m 44s/step - accuracy: 0.9185 - dice_coeff: 0.9229 - iou_score: 0.9079 - loss: 0.2939 - precision: 0.9243 - recall: 0.9809
[1m 28/125[0m [32m━━━━[0m[37m━━━━━━━━━━━━━━━━[0m [1m1:09:16[0m 43s/step - accuracy: 0.9185 - dice_coeff: 0.9229 - iou_score: 0.9079 - loss: 0.2937 - precision: 0.9244 - recall: 0.9809
[1m 29/125[0m [32m━━━━[0m[37m━━━━━━━━━━━━━━━━[0m [1m1:06:51[0m 42s/step - accuracy: 0.9185 - dice_coeff: 0.9230 - iou_score: 0.9080 - loss: 0.2936 - precision: 0.9244 - recall: 0.9809
[1m 30/125[0m [32m━━━━[0m[37m━━━━━━━━━━━━━━━━[0m [1m1:04:34[0m 41s/step - accuracy: 0.9186 - dice_coeff: 0.9230 - iou_score: 0.9080 - loss: 0.2934 - precision: 0.9245 - recall: 0.9808
[1m 31/125[0m [32m━━━━[0m[37m━━━━━━━━━━━━━━━━[0m [1m1:02:27[0m 40s/step - accuracy: 0.9186 - dice_coeff: 0.9230 - iou_score: 0.9081 - loss: 0.2934 - precision: 0.9245 - recall: 0.9808
[1m 32/125[0m [32m━━━━━[0m[37m━━━━━━━━━━━━━━━[0m [1m1:00:27[0m 39s/step - accuracy: 0.9186 - dice_coeff: 0.9230 - iou_score: 0.9081 - loss: 0.2933 - precision: 0.9246 - recall: 0.9808
[1m 33/125[0m [32m━━━━━[0m[37m━━━━━━━━━━━━━━━[0m [1m58:33[0m 38s/step - accuracy: 0.9186 - dice_coeff: 0.9230 - iou_score: 0.9081 - loss: 0.2932 - precision: 0.9246 - recall: 0.9808  
[1m 34/125[0m [32m━━━━━[0m[37m━━━━━━━━━━━━━━━[0m [1m56:45[0m 37s/step - accuracy: 0.9187 - dice_coeff: 0.9230 - iou_score: 0.9081 - loss: 0.2931 - precision: 0.9247 - recall: 0.9808
[1m 35/125[0m [32m━━━━━[0m[37m━━━━━━━━━━━━━━━[0m [1m55:02[0m 37s/step - accuracy: 0.9187 - dice_coeff: 0.9231 - iou_score: 0.9082 - loss: 0.2930 - precision: 0.9247 - recall: 0.9807
[1m 36/125[0m [32m━━━━━[0m[37m━━━━━━━━━━━━━━━[0m [1m53:26[0m 36s/step - accuracy: 0.9187 - dice_coeff: 0.9231 - iou_score: 0.9082 - loss: 0.2930 - precision: 0.9248 - recall: 0.9807
[1m 37/125[0m [32m━━━━━[0m[37m━━━━━━━━━━━━━━━[0m [1m51:54[0m 35s/step - accuracy: 0.9187 - dice_coeff: 0.9231 - iou_score: 0.9082 - loss: 0.2929 - precision: 0.9248 - recall: 0.9807
[1m 38/125[0m [32m━━━━━━[0m[37m━━━━━━━━━━━━━━[0m [1m50:26[0m 35s/step - accuracy: 0.9188 - dice_coeff: 0.9231 - iou_score: 0.9082 - loss: 0.2928 - precision: 0.9249 - recall: 0.9806
[1m 39/125[0m [32m━━━━━━[0m[37m━━━━━━━━━━━━━━[0m [1m49:02[0m 34s/step - accuracy: 0.9188 - dice_coeff: 0.9231 - iou_score: 0.9083 - loss: 0.2927 - precision: 0.9249 - recall: 0.9806
[1m 40/125[0m [32m━━━━━━[0m[37m━━━━━━━━━━━━━━[0m [1m47:41[0m 34s/step - accuracy: 0.9188 - dice_coeff: 0.9231 - iou_score: 0.9083 - loss: 0.2926 - precision: 0.9250 - recall: 0.9806
[1m 41/125[0m [32m━━━━━━[0m[37m━━━━━━━━━━━━━━[0m [1m46:24[0m 33s/step - accuracy: 0.9189 - dice_coeff: 0.9232 - iou_score: 0.9083 - loss: 0.2925 - precision: 0.9251 - recall: 0.9806
[1m 42/125[0m [32m━━━━━━[0m[37m━━━━━━━━━━━━━━[0m [1m45:10[0m 33s/step - accuracy: 0.9189 - dice_coeff: 0.9232 - iou_score: 0.9084 - loss: 0.2924 - precision: 0.9251 - recall: 0.9805
[1m 43/125[0m [32m━━━━━━[0m[37m━━━━━━━━━━━━━━[0m [1m43:59[0m 32s/step - accuracy: 0.9189 - dice_coeff: 0.9232 - iou_score: 0.9084 - loss: 0.2923 - precision: 0.9252 - recall: 0.9805
[1m 44/125[0m [32m━━━━━━━[0m[37m━━━━━━━━━━━━━[0m [1m42:50[0m 32s/step - accuracy: 0.9190 - dice_coeff: 0.9232 - iou_score: 0.9084 - loss: 0.2922 - precision: 0.9252 - recall: 0.9805
[1m 45/125[0m [32m━━━━━━━[0m[37m━━━━━━━━━━━━━[0m [1m41:45[0m 31s/step - accuracy: 0.9190 - dice_coeff: 0.9232 - iou_score: 0.9085 - loss: 0.2921 - precision: 0.9253 - recall: 0.9805
[1m 46/125[0m [32m━━━━━━━[0m[37m━━━━━━━━━━━━━[0m [1m40:41[0m 31s/step - accuracy: 0.9190 - dice_coeff: 0.9233 - iou_score: 0.9085 - loss: 0.2920 - precision: 0.9253 - recall: 0.9804
[1m 47/125[0m [32m━━━━━━━[0m[37m━━━━━━━━━━━━━[0m [1m39:40[0m 31s/step - accuracy: 0.9190 - dice_coeff: 0.9233 - iou_score: 0.9085 - loss: 0.2920 - precision: 0.9254 - recall: 0.9804
[1m 48/125[0m [32m━━━━━━━[0m[37m━━━━━━━━━━━━━[0m [1m38:41[0m 30s/step - accuracy: 0.9191 - dice_coeff: 0.9233 - iou_score: 0.9085 - loss: 0.2919 - precision: 0.9254 - recall: 0.9804
[1m 49/125[0m [32m━━━━━━━[0m[37m━━━━━━━━━━━━━[0m [1m37:44[0m 30s/step - accuracy: 0.9191 - dice_coeff: 0.9233 - iou_score: 0.9086 - loss: 0.2918 - precision: 0.9254 - recall: 0.9804
[1m 50/125[0m [32m━━━━━━━━[0m[37m━━━━━━━━━━━━[0m [1m36:49[0m 29s/step - accuracy: 0.9191 - dice_coeff: 0.9233 - iou_score: 0.9086 - loss: 0.2918 - precision: 0.9255 - recall: 0.9804
[1m 51/125[0m [32m━━━━━━━━[0m[37m━━━━━━━━━━━━[0m [1m35:56[0m 29s/step - accuracy: 0.9191 - dice_coeff: 0.9233 - iou_score: 0.9086 - loss: 0.2917 - precision: 0.9255 - recall: 0.9804
[1m 52/125[0m [32m━━━━━━━━[0m[37m━━━━━━━━━━━━[0m [1m35:04[0m 29s/step - accuracy: 0.9191 - dice_coeff: 0.9234 - iou_score: 0.9086 - loss: 0.2916 - precision: 0.9255 - recall: 0.9804
[1m 53/125[0m [32m━━━━━━━━[0m[37m━━━━━━━━━━━━[0m [1m34:14[0m 29s/step - accuracy: 0.9192 - dice_coeff: 0.9234 - iou_score: 0.9087 - loss: 0.2916 - precision: 0.9256 - recall: 0.9804
[1m 54/125[0m [32m━━━━━━━━[0m[37m━━━━━━━━━━━━[0m [1m33:25[0m 28s/step - accuracy: 0.9192 - dice_coeff: 0.9234 - iou_score: 0.9087 - loss: 0.2915 - precision: 0.9256 - recall: 0.9804
[1m 55/125[0m [32m━━━━━━━━[0m[37m━━━━━━━━━━━━[0m [1m32:38[0m 28s/step - accuracy: 0.9192 - dice_coeff: 0.9234 - iou_score: 0.9087 - loss: 0.2915 - precision: 0.9256 - recall: 0.9803
[1m 56/125[0m [32m━━━━━━━━[0m[37m━━━━━━━━━━━━[0m [1m31:51[0m 28s/step - accuracy: 0.9192 - dice_coeff: 0.9234 - iou_score: 0.9087 - loss: 0.2915 - precision: 0.9256 - recall: 0.9803
[1m 57/125[0m [32m━━━━━━━━━[0m[37m━━━━━━━━━━━[0m [1m31:06[0m 27s/step - accuracy: 0.9192 - dice_coeff: 0.9234 - iou_score: 0.9087 - loss: 0.2914 - precision: 0.9256 - recall: 0.9803
[1m 58/125[0m [32m━━━━━━━━━[0m[37m━━━━━━━━━━━[0m [1m30:20[0m 27s/step - accuracy: 0.9192 - dice_coeff: 0.9234 - iou_score: 0.9087 - loss: 0.2914 - precision: 0.9256 - recall: 0.9803
[1m 59/125[0m [32m━━━━━━━━━[0m[37m━━━━━━━━━━━[0m [1m29:31[0m 27s/step - accuracy: 0.9192 - dice_coeff: 0.9234 - iou_score: 0.9087 - loss: 0.2914 - precision: 0.9257 - recall: 0.9803
[1m 60/125[0m [32m━━━━━━━━━[0m[37m━━━━━━━━━━━[0m [1m28:45[0m 27s/step - accuracy: 0.9192 - dice_coeff: 0.9234 - iou_score: 0.9087 - loss: 0.2914 - precision: 0.9257 - recall: 0.9803
[1m 61/125[0m [32m━━━━━━━━━[0m[37m━━━━━━━━━━━[0m [1m28:04[0m 26s/step - accuracy: 0.9192 - dice_coeff: 0.9234 - iou_score: 0.9087 - loss: 0.2913 - precision: 0.9257 - recall: 0.9803
[1m 62/125[0m [32m━━━━━━━━━[0m[37m━━━━━━━━━━━[0m [1m27:24[0m 26s/step - accuracy: 0.9192 - dice_coeff: 0.9234 - iou_score: 0.9087 - loss: 0.2913 - precision: 0.9257 - recall: 0.9803
[1m 63/125[0m [32m━━━━━━━━━━[0m[37m━━━━━━━━━━[0m [1m26:45[0m 26s/step - accuracy: 0.9192 - dice_coeff: 0.9235 - iou_score: 0.9087 - loss: 0.2913 - precision: 0.9257 - recall: 0.9803
[1m 64/125[0m [32m━━━━━━━━━━[0m[37m━━━━━━━━━━[0m [1m26:07[0m 26s/step - accuracy: 0.9192 - dice_coeff: 0.9235 - iou_score: 0.9087 - loss: 0.2913 - precision: 0.9257 - recall: 0.9803
[1m 65/125[0m [32m━━━━━━━━━━[0m[37m━━━━━━━━━━[0m [1m25:29[0m 25s/step - accuracy: 0.9192 - dice_coeff: 0.9235 - iou_score: 0.9087 - loss: 0.2913 - precision: 0.9257 - recall: 0.9802
[1m 66/125[0m [32m━━━━━━━━━━[0m[37m━━━━━━━━━━[0m [1m24:52[0m 25s/step - accuracy: 0.9192 - dice_coeff: 0.9235 - iou_score: 0.9087 - loss: 0.2913 - precision: 0.9258 - recall: 0.9802
[1m 67/125[0m [32m━━━━━━━━━━[0m[37m━━━━━━━━━━[0m [1m24:16[0m 25s/step - accuracy: 0.9192 - dice_coeff: 0.9235 - iou_score: 0.9087 - loss: 0.2913 - precision: 0.9258 - recall: 0.9802
[1m 68/125[0m [32m━━━━━━━━━━[0m[37m━━━━━━━━━━[0m [1m23:41[0m 25s/step - accuracy: 0.9192 - dice_coeff: 0.9235 - iou_score: 0.9087 - loss: 0.2913 - precision: 0.9258 - recall: 0.9802
[1m 69/125[0m [32m━━━━━━━━━━━[0m[37m━━━━━━━━━[0m [1m23:06[0m 25s/step - accuracy: 0.9192 - dice_coeff: 0.9235 - iou_score: 0.9087 - loss: 0.2913 - precision: 0.9258 - recall: 0.9802
[1m 70/125[0m [32m━━━━━━━━━━━[0m[37m━━━━━━━━━[0m [1m22:32[0m 25s/step - accuracy: 0.9192 - dice_coeff: 0.9235 - iou_score: 0.9087 - loss: 0.2913 - precision: 0.9258 - recall: 0.9802
[1m 71/125[0m [32m━━━━━━━━━━━[0m[37m━━━━━━━━━[0m [1m21:58[0m 24s/step - accuracy: 0.9192 - dice_coeff: 0.9235 - iou_score: 0.9087 - loss: 0.2913 - precision: 0.9258 - recall: 0.9802
[1m 72/125[0m [32m━━━━━━━━━━━[0m[37m━━━━━━━━━[0m [1m21:25[0m 24s/step - accuracy: 0.9192 - dice_coeff: 0.9235 - iou_score: 0.9087 - loss: 0.2913 - precision: 0.9258 - recall: 0.9802
[1m 73/125[0m [32m━━━━━━━━━━━[0m[37m━━━━━━━━━[0m [1m20:53[0m 24s/step - accuracy: 0.9192 - dice_coeff: 0.9235 - iou_score: 0.9087 - loss: 0.2913 - precision: 0.9258 - recall: 0.9802
[1m 74/125[0m [32m━━━━━━━━━━━[0m[37m━━━━━━━━━[0m [1m20:21[0m 24s/step - accuracy: 0.9192 - dice_coeff: 0.9235 - iou_score: 0.9087 - loss: 0.2914 - precision: 0.9258 - recall: 0.9802
[1m 75/125[0m [32m━━━━━━━━━━━━[0m[37m━━━━━━━━[0m [1m19:49[0m 24s/step - accuracy: 0.9192 - dice_coeff: 0.9234 - iou_score: 0.9087 - loss: 0.2914 - precision: 0.9258 - recall: 0.9801
[1m 76/125[0m [32m━━━━━━━━━━━━[0m[37m━━━━━━━━[0m [1m19:18[0m 24s/step - accuracy: 0.9191 - dice_coeff: 0.9234 - iou_score: 0.9086 - loss: 0.2914 - precision: 0.9258 - recall: 0.9801
[1m 77/125[0m [32m━━━━━━━━━━━━[0m[37m━━━━━━━━[0m [1m18:48[0m 24s/step - accuracy: 0.9191 - dice_coeff: 0.9234 - iou_score: 0.9086 - loss: 0.2914 - precision: 0.9258 - recall: 0.9801
[1m 78/125[0m [32m━━━━━━━━━━━━[0m[37m━━━━━━━━[0m [1m18:18[0m 23s/step - accuracy: 0.9191 - dice_coeff: 0.9234 - iou_score: 0.9086 - loss: 0.2914 - precision: 0.9258 - recall: 0.9801
[1m 79/125[0m [32m━━━━━━━━━━━━[0m[37m━━━━━━━━[0m [1m17:49[0m 23s/step - accuracy: 0.9191 - dice_coeff: 0.9234 - iou_score: 0.9086 - loss: 0.2914 - precision: 0.9258 - recall: 0.9801
[1m 80/125[0m [32m━━━━━━━━━━━━[0m[37m━━━━━━━━[0m [1m17:19[0m 23s/step - accuracy: 0.9191 - dice_coeff: 0.9234 - iou_score: 0.9086 - loss: 0.2914 - precision: 0.9257 - recall: 0.9801
[1m 81/125[0m [32m━━━━━━━━━━━━[0m[37m━━━━━━━━[0m [1m16:51[0m 23s/step - accuracy: 0.9191 - dice_coeff: 0.9234 - iou_score: 0.9086 - loss: 0.2915 - precision: 0.9257 - recall: 0.9801
[1m 82/125[0m [32m━━━━━━━━━━━━━[0m[37m━━━━━━━[0m [1m16:23[0m 23s/step - accuracy: 0.9191 - dice_coeff: 0.9234 - iou_score: 0.9086 - loss: 0.2915 - precision: 0.9257 - recall: 0.9801
[1m 83/125[0m [32m━━━━━━━━━━━━━[0m[37m━━━━━━━[0m [1m15:55[0m 23s/step - accuracy: 0.9191 - dice_coeff: 0.9234 - iou_score: 0.9086 - loss: 0.2915 - precision: 0.9257 - recall: 0.9801
[1m 84/125[0m [32m━━━━━━━━━━━━━[0m[37m━━━━━━━[0m [1m15:27[0m 23s/step - accuracy: 0.9191 - dice_coeff: 0.9234 - iou_score: 0.9086 - loss: 0.2915 - precision: 0.9257 - recall: 0.9801
[1m 85/125[0m [32m━━━━━━━━━━━━━[0m[37m━━━━━━━[0m [1m15:00[0m 23s/step - accuracy: 0.9191 - dice_coeff: 0.9234 - iou_score: 0.9086 - loss: 0.2916 - precision: 0.9257 - recall: 0.9801
[1m 86/125[0m [32m━━━━━━━━━━━━━[0m[37m━━━━━━━[0m [1m14:33[0m 22s/step - accuracy: 0.9191 - dice_coeff: 0.9234 - iou_score: 0.9085 - loss: 0.2916 - precision: 0.9257 - recall: 0.9800
[1m 87/125[0m [32m━━━━━━━━━━━━━[0m[37m━━━━━━━[0m [1m14:06[0m 22s/step - accuracy: 0.9190 - dice_coeff: 0.9234 - iou_score: 0.9085 - loss: 0.2916 - precision: 0.9257 - recall: 0.9800
[1m 88/125[0m [32m━━━━━━━━━━━━━━[0m[37m━━━━━━[0m [1m13:40[0m 22s/step - accuracy: 0.9190 - dice_coeff: 0.9234 - iou_score: 0.9085 - loss: 0.2916 - precision: 0.9257 - recall: 0.9800
[1m 89/125[0m [32m━━━━━━━━━━━━━━[0m[37m━━━━━━[0m [1m13:14[0m 22s/step - accuracy: 0.9190 - dice_coeff: 0.9234 - iou_score: 0.9085 - loss: 0.2917 - precision: 0.9257 - recall: 0.9800
[1m 90/125[0m [32m━━━━━━━━━━━━━━[0m[37m━━━━━━[0m [1m12:48[0m 22s/step - accuracy: 0.9190 - dice_coeff: 0.9233 - iou_score: 0.9085 - loss: 0.2917 - precision: 0.9257 - recall: 0.9800
[1m 91/125[0m [32m━━━━━━━━━━━━━━[0m[37m━━━━━━[0m [1m12:23[0m 22s/step - accuracy: 0.9190 - dice_coeff: 0.9233 - iou_score: 0.9085 - loss: 0.2917 - precision: 0.9257 - recall: 0.9800
[1m 92/125[0m [32m━━━━━━━━━━━━━━[0m[37m━━━━━━[0m [1m11:58[0m 22s/step - accuracy: 0.9190 - dice_coeff: 0.9233 - iou_score: 0.9085 - loss: 0.2918 - precision: 0.9257 - recall: 0.9800
[1m 93/125[0m [32m━━━━━━━━━━━━━━[0m[37m━━━━━━[0m [1m11:33[0m 22s/step - accuracy: 0.9190 - dice_coeff: 0.9233 - iou_score: 0.9085 - loss: 0.2918 - precision: 0.9257 - recall: 0.9800
[1m 94/125[0m [32m━━━━━━━━━━━━━━━[0m[37m━━━━━[0m [1m11:08[0m 22s/step - accuracy: 0.9190 - dice_coeff: 0.9233 - iou_score: 0.9084 - loss: 0.2918 - precision: 0.9257 - recall: 0.9800
[1m 95/125[0m [32m━━━━━━━━━━━━━━━[0m[37m━━━━━[0m [1m10:44[0m 21s/step - accuracy: 0.9190 - dice_coeff: 0.9233 - iou_score: 0.9084 - loss: 0.2918 - precision: 0.9257 - recall: 0.9800
[1m 96/125[0m [32m━━━━━━━━━━━━━━━[0m[37m━━━━━[0m [1m10:20[0m 21s/step - accuracy: 0.9190 - dice_coeff: 0.9233 - iou_score: 0.9084 - loss: 0.2918 - precision: 0.9257 - recall: 0.9800
[1m 97/125[0m [32m━━━━━━━━━━━━━━━[0m[37m━━━━━[0m [1m9:56[0m 21s/step - accuracy: 0.9189 - dice_coeff: 0.9233 - iou_score: 0.9084 - loss: 0.2919 - precision: 0.9257 - recall: 0.9799 
[1m 98/125[0m [32m━━━━━━━━━━━━━━━[0m[37m━━━━━[0m [1m9:32[0m 21s/step - accuracy: 0.9189 - dice_coeff: 0.9233 - iou_score: 0.9084 - loss: 0.2919 - precision: 0.9257 - recall: 0.9799
[1m 99/125[0m [32m━━━━━━━━━━━━━━━[0m[37m━━━━━[0m [1m9:09[0m 21s/step - accuracy: 0.9189 - dice_coeff: 0.9233 - iou_score: 0.9084 - loss: 0.2919 - precision: 0.9257 - recall: 0.9799
[1m100/125[0m [32m━━━━━━━━━━━━━━━━[0m[37m━━━━[0m [1m8:46[0m 21s/step - accuracy: 0.9189 - dice_coeff: 0.9233 - iou_score: 0.9084 - loss: 0.2919 - precision: 0.9257 - recall: 0.9799
[1m101/125[0m [32m━━━━━━━━━━━━━━━━[0m[37m━━━━[0m [1m8:23[0m 21s/step - accuracy: 0.9189 - dice_coeff: 0.9233 - iou_score: 0.9084 - loss: 0.2919 - precision: 0.9257 - recall: 0.9799
[1m102/125[0m [32m━━━━━━━━━━━━━━━━[0m[37m━━━━[0m [1m8:00[0m 21s/step - accuracy: 0.9189 - dice_coeff: 0.9233 - iou_score: 0.9084 - loss: 0.2919 - precision: 0.9257 - recall: 0.9799
[1m103/125[0m [32m━━━━━━━━━━━━━━━━[0m[37m━━━━[0m [1m7:37[0m 21s/step - accuracy: 0.9189 - dice_coeff: 0.9233 - iou_score: 0.9084 - loss: 0.2919 - precision: 0.9257 - recall: 0.9799
[1m104/125[0m [32m━━━━━━━━━━━━━━━━[0m[37m━━━━[0m [1m7:15[0m 21s/step - accuracy: 0.9189 - dice_coeff: 0.9233 - iou_score: 0.9084 - loss: 0.2919 - precision: 0.9257 - recall: 0.9799
[1m105/125[0m [32m━━━━━━━━━━━━━━━━[0m[37m━━━━[0m [1m6:53[0m 21s/step - accuracy: 0.9189 - dice_coeff: 0.9233 - iou_score: 0.9084 - loss: 0.2919 - precision: 0.9257 - recall: 0.9799
[1m106/125[0m [32m━━━━━━━━━━━━━━━━[0m[37m━━━━[0m [1m6:31[0m 21s/step - accuracy: 0.9189 - dice_coeff: 0.9233 - iou_score: 0.9084 - loss: 0.2920 - precision: 0.9257 - recall: 0.9799
[1m107/125[0m [32m━━━━━━━━━━━━━━━━━[0m[37m━━━[0m [1m6:09[0m 21s/step - accuracy: 0.9189 - dice_coeff: 0.9233 - iou_score: 0.9083 - loss: 0.2920 - precision: 0.9257 - recall: 0.9799
[1m108/125[0m [32m━━━━━━━━━━━━━━━━━[0m[37m━━━[0m [1m5:47[0m 20s/step - accuracy: 0.9189 - dice_coeff: 0.9233 - iou_score: 0.9083 - loss: 0.2920 - precision: 0.9257 - recall: 0.9799
[1m109/125[0m [32m━━━━━━━━━━━━━━━━━[0m[37m━━━[0m [1m5:25[0m 20s/step - accuracy: 0.9189 - dice_coeff: 0.9233 - iou_score: 0.9083 - loss: 0.2920 - precision: 0.9257 - recall: 0.9799
[1m110/125[0m [32m━━━━━━━━━━━━━━━━━[0m[37m━━━[0m [1m5:04[0m 20s/step - accuracy: 0.9189 - dice_coeff: 0.9232 - iou_score: 0.9083 - loss: 0.2920 - precision: 0.9257 - recall: 0.9798
[1m111/125[0m [32m━━━━━━━━━━━━━━━━━[0m[37m━━━[0m [1m4:43[0m 20s/step - accuracy: 0.9189 - dice_coeff: 0.9232 - iou_score: 0.9083 - loss: 0.2921 - precision: 0.9257 - recall: 0.9798
[1m112/125[0m [32m━━━━━━━━━━━━━━━━━[0m[37m━━━[0m [1m4:22[0m 20s/step - accuracy: 0.9188 - dice_coeff: 0.9232 - iou_score: 0.9083 - loss: 0.2921 - precision: 0.9257 - recall: 0.9798
[1m113/125[0m [32m━━━━━━━━━━━━━━━━━━[0m[37m━━[0m [1m4:01[0m 20s/step - accuracy: 0.9188 - dice_coeff: 0.9232 - iou_score: 0.9083 - loss: 0.2921 - precision: 0.9257 - recall: 0.9798
[1m114/125[0m [32m━━━━━━━━━━━━━━━━━━[0m[37m━━[0m [1m3:40[0m 20s/step - accuracy: 0.9188 - dice_coeff: 0.9232 - iou_score: 0.9083 - loss: 0.2921 - precision: 0.9257 - recall: 0.9798
[1m115/125[0m [32m━━━━━━━━━━━━━━━━━━[0m[37m━━[0m [1m3:19[0m 20s/step - accuracy: 0.9188 - dice_coeff: 0.9232 - iou_score: 0.9083 - loss: 0.2921 - precision: 0.9257 - recall: 0.9798
[1m116/125[0m [32m━━━━━━━━━━━━━━━━━━[0m[37m━━[0m [1m2:59[0m 20s/step - accuracy: 0.9188 - dice_coeff: 0.9232 - iou_score: 0.9083 - loss: 0.2922 - precision: 0.9256 - recall: 0.9798
[1m117/125[0m [32m━━━━━━━━━━━━━━━━━━[0m[37m━━[0m [1m2:38[0m 20s/step - accuracy: 0.9188 - dice_coeff: 0.9232 - iou_score: 0.9083 - loss: 0.2922 - precision: 0.9256 - recall: 0.9798
[1m118/125[0m [32m━━━━━━━━━━━━━━━━━━[0m[37m━━[0m [1m2:18[0m 20s/step - accuracy: 0.9188 - dice_coeff: 0.9232 - iou_score: 0.9082 - loss: 0.2922 - precision: 0.9256 - recall: 0.9798
[1m119/125[0m [32m━━━━━━━━━━━━━━━━━━━[0m[37m━[0m [1m1:58[0m 20s/step - accuracy: 0.9188 - dice_coeff: 0.9232 - iou_score: 0.9082 - loss: 0.2922 - precision: 0.9256 - recall: 0.9798
[1m120/125[0m [32m━━━━━━━━━━━━━━━━━━━[0m[37m━[0m [1m1:38[0m 20s/step - accuracy: 0.9188 - dice_coeff: 0.9232 - iou_score: 0.9082 - loss: 0.2922 - precision: 0.9256 - recall: 0.9798
[1m121/125[0m [32m━━━━━━━━━━━━━━━━━━━[0m[37m━[0m [1m1:18[0m 20s/step - accuracy: 0.9188 - dice_coeff: 0.9232 - iou_score: 0.9082 - loss: 0.2922 - precision: 0.9256 - recall: 0.9798
[1m122/125[0m [32m━━━━━━━━━━━━━━━━━━━[0m[37m━[0m [1m58s[0m 20s/step - accuracy: 0.9188 - dice_coeff: 0.9232 - iou_score: 0.9082 - loss: 0.2923 - precision: 0.9256 - recall: 0.9798 
[1m123/125[0m [32m━━━━━━━━━━━━━━━━━━━[0m[37m━[0m [1m39s[0m 20s/step - accuracy: 0.9188 - dice_coeff: 0.9232 - iou_score: 0.9082 - loss: 0.2923 - precision: 0.9256 - recall: 0.9798
[1m124/125[0m [32m━━━━━━━━━━━━━━━━━━━[0m[37m━[0m [1m19s[0m 19s/step - accuracy: 0.9188 - dice_coeff: 0.9232 - iou_score: 0.9082 - loss: 0.2923 - precision: 0.9256 - recall: 0.9798
[1m125/125[0m [32m━━━━━━━━━━━━━━━━━━━━[0m[37m[0m [1m0s[0m 19s/step - accuracy: 0.9188 - dice_coeff: 0.9232 - iou_score: 0.9082 - loss: 0.2923 - precision: 0.9256 - recall: 0.9797 
Epoch 7: val_dice_coeff improved from 0.88352 to 0.89309, saving model to models/best_model.keras

Epoch 7: finished saving model to models/best_model.keras

[1m125/125[0m [32m━━━━━━━━━━━━━━━━━━━━[0m[37m[0m [1m2553s[0m 20s/step - accuracy: 0.9181 - dice_coeff: 0.9228 - iou_score: 0.9074 - loss: 0.2938 - precision: 0.9255 - recall: 0.9791 - val_accuracy: 0.8174 - val_dice_coeff: 0.8931 - val_iou_score: 0.8127 - val_loss: 0.6603 - val_precision: 0.8127 - val_recall: 1.0000 - learning_rate: 5.0000e-05
Epoch 8/100

[1m  1/125[0m [37m━━━━━━━━━━━━━━━━━━━━[0m [1m26:52[0m 13s/step - accuracy: 0.9207 - dice_coeff: 0.9250 - iou_score: 0.9110 - loss: 0.2874 - precision: 0.9291 - recall: 0.9790
[1m  2/125[0m [37m━━━━━━━━━━━━━━━━━━━━[0m [1m26:09[0m 13s/step - accuracy: 0.9242 - dice_coeff: 0.9271 - iou_score: 0.9147 - loss: 0.2769 - precision: 0.9322 - recall: 0.9798
[1m  3/125[0m [37m━━━━━━━━━━━━━━━━━━━━[0m [1m25:57[0m 13s/step - accuracy: 0.9215 - dice_coeff: 0.9256 - iou_score: 0.9118 - loss: 0.2843 - precision: 0.9288 - recall: 0.9803
[1m  4/125[0m [37m━━━━━━━━━━━━━━━━━━━━[0m [1m25:40[0m 13s/step - accuracy: 0.9204 - dice_coeff: 0.9249 - iou_score: 0.9105 - loss: 0.2873 - precision: 0.9274 - recall: 0.9803
[1m  5/125[0m [37m━━━━━━━━━━━━━━━━━━━━[0m [1m25:30[0m 13s/step - accuracy: 0.9197 - dice_coeff: 0.9245 - iou_score: 0.9095 - loss: 0.2891 - precision: 0.9261 - recall: 0.9807
[1m  6/125[0m [37m━━━━━━━━━━━━━━━━━━━━[0m [1m25:24[0m 13s/step - accuracy: 0.9194 - dice_coeff: 0.9244 - iou_score: 0.9093 - loss: 0.2896 - precision: 0.9257 - recall: 0.9809
[1m  7/125[0m [32m━[0m[37m━━━━━━━━━━━━━━━━━━━[0m [1m25:14[0m 13s/step - accuracy: 0.9194 - dice_coeff: 0.9243 - iou_score: 0.9092 - loss: 0.2896 - precision: 0.9255 - recall: 0.9810
[1m  8/125[0m [32m━[0m[37m━━━━━━━━━━━━━━━━━━━[0m [1m25:04[0m 13s/step - accuracy: 0.9193 - dice_coeff: 0.9243 - iou_score: 0.9090 - loss: 0.2899 - precision: 0.9253 - recall: 0.9811
[1m  9/125[0m [32m━[0m[37m━━━━━━━━━━━━━━━━━━━[0m [1m24:57[0m 13s/step - accuracy: 0.9192 - dice_coeff: 0.9242 - iou_score: 0.9089 - loss: 0.2899 - precision: 0.9252 - recall: 0.9810
[1m 10/125[0m [32m━[0m[37m━━━━━━━━━━━━━━━━━━━[0m [1m24:43[0m 13s/step - accuracy: 0.9191 - dice_coeff: 0.9241 - iou_score: 0.9088 - loss: 0.2902 - precision: 0.9251 - recall: 0.9810
[1m 11/125[0m [32m━[0m[37m━━━━━━━━━━━━━━━━━━━[0m [1m24:32[0m 13s/step - accuracy: 0.9190 - dice_coeff: 0.9241 - iou_score: 0.9086 - loss: 0.2904 - precision: 0.9250 - recall: 0.9809
[1m 12/125[0m [32m━[0m[37m━━━━━━━━━━━━━━━━━━━[0m [1m24:21[0m 13s/step - accuracy: 0.9188 - dice_coeff: 0.9239 - iou_score: 0.9084 - loss: 0.2908 - precision: 0.9249 - recall: 0.9807
[1m 13/125[0m [32m━━[0m[37m━━━━━━━━━━━━━━━━━━[0m [1m24:14[0m 13s/step - accuracy: 0.9188 - dice_coeff: 0.9239 - iou_score: 0.9084 - loss: 0.2908 - precision: 0.9250 - recall: 0.9806
[1m 14/125[0m [32m━━[0m[37m━━━━━━━━━━━━━━━━━━[0m [1m24:01[0m 13s/step - accuracy: 0.9189 - dice_coeff: 0.9239 - iou_score: 0.9084 - loss: 0.2905 - precision: 0.9252 - recall: 0.9805
[1m 15/125[0m [32m━━[0m[37m━━━━━━━━━━━━━━━━━━[0m [1m23:48[0m 13s/step - accuracy: 0.9190 - dice_coeff: 0.9239 - iou_score: 0.9085 - loss: 0.2903 - precision: 0.9254 - recall: 0.9804
[1m 16/125[0m [32m━━[0m[37m━━━━━━━━━━━━━━━━━━[0m [1m23:37[0m 13s/step - accuracy: 0.9190 - dice_coeff: 0.9239 - iou_score: 0.9085 - loss: 0.2903 - precision: 0.9255 - recall: 0.9802
[1m 17/125[0m [32m━━[0m[37m━━━━━━━━━━━━━━━━━━[0m [1m23:25[0m 13s/step - accuracy: 0.9190 - dice_coeff: 0.9239 - iou_score: 0.9085 - loss: 0.2902 - precision: 0.9255 - recall: 0.9802
[1m 18/125[0m [32m━━[0m[37m━━━━━━━━━━━━━━━━━━[0m [1m23:10[0m 13s/step - accuracy: 0.9190 - dice_coeff: 0.9239 - iou_score: 0.9085 - loss: 0.2901 - precision: 0.9256 - recall: 0.9801
[1m 19/125[0m [32m━━━[0m[37m━━━━━━━━━━━━━━━━━[0m [1m22:59[0m 13s/step - accuracy: 0.9190 - dice_coeff: 0.9239 - iou_score: 0.9085 - loss: 0.2900 - precision: 0.9257 - recall: 0.9800
[1m 20/125[0m [32m━━━[0m[37m━━━━━━━━━━━━━━━━━[0m [1m22:48[0m 13s/step - accuracy: 0.9191 - dice_coeff: 0.9239 - iou_score: 0.9085 - loss: 0.2899 - precision: 0.9258 - recall: 0.9799
[1m 21/125[0m [32m━━━[0m[37m━━━━━━━━━━━━━━━━━[0m [1m22:36[0m 13s/step - accuracy: 0.9191 - dice_coeff: 0.9239 - iou_score: 0.9085 - loss: 0.2898 - precision: 0.9258 - recall: 0.9799
[1m 22/125[0m [32m━━━[0m[37m━━━━━━━━━━━━━━━━━[0m [1m22:22[0m 13s/step - accuracy: 0.9191 - dice_coeff: 0.9239 - iou_score: 0.9086 - loss: 0.2897 - precision: 0.9259 - recall: 0.9798
[1m 23/125[0m [32m━━━[0m[37m━━━━━━━━━━━━━━━━━[0m [1m22:08[0m 13s/step - accuracy: 0.9192 - dice_coeff: 0.9240 - iou_score: 0.9086 - loss: 0.2896 - precision: 0.9260 - recall: 0.9798
[1m 24/125[0m [32m━━━[0m[37m━━━━━━━━━━━━━━━━━[0m [1m21:56[0m 13s/step - accuracy: 0.9192 - dice_coeff: 0.9240 - iou_score: 0.9086 - loss: 0.2895 - precision: 0.9260 - recall: 0.9798
[1m 25/125[0m [32m━━━━[0m[37m━━━━━━━━━━━━━━━━[0m [1m21:43[0m 13s/step - accuracy: 0.9193 - dice_coeff: 0.9240 - iou_score: 0.9087 - loss: 0.2893 - precision: 0.9261 - recall: 0.9797
[1m 26/125[0m [32m━━━━[0m[37m━━━━━━━━━━━━━━━━[0m [1m21:30[0m 13s/step - accuracy: 0.9193 - dice_coeff: 0.9241 - iou_score: 0.9087 - loss: 0.2892 - precision: 0.9262 - recall: 0.9797
[1m 27/125[0m [32m━━━━[0m[37m━━━━━━━━━━━━━━━━[0m [1m21:16[0m 13s/step - accuracy: 0.9193 - dice_coeff: 0.9241 - iou_score: 0.9087 - loss: 0.2891 - precision: 0.9262 - recall: 0.9797
[1m 28/125[0m [32m━━━━[0m[37m━━━━━━━━━━━━━━━━[0m [1m21:03[0m 13s/step - accuracy: 0.9194 - dice_coeff: 0.9241 - iou_score: 0.9088 - loss: 0.2890 - precision: 0.9263 - recall: 0.9797
[1m 29/125[0m [32m━━━━[0m[37m━━━━━━━━━━━━━━━━[0m [1m20:51[0m 13s/step - accuracy: 0.9194 - dice_coeff: 0.9241 - iou_score: 0.9088 - loss: 0.2889 - precision: 0.9263 - recall: 0.9797
[1m 30/125[0m [32m━━━━[0m[37m━━━━━━━━━━━━━━━━[0m [1m20:37[0m 13s/step - accuracy: 0.9194 - dice_coeff: 0.9241 - iou_score: 0.9088 - loss: 0.2888 - precision: 0.9264 - recall: 0.9797
[1m 31/125[0m [32m━━━━[0m[37m━━━━━━━━━━━━━━━━[0m [1m20:23[0m 13s/step - accuracy: 0.9195 - dice_coeff: 0.9242 - iou_score: 0.9089 - loss: 0.2887 - precision: 0.9264 - recall: 0.9796
[1m 32/125[0m [32m━━━━━[0m[37m━━━━━━━━━━━━━━━[0m [1m20:10[0m 13s/step - accuracy: 0.9195 - dice_coeff: 0.9242 - iou_score: 0.9089 - loss: 0.2887 - precision: 0.9264 - recall: 0.9796
[1m 33/125[0m [32m━━━━━[0m[37m━━━━━━━━━━━━━━━[0m [1m19:58[0m 13s/step - accuracy: 0.9195 - dice_coeff: 0.9242 - iou_score: 0.9089 - loss: 0.2886 - precision: 0.9264 - recall: 0.9796
[1m 34/125[0m [32m━━━━━[0m[37m━━━━━━━━━━━━━━━[0m [1m19:44[0m 13s/step - accuracy: 0.9195 - dice_coeff: 0.9242 - iou_score: 0.9089 - loss: 0.2885 - precision: 0.9265 - recall: 0.9796
[1m 35/125[0m [32m━━━━━[0m[37m━━━━━━━━━━━━━━━[0m [1m19:30[0m 13s/step - accuracy: 0.9196 - dice_coeff: 0.9242 - iou_score: 0.9090 - loss: 0.2884 - precision: 0.9265 - recall: 0.9796
[1m 36/125[0m [32m━━━━━[0m[37m━━━━━━━━━━━━━━━[0m [1m19:17[0m 13s/step - accuracy: 0.9196 - dice_coeff: 0.9242 - iou_score: 0.9090 - loss: 0.2884 - precision: 0.9265 - recall: 0.9797
[1m 37/125[0m [32m━━━━━[0m[37m━━━━━━━━━━━━━━━[0m [1m19:04[0m 13s/step - accuracy: 0.9196 - dice_coeff: 0.9242 - iou_score: 0.9090 - loss: 0.2884 - precision: 0.9265 - recall: 0.9796
[1m 38/125[0m [32m━━━━━━[0m[37m━━━━━━━━━━━━━━[0m [1m18:52[0m 13s/step - accuracy: 0.9196 - dice_coeff: 0.9242 - iou_score: 0.9090 - loss: 0.2884 - precision: 0.9265 - recall: 0.9796
[1m 39/125[0m [32m━━━━━━[0m[37m━━━━━━━━━━━━━━[0m [1m18:39[0m 13s/step - accuracy: 0.9196 - dice_coeff: 0.9242 - iou_score: 0.9090 - loss: 0.2884 - precision: 0.9265 - recall: 0.9796
[1m 40/125[0m [32m━━━━━━[0m[37m━━━━━━━━━━━━━━[0m [1m18:27[0m 13s/step - accuracy: 0.9196 - dice_coeff: 0.9242 - iou_score: 0.9090 - loss: 0.2884 - precision: 0.9265 - recall: 0.9796
[1m 41/125[0m [32m━━━━━━[0m[37m━━━━━━━━━━━━━━[0m [1m18:14[0m 13s/step - accuracy: 0.9196 - dice_coeff: 0.9242 - iou_score: 0.9090 - loss: 0.2884 - precision: 0.9265 - recall: 0.9796
[1m 42/125[0m [32m━━━━━━[0m[37m━━━━━━━━━━━━━━[0m [1m18:01[0m 13s/step - accuracy: 0.9196 - dice_coeff: 0.9242 - iou_score: 0.9090 - loss: 0.2884 - precision: 0.9265 - recall: 0.9796
[1m 43/125[0m [32m━━━━━━[0m[37m━━━━━━━━━━━━━━[0m [1m17:49[0m 13s/step - accuracy: 0.9196 - dice_coeff: 0.9242 - iou_score: 0.9090 - loss: 0.2884 - precision: 0.9265 - recall: 0.9796
[1m 44/125[0m [32m━━━━━━━[0m[37m━━━━━━━━━━━━━[0m [1m17:36[0m 13s/step - accuracy: 0.9196 - dice_coeff: 0.9242 - iou_score: 0.9090 - loss: 0.2885 - precision: 0.9266 - recall: 0.9796
[1m 45/125[0m [32m━━━━━━━[0m[37m━━━━━━━━━━━━━[0m [1m17:23[0m 13s/step - accuracy: 0.9195 - dice_coeff: 0.9242 - iou_score: 0.9089 - loss: 0.2885 - precision: 0.9265 - recall: 0.9796
[1m 46/125[0m [32m━━━━━━━[0m[37m━━━━━━━━━━━━━[0m [1m17:10[0m 13s/step - accuracy: 0.9195 - dice_coeff: 0.9242 - iou_score: 0.9089 - loss: 0.2885 - precision: 0.9265 - recall: 0.9795
[1m 47/125[0m [32m━━━━━━━[0m[37m━━━━━━━━━━━━━[0m [1m16:57[0m 13s/step - accuracy: 0.9195 - dice_coeff: 0.9242 - iou_score: 0.9089 - loss: 0.2886 - precision: 0.9265 - recall: 0.9795
[1m 48/125[0m [32m━━━━━━━[0m[37m━━━━━━━━━━━━━[0m [1m16:44[0m 13s/step - accuracy: 0.9195 - dice_coeff: 0.9242 - iou_score: 0.9089 - loss: 0.2887 - precision: 0.9265 - recall: 0.9795
[1m 49/125[0m [32m━━━━━━━[0m[37m━━━━━━━━━━━━━[0m [1m16:31[0m 13s/step - accuracy: 0.9195 - dice_coeff: 0.9242 - iou_score: 0.9089 - loss: 0.2887 - precision: 0.9265 - recall: 0.9795
[1m 50/125[0m [32m━━━━━━━━[0m[37m━━━━━━━━━━━━[0m [1m16:18[0m 13s/step - accuracy: 0.9195 - dice_coeff: 0.9241 - iou_score: 0.9089 - loss: 0.2887 - precision: 0.9265 - recall: 0.9795
[1m 51/125[0m [32m━━━━━━━━[0m[37m━━━━━━━━━━━━[0m [1m16:05[0m 13s/step - accuracy: 0.9195 - dice_coeff: 0.9241 - iou_score: 0.9088 - loss: 0.2888 - precision: 0.9265 - recall: 0.9795
[1m 52/125[0m [32m━━━━━━━━[0m[37m━━━━━━━━━━━━[0m [1m15:53[0m 13s/step - accuracy: 0.9194 - dice_coeff: 0.9241 - iou_score: 0.9088 - loss: 0.2888 - precision: 0.9265 - recall: 0.9795
[1m 53/125[0m [32m━━━━━━━━[0m[37m━━━━━━━━━━━━[0m [1m15:41[0m 13s/step - accuracy: 0.9194 - dice_coeff: 0.9241 - iou_score: 0.9088 - loss: 0.2888 - precision: 0.9265 - recall: 0.9795
[1m 54/125[0m [32m━━━━━━━━[0m[37m━━━━━━━━━━━━[0m [1m15:28[0m 13s/step - accuracy: 0.9194 - dice_coeff: 0.9241 - iou_score: 0.9088 - loss: 0.2888 - precision: 0.9265 - recall: 0.9795
[1m 55/125[0m [32m━━━━━━━━[0m[37m━━━━━━━━━━━━[0m [1m15:15[0m 13s/step - accuracy: 0.9194 - dice_coeff: 0.9241 - iou_score: 0.9088 - loss: 0.2889 - precision: 0.9265 - recall: 0.9795
[1m 56/125[0m [32m━━━━━━━━[0m[37m━━━━━━━━━━━━[0m [1m15:03[0m 13s/step - accuracy: 0.9194 - dice_coeff: 0.9241 - iou_score: 0.9088 - loss: 0.2889 - precision: 0.9264 - recall: 0.9795
[1m 57/125[0m [32m━━━━━━━━━[0m[37m━━━━━━━━━━━[0m [1m14:50[0m 13s/step - accuracy: 0.9194 - dice_coeff: 0.9241 - iou_score: 0.9088 - loss: 0.2889 - precision: 0.9264 - recall: 0.9795
[1m 58/125[0m [32m━━━━━━━━━[0m[37m━━━━━━━━━━━[0m [1m14:35[0m 13s/step - accuracy: 0.9194 - dice_coeff: 0.9241 - iou_score: 0.9088 - loss: 0.2890 - precision: 0.9264 - recall: 0.9795
[1m 59/125[0m [32m━━━━━━━━━[0m[37m━━━━━━━━━━━[0m [1m14:17[0m 13s/step - accuracy: 0.9194 - dice_coeff: 0.9241 - iou_score: 0.9088 - loss: 0.2890 - precision: 0.9264 - recall: 0.9795
[1m 60/125[0m [32m━━━━━━━━━[0m[37m━━━━━━━━━━━[0m [1m14:04[0m 13s/step - accuracy: 0.9194 - dice_coeff: 0.9241 - iou_score: 0.9088 - loss: 0.2890 - precision: 0.9264 - recall: 0.9795
[1m 61/125[0m [32m━━━━━━━━━[0m[37m━━━━━━━━━━━[0m [1m13:51[0m 13s/step - accuracy: 0.9194 - dice_coeff: 0.9241 - iou_score: 0.9088 - loss: 0.2890 - precision: 0.9264 - recall: 0.9795
[1m 62/125[0m [32m━━━━━━━━━[0m[37m━━━━━━━━━━━[0m [1m13:38[0m 13s/step - accuracy: 0.9194 - dice_coeff: 0.9241 - iou_score: 0.9088 - loss: 0.2890 - precision: 0.9264 - recall: 0.9795
[1m 63/125[0m [32m━━━━━━━━━━[0m[37m━━━━━━━━━━[0m [1m13:25[0m 13s/step - accuracy: 0.9194 - dice_coeff: 0.9241 - iou_score: 0.9088 - loss: 0.2890 - precision: 0.9264 - recall: 0.9795
[1m 64/125[0m [32m━━━━━━━━━━[0m[37m━━━━━━━━━━[0m [1m13:12[0m 13s/step - accuracy: 0.9194 - dice_coeff: 0.9241 - iou_score: 0.9088 - loss: 0.2891 - precision: 0.9264 - recall: 0.9795
[1m 65/125[0m [32m━━━━━━━━━━[0m[37m━━━━━━━━━━[0m [1m12:59[0m 13s/step - accuracy: 0.9194 - dice_coeff: 0.9241 - iou_score: 0.9087 - loss: 0.2891 - precision: 0.9264 - recall: 0.9795
[1m 66/125[0m [32m━━━━━━━━━━[0m[37m━━━━━━━━━━[0m [1m12:47[0m 13s/step - accuracy: 0.9194 - dice_coeff: 0.9241 - iou_score: 0.9087 - loss: 0.2891 - precision: 0.9264 - recall: 0.9795
[1m 67/125[0m [32m━━━━━━━━━━[0m[37m━━━━━━━━━━[0m [1m12:33[0m 13s/step - accuracy: 0.9194 - dice_coeff: 0.9241 - iou_score: 0.9087 - loss: 0.2891 - precision: 0.9264 - recall: 0.9795
[1m 68/125[0m [32m━━━━━━━━━━[0m[37m━━━━━━━━━━[0m [1m12:21[0m 13s/step - accuracy: 0.9194 - dice_coeff: 0.9241 - iou_score: 0.9087 - loss: 0.2891 - precision: 0.9264 - recall: 0.9795
[1m 69/125[0m [32m━━━━━━━━━━━[0m[37m━━━━━━━━━[0m [1m12:08[0m 13s/step - accuracy: 0.9194 - dice_coeff: 0.9240 - iou_score: 0.9087 - loss: 0.2891 - precision: 0.9264 - recall: 0.9795
[1m 70/125[0m [32m━━━━━━━━━━━[0m[37m━━━━━━━━━[0m [1m11:55[0m 13s/step - accuracy: 0.9194 - dice_coeff: 0.9240 - iou_score: 0.9087 - loss: 0.2891 - precision: 0.9264 - recall: 0.9795
[1m 71/125[0m [32m━━━━━━━━━━━[0m[37m━━━━━━━━━[0m [1m11:42[0m 13s/step - accuracy: 0.9194 - dice_coeff: 0.9240 - iou_score: 0.9087 - loss: 0.2891 - precision: 0.9264 - recall: 0.9795
[1m 72/125[0m [32m━━━━━━━━━━━[0m[37m━━━━━━━━━[0m [1m11:29[0m 13s/step - accuracy: 0.9194 - dice_coeff: 0.9240 - iou_score: 0.9087 - loss: 0.2892 - precision: 0.9264 - recall: 0.9794
[1m 73/125[0m [32m━━━━━━━━━━━[0m[37m━━━━━━━━━[0m [1m11:16[0m 13s/step - accuracy: 0.9193 - dice_coeff: 0.9240 - iou_score: 0.9087 - loss: 0.2892 - precision: 0.9264 - recall: 0.9794
[1m 74/125[0m [32m━━━━━━━━━━━[0m[37m━━━━━━━━━[0m [1m11:03[0m 13s/step - accuracy: 0.9193 - dice_coeff: 0.9240 - iou_score: 0.9087 - loss: 0.2892 - precision: 0.9264 - recall: 0.9794
[1m 75/125[0m [32m━━━━━━━━━━━━[0m[37m━━━━━━━━[0m [1m10:50[0m 13s/step - accuracy: 0.9193 - dice_coeff: 0.9240 - iou_score: 0.9087 - loss: 0.2892 - precision: 0.9264 - recall: 0.9794
[1m 76/125[0m [32m━━━━━━━━━━━━[0m[37m━━━━━━━━[0m [1m10:37[0m 13s/step - accuracy: 0.9193 - dice_coeff: 0.9240 - iou_score: 0.9087 - loss: 0.2892 - precision: 0.9264 - recall: 0.9794
[1m 77/125[0m [32m━━━━━━━━━━━━[0m[37m━━━━━━━━[0m [1m10:25[0m 13s/step - accuracy: 0.9193 - dice_coeff: 0.9240 - iou_score: 0.9087 - loss: 0.2892 - precision: 0.9264 - recall: 0.9794
[1m 78/125[0m [32m━━━━━━━━━━━━[0m[37m━━━━━━━━[0m [1m10:12[0m 13s/step - accuracy: 0.9193 - dice_coeff: 0.9240 - iou_score: 0.9087 - loss: 0.2892 - precision: 0.9264 - recall: 0.9794
[1m 79/125[0m [32m━━━━━━━━━━━━[0m[37m━━━━━━━━[0m [1m9:59[0m 13s/step - accuracy: 0.9193 - dice_coeff: 0.9240 - iou_score: 0.9087 - loss: 0.2892 - precision: 0.9264 - recall: 0.9794 
[1m 80/125[0m [32m━━━━━━━━━━━━[0m[37m━━━━━━━━[0m [1m9:46[0m 13s/step - accuracy: 0.9193 - dice_coeff: 0.9240 - iou_score: 0.9087 - loss: 0.2892 - precision: 0.9264 - recall: 0.9794
[1m 81/125[0m [32m━━━━━━━━━━━━[0m[37m━━━━━━━━[0m [1m9:33[0m 13s/step - accuracy: 0.9193 - dice_coeff: 0.9240 - iou_score: 0.9087 - loss: 0.2893 - precision: 0.9264 - recall: 0.9794
[1m 82/125[0m [32m━━━━━━━━━━━━━[0m[37m━━━━━━━[0m [1m9:19[0m 13s/step - accuracy: 0.9193 - dice_coeff: 0.9240 - iou_score: 0.9087 - loss: 0.2893 - precision: 0.9264 - recall: 0.9794
[1m 83/125[0m [32m━━━━━━━━━━━━━[0m[37m━━━━━━━[0m [1m9:06[0m 13s/step - accuracy: 0.9193 - dice_coeff: 0.9240 - iou_score: 0.9087 - loss: 0.2893 - precision: 0.9264 - recall: 0.9794
[1m 84/125[0m [32m━━━━━━━━━━━━━[0m[37m━━━━━━━[0m [1m8:53[0m 13s/step - accuracy: 0.9193 - dice_coeff: 0.9240 - iou_score: 0.9087 - loss: 0.2893 - precision: 0.9264 - recall: 0.9794
[1m 85/125[0m [32m━━━━━━━━━━━━━[0m[37m━━━━━━━[0m [1m8:40[0m 13s/step - accuracy: 0.9193 - dice_coeff: 0.9240 - iou_score: 0.9087 - loss: 0.2893 - precision: 0.9264 - recall: 0.9794
[1m 86/125[0m [32m━━━━━━━━━━━━━[0m[37m━━━━━━━[0m [1m8:27[0m 13s/step - accuracy: 0.9193 - dice_coeff: 0.9240 - iou_score: 0.9087 - loss: 0.2893 - precision: 0.9264 - recall: 0.9794
[1m 87/125[0m [32m━━━━━━━━━━━━━[0m[37m━━━━━━━[0m [1m8:14[0m 13s/step - accuracy: 0.9193 - dice_coeff: 0.9240 - iou_score: 0.9087 - loss: 0.2893 - precision: 0.9264 - recall: 0.9794
[1m 88/125[0m [32m━━━━━━━━━━━━━━[0m[37m━━━━━━[0m [1m8:01[0m 13s/step - accuracy: 0.9193 - dice_coeff: 0.9240 - iou_score: 0.9087 - loss: 0.2893 - precision: 0.9264 - recall: 0.9794
[1m 89/125[0m [32m━━━━━━━━━━━━━━[0m[37m━━━━━━[0m [1m7:48[0m 13s/step - accuracy: 0.9193 - dice_coeff: 0.9240 - iou_score: 0.9086 - loss: 0.2893 - precision: 0.9264 - recall: 0.9794
[1m 90/125[0m [32m━━━━━━━━━━━━━━[0m[37m━━━━━━[0m [1m7:35[0m 13s/step - accuracy: 0.9193 - dice_coeff: 0.9240 - iou_score: 0.9086 - loss: 0.2893 - precision: 0.9264 - recall: 0.9794
[1m 91/125[0m [32m━━━━━━━━━━━━━━[0m[37m━━━━━━[0m [1m7:22[0m 13s/step - accuracy: 0.9193 - dice_coeff: 0.9240 - iou_score: 0.9086 - loss: 0.2894 - precision: 0.9264 - recall: 0.9794
[1m 92/125[0m [32m━━━━━━━━━━━━━━[0m[37m━━━━━━[0m [1m7:09[0m 13s/step - accuracy: 0.9193 - dice_coeff: 0.9240 - iou_score: 0.9086 - loss: 0.2894 - precision: 0.9264 - recall: 0.9794
[1m 93/125[0m [32m━━━━━━━━━━━━━━[0m[37m━━━━━━[0m [1m6:56[0m 13s/step - accuracy: 0.9193 - dice_coeff: 0.9240 - iou_score: 0.9086 - loss: 0.2894 - precision: 0.9264 - recall: 0.9794
[1m 94/125[0m [32m━━━━━━━━━━━━━━━[0m[37m━━━━━[0m [1m6:43[0m 13s/step - accuracy: 0.9193 - dice_coeff: 0.9240 - iou_score: 0.9086 - loss: 0.2894 - precision: 0.9264 - recall: 0.9794
[1m 95/125[0m [32m━━━━━━━━━━━━━━━[0m[37m━━━━━[0m [1m6:30[0m 13s/step - accuracy: 0.9193 - dice_coeff: 0.9240 - iou_score: 0.9086 - loss: 0.2894 - precision: 0.9264 - recall: 0.9794
[1m 96/125[0m [32m━━━━━━━━━━━━━━━[0m[37m━━━━━[0m [1m6:17[0m 13s/step - accuracy: 0.9193 - dice_coeff: 0.9240 - iou_score: 0.9086 - loss: 0.2894 - precision: 0.9264 - recall: 0.9794
[1m 97/125[0m [32m━━━━━━━━━━━━━━━[0m[37m━━━━━[0m [1m6:04[0m 13s/step - accuracy: 0.9193 - dice_coeff: 0.9240 - iou_score: 0.9086 - loss: 0.2894 - precision: 0.9264 - recall: 0.9794
[1m 98/125[0m [32m━━━━━━━━━━━━━━━[0m[37m━━━━━[0m [1m5:51[0m 13s/step - accuracy: 0.9193 - dice_coeff: 0.9240 - iou_score: 0.9086 - loss: 0.2894 - precision: 0.9264 - recall: 0.9794
[1m 99/125[0m [32m━━━━━━━━━━━━━━━[0m[37m━━━━━[0m [1m5:38[0m 13s/step - accuracy: 0.9193 - dice_coeff: 0.9240 - iou_score: 0.9086 - loss: 0.2894 - precision: 0.9264 - recall: 0.9794
[1m100/125[0m [32m━━━━━━━━━━━━━━━━[0m[37m━━━━[0m [1m5:26[0m 13s/step - accuracy: 0.9193 - dice_coeff: 0.9240 - iou_score: 0.9086 - loss: 0.2894 - precision: 0.9264 - recall: 0.9794
[1m101/125[0m [32m━━━━━━━━━━━━━━━━[0m[37m━━━━[0m [1m5:13[0m 13s/step - accuracy: 0.9193 - dice_coeff: 0.9240 - iou_score: 0.9086 - loss: 0.2894 - precision: 0.9264 - recall: 0.9794
[1m102/125[0m [32m━━━━━━━━━━━━━━━━[0m[37m━━━━[0m [1m5:00[0m 13s/step - accuracy: 0.9193 - dice_coeff: 0.9240 - iou_score: 0.9086 - loss: 0.2894 - precision: 0.9264 - recall: 0.9794
[1m103/125[0m [32m━━━━━━━━━━━━━━━━[0m[37m━━━━[0m [1m4:47[0m 13s/step - accuracy: 0.9193 - dice_coeff: 0.9240 - iou_score: 0.9086 - loss: 0.2894 - precision: 0.9264 - recall: 0.9794
[1m104/125[0m [32m━━━━━━━━━━━━━━━━[0m[37m━━━━[0m [1m4:34[0m 13s/step - accuracy: 0.9193 - dice_coeff: 0.9240 - iou_score: 0.9086 - loss: 0.2894 - precision: 0.9264 - recall: 0.9794
[1m105/125[0m [32m━━━━━━━━━━━━━━━━[0m[37m━━━━[0m [1m4:21[0m 13s/step - accuracy: 0.9193 - dice_coeff: 0.9240 - iou_score: 0.9086 - loss: 0.2894 - precision: 0.9264 - recall: 0.9794
[1m106/125[0m [32m━━━━━━━━━━━━━━━━[0m[37m━━━━[0m [1m4:08[0m 13s/step - accuracy: 0.9193 - dice_coeff: 0.9240 - iou_score: 0.9086 - loss: 0.2894 - precision: 0.9264 - recall: 0.9794
[1m107/125[0m [32m━━━━━━━━━━━━━━━━━[0m[37m━━━[0m [1m3:55[0m 13s/step - accuracy: 0.9193 - dice_coeff: 0.9240 - iou_score: 0.9086 - loss: 0.2894 - precision: 0.9264 - recall: 0.9794
[1m108/125[0m [32m━━━━━━━━━━━━━━━━━[0m[37m━━━[0m [1m3:41[0m 13s/step - accuracy: 0.9193 - dice_coeff: 0.9240 - iou_score: 0.9086 - loss: 0.2894 - precision: 0.9264 - recall: 0.9794
[1m109/125[0m [32m━━━━━━━━━━━━━━━━━[0m[37m━━━[0m [1m3:28[0m 13s/step - accuracy: 0.9193 - dice_coeff: 0.9240 - iou_score: 0.9086 - loss: 0.2894 - precision: 0.9264 - recall: 0.9794
[1m110/125[0m [32m━━━━━━━━━━━━━━━━━[0m[37m━━━[0m [1m3:15[0m 13s/step - accuracy: 0.9193 - dice_coeff: 0.9240 - iou_score: 0.9086 - loss: 0.2894 - precision: 0.9264 - recall: 0.9794
[1m111/125[0m [32m━━━━━━━━━━━━━━━━━[0m[37m━━━[0m [1m3:02[0m 13s/step - accuracy: 0.9193 - dice_coeff: 0.9240 - iou_score: 0.9086 - loss: 0.2893 - precision: 0.9264 - recall: 0.9794
[1m112/125[0m [32m━━━━━━━━━━━━━━━━━[0m[37m━━━[0m [1m2:49[0m 13s/step - accuracy: 0.9193 - dice_coeff: 0.9240 - iou_score: 0.9086 - loss: 0.2893 - precision: 0.9264 - recall: 0.9794
[1m113/125[0m [32m━━━━━━━━━━━━━━━━━━[0m[37m━━[0m [1m2:36[0m 13s/step - accuracy: 0.9193 - dice_coeff: 0.9240 - iou_score: 0.9086 - loss: 0.2893 - precision: 0.9264 - recall: 0.9794
[1m114/125[0m [32m━━━━━━━━━━━━━━━━━━[0m[37m━━[0m [1m2:23[0m 13s/step - accuracy: 0.9193 - dice_coeff: 0.9240 - iou_score: 0.9086 - loss: 0.2893 - precision: 0.9264 - recall: 0.9794
[1m115/125[0m [32m━━━━━━━━━━━━━━━━━━[0m[37m━━[0m [1m2:10[0m 13s/step - accuracy: 0.9193 - dice_coeff: 0.9240 - iou_score: 0.9086 - loss: 0.2893 - precision: 0.9264 - recall: 0.9794
[1m116/125[0m [32m━━━━━━━━━━━━━━━━━━[0m[37m━━[0m [1m1:57[0m 13s/step - accuracy: 0.9193 - dice_coeff: 0.9240 - iou_score: 0.9086 - loss: 0.2893 - precision: 0.9264 - recall: 0.9794
[1m117/125[0m [32m━━━━━━━━━━━━━━━━━━[0m[37m━━[0m [1m1:44[0m 13s/step - accuracy: 0.9193 - dice_coeff: 0.9240 - iou_score: 0.9086 - loss: 0.2893 - precision: 0.9264 - recall: 0.9794
[1m118/125[0m [32m━━━━━━━━━━━━━━━━━━[0m[37m━━[0m [1m1:31[0m 13s/step - accuracy: 0.9193 - dice_coeff: 0.9240 - iou_score: 0.9087 - loss: 0.2893 - precision: 0.9264 - recall: 0.9794
[1m119/125[0m [32m━━━━━━━━━━━━━━━━━━━[0m[37m━[0m [1m1:18[0m 13s/step - accuracy: 0.9193 - dice_coeff: 0.9240 - iou_score: 0.9087 - loss: 0.2893 - precision: 0.9264 - recall: 0.9794
[1m120/125[0m [32m━━━━━━━━━━━━━━━━━━━[0m[37m━[0m [1m1:05[0m 13s/step - accuracy: 0.9193 - dice_coeff: 0.9240 - iou_score: 0.9087 - loss: 0.2893 - precision: 0.9264 - recall: 0.9794
[1m121/125[0m [32m━━━━━━━━━━━━━━━━━━━[0m[37m━[0m [1m52s[0m 13s/step - accuracy: 0.9193 - dice_coeff: 0.9240 - iou_score: 0.9087 - loss: 0.2893 - precision: 0.9264 - recall: 0.9794 
[1m122/125[0m [32m━━━━━━━━━━━━━━━━━━━[0m[37m━[0m [1m39s[0m 13s/step - accuracy: 0.9193 - dice_coeff: 0.9240 - iou_score: 0.9087 - loss: 0.2893 - precision: 0.9264 - recall: 0.9794
[1m123/125[0m [32m━━━━━━━━━━━━━━━━━━━[0m[37m━[0m [1m26s[0m 13s/step - accuracy: 0.9193 - dice_coeff: 0.9240 - iou_score: 0.9087 - loss: 0.2893 - precision: 0.9264 - recall: 0.9794
[1m124/125[0m [32m━━━━━━━━━━━━━━━━━━━[0m[37m━[0m [1m13s[0m 13s/step - accuracy: 0.9193 - dice_coeff: 0.9240 - iou_score: 0.9087 - loss: 0.2893 - precision: 0.9264 - recall: 0.9794
[1m125/125[0m [32m━━━━━━━━━━━━━━━━━━━━[0m[37m[0m [1m0s[0m 13s/step - accuracy: 0.9193 - dice_coeff: 0.9240 - iou_score: 0.9087 - loss: 0.2893 - precision: 0.9264 - recall: 0.9794 
Epoch 8: val_dice_coeff improved from 0.89309 to 0.90920, saving model to models/best_model.keras

Epoch 8: finished saving model to models/best_model.keras

[1m125/125[0m [32m━━━━━━━━━━━━━━━━━━━━[0m[37m[0m [1m1759s[0m 14s/step - accuracy: 0.9194 - dice_coeff: 0.9243 - iou_score: 0.9089 - loss: 0.2887 - precision: 0.9266 - recall: 0.9794 - val_accuracy: 0.8604 - val_dice_coeff: 0.9092 - val_iou_score: 0.8501 - val_loss: 0.5010 - val_precision: 0.8506 - val_recall: 0.9994 - learning_rate: 5.0000e-05
Epoch 9/100

[1m  1/125[0m [37m━━━━━━━━━━━━━━━━━━━━[0m [1m27:26[0m 13s/step - accuracy: 0.9139 - dice_coeff: 0.9212 - iou_score: 0.9010 - loss: 0.3013 - precision: 0.9184 - recall: 0.9794
[1m  2/125[0m [37m━━━━━━━━━━━━━━━━━━━━[0m [1m26:47[0m 13s/step - accuracy: 0.9164 - dice_coeff: 0.9226 - iou_score: 0.9043 - loss: 0.2941 - precision: 0.9218 - recall: 0.9795
[1m  3/125[0m [37m━━━━━━━━━━━━━━━━━━━━[0m [1m26:29[0m 13s/step - accuracy: 0.9173 - dice_coeff: 0.9232 - iou_score: 0.9054 - loss: 0.2918 - precision: 0.9226 - recall: 0.9799
[1m  4/125[0m [37m━━━━━━━━━━━━━━━━━━━━[0m [1m26:20[0m 13s/step - accuracy: 0.9179 - dice_coeff: 0.9236 - iou_score: 0.9062 - loss: 0.2902 - precision: 0.9236 - recall: 0.9796
[1m  5/125[0m [37m━━━━━━━━━━━━━━━━━━━━[0m [1m26:01[0m 13s/step - accuracy: 0.9183 - dice_coeff: 0.9238 - iou_score: 0.9066 - loss: 0.2895 - precision: 0.9243 - recall: 0.9793
[1m  6/125[0m [37m━━━━━━━━━━━━━━━━━━━━[0m [1m25:47[0m 13s/step - accuracy: 0.9183 - dice_coeff: 0.9237 - iou_score: 0.9066 - loss: 0.2897 - precision: 0.9246 - recall: 0.9790
[1m  7/125[0m [32m━[0m[37m━━━━━━━━━━━━━━━━━━━[0m [1m25:27[0m 13s/step - accuracy: 0.9180 - dice_coeff: 0.9235 - iou_score: 0.9063 - loss: 0.2908 - precision: 0.9245 - recall: 0.9787
[1m  8/125[0m [32m━[0m[37m━━━━━━━━━━━━━━━━━━━[0m [1m25:19[0m 13s/step - accuracy: 0.9177 - dice_coeff: 0.9233 - iou_score: 0.9060 - loss: 0.2920 - precision: 0.9244 - recall: 0.9785
[1m  9/125[0m [32m━[0m[37m━━━━━━━━━━━━━━━━━━━[0m [1m25:05[0m 13s/step - accuracy: 0.9176 - dice_coeff: 0.9232 - iou_score: 0.9059 - loss: 0.2925 - precision: 0.9244 - recall: 0.9783
[1m 10/125[0m [32m━[0m[37m━━━━━━━━━━━━━━━━━━━[0m [1m24:51[0m 13s/step - accuracy: 0.9172 - dice_coeff: 0.9229 - iou_score: 0.9055 - loss: 0.2937 - precision: 0.9242 - recall: 0.9782
[1m 11/125[0m [32m━[0m[37m━━━━━━━━━━━━━━━━━━━[0m [1m24:40[0m 13s/step - accuracy: 0.9170 - dice_coeff: 0.9228 - iou_score: 0.9052 - loss: 0.2946 - precision: 0.9240 - recall: 0.9781
[1m 12/125[0m [32m━[0m[37m━━━━━━━━━━━━━━━━━━━[0m [1m24:28[0m 13s/step - accuracy: 0.9168 - dice_coeff: 0.9226 - iou_score: 0.9051 - loss: 0.2952 - precision: 0.9238 - recall: 0.9781
[1m 13/125[0m [32m━━[0m[37m━━━━━━━━━━━━━━━━━━[0m [1m24:14[0m 13s/step - accuracy: 0.9167 - dice_coeff: 0.9225 - iou_score: 0.9049 - loss: 0.2957 - precision: 0.9236 - recall: 0.9781
[1m 14/125[0m [32m━━[0m[37m━━━━━━━━━━━━━━━━━━[0m [1m24:01[0m 13s/step - accuracy: 0.9166 - dice_coeff: 0.9224 - iou_score: 0.9049 - loss: 0.2961 - precision: 0.9236 - recall: 0.9781
[1m 15/125[0m [32m━━[0m[37m━━━━━━━━━━━━━━━━━━[0m [1m23:51[0m 13s/step - accuracy: 0.9166 - dice_coeff: 0.9223 - iou_score: 0.9048 - loss: 0.2963 - precision: 0.9236 - recall: 0.9781
[1m 16/125[0m [32m━━[0m[37m━━━━━━━━━━━━━━━━━━[0m [1m23:38[0m 13s/step - accuracy: 0.9165 - dice_coeff: 0.9222 - iou_score: 0.9048 - loss: 0.2965 - precision: 0.9235 - recall: 0.9781
[1m 17/125[0m [32m━━[0m[37m━━━━━━━━━━━━━━━━━━[0m [1m23:25[0m 13s/step - accuracy: 0.9165 - dice_coeff: 0.9222 - iou_score: 0.9048 - loss: 0.2967 - precision: 0.9235 - recall: 0.9781
[1m 18/125[0m [32m━━[0m[37m━━━━━━━━━━━━━━━━━━[0m [1m23:13[0m 13s/step - accuracy: 0.9165 - dice_coeff: 0.9221 - iou_score: 0.9048 - loss: 0.2968 - precision: 0.9235 - recall: 0.9781
[1m 19/125[0m [32m━━━[0m[37m━━━━━━━━━━━━━━━━━[0m [1m23:01[0m 13s/step - accuracy: 0.9165 - dice_coeff: 0.9221 - iou_score: 0.9049 - loss: 0.2969 - precision: 0.9235 - recall: 0.9782
[1m 20/125[0m [32m━━━[0m[37m━━━━━━━━━━━━━━━━━[0m [1m22:48[0m 13s/step - accuracy: 0.9166 - dice_coeff: 0.9221 - iou_score: 0.9049 - loss: 0.2969 - precision: 0.9236 - recall: 0.9782
[1m 21/125[0m [32m━━━[0m[37m━━━━━━━━━━━━━━━━━[0m [1m22:36[0m 13s/step - accuracy: 0.9166 - dice_coeff: 0.9221 - iou_score: 0.9050 - loss: 0.2968 - precision: 0.9236 - recall: 0.9782
[1m 22/125[0m [32m━━━[0m[37m━━━━━━━━━━━━━━━━━[0m [1m22:24[0m 13s/step - accuracy: 0.9166 - dice_coeff: 0.9221 - iou_score: 0.9050 - loss: 0.2969 - precision: 0.9236 - recall: 0.9783
[1m 23/125[0m [32m━━━[0m[37m━━━━━━━━━━━━━━━━━[0m [1m22:12[0m 13s/step - accuracy: 0.9166 - dice_coeff: 0.9221 - iou_score: 0.9050 - loss: 0.2969 - precision: 0.9236 - recall: 0.9783
[1m 24/125[0m [32m━━━[0m[37m━━━━━━━━━━━━━━━━━[0m [1m22:00[0m 13s/step - accuracy: 0.9166 - dice_coeff: 0.9221 - iou_score: 0.9051 - loss: 0.2968 - precision: 0.9236 - recall: 0.9783
[1m 25/125[0m [32m━━━━[0m[37m━━━━━━━━━━━━━━━━[0m [1m21:49[0m 13s/step - accuracy: 0.9167 - dice_coeff: 0.9221 - iou_score: 0.9051 - loss: 0.2968 - precision: 0.9237 - recall: 0.9784
[1m 26/125[0m [32m━━━━[0m[37m━━━━━━━━━━━━━━━━[0m [1m21:36[0m 13s/step - accuracy: 0.9167 - dice_coeff: 0.9221 - iou_score: 0.9052 - loss: 0.2967 - precision: 0.9237 - recall: 0.9784
[1m 27/125[0m [32m━━━━[0m[37m━━━━━━━━━━━━━━━━[0m [1m21:25[0m 13s/step - accuracy: 0.9167 - dice_coeff: 0.9221 - iou_score: 0.9053 - loss: 0.2967 - precision: 0.9237 - recall: 0.9784
[1m 28/125[0m [32m━━━━[0m[37m━━━━━━━━━━━━━━━━[0m [1m2:28:11[0m 92s/step - accuracy: 0.9167 - dice_coeff: 0.9221 - iou_score: 0.9053 - loss: 0.2967 - precision: 0.9237 - recall: 0.9784
[1m 29/125[0m [32m━━━━[0m[37m━━━━━━━━━━━━━━━━[0m [1m2:22:06[0m 89s/step - accuracy: 0.9168 - dice_coeff: 0.9222 - iou_score: 0.9053 - loss: 0.2966 - precision: 0.9237 - recall: 0.9785
[1m 30/125[0m [32m━━━━[0m[37m━━━━━━━━━━━━━━━━[0m [1m2:16:26[0m 86s/step - accuracy: 0.9168 - dice_coeff: 0.9222 - iou_score: 0.9053 - loss: 0.2966 - precision: 0.9237 - recall: 0.9785
[1m 31/125[0m [32m━━━━[0m[37m━━━━━━━━━━━━━━━━[0m [1m5:44:44[0m 220s/step - accuracy: 0.9168 - dice_coeff: 0.9222 - iou_score: 0.9054 - loss: 0.2965 - precision: 0.9237 - recall: 0.9785
[1m 32/125[0m [32m━━━━━[0m[37m━━━━━━━━━━━━━━━[0m [1m5:31:11[0m 214s/step - accuracy: 0.9168 - dice_coeff: 0.9222 - iou_score: 0.9054 - loss: 0.2965 - precision: 0.9237 - recall: 0.9785
[1m 33/125[0m [32m━━━━━[0m[37m━━━━━━━━━━━━━━━[0m [1m5:18:21[0m 208s/step - accuracy: 0.9169 - dice_coeff: 0.9222 - iou_score: 0.9054 - loss: 0.2964 - precision: 0.9238 - recall: 0.9786
[1m 34/125[0m [32m━━━━━[0m[37m━━━━━━━━━━━━━━━[0m [1m5:06:08[0m 202s/step - accuracy: 0.9169 - dice_coeff: 0.9223 - iou_score: 0.9055 - loss: 0.2963 - precision: 0.9238 - recall: 0.9786
[1m 35/125[0m [32m━━━━━[0m[37m━━━━━━━━━━━━━━━[0m [1m4:54:37[0m 196s/step - accuracy: 0.9169 - dice_coeff: 0.9223 - iou_score: 0.9055 - loss: 0.2961 - precision: 0.9239 - recall: 0.9786
[1m 36/125[0m [32m━━━━━[0m[37m━━━━━━━━━━━━━━━[0m [1m4:43:36[0m 191s/step - accuracy: 0.9170 - dice_coeff: 0.9223 - iou_score: 0.9056 - loss: 0.2960 - precision: 0.9239 - recall: 0.9786
[1m 37/125[0m [32m━━━━━[0m[37m━━━━━━━━━━━━━━━[0m [1m4:33:08[0m 186s/step - accuracy: 0.9170 - dice_coeff: 0.9224 - iou_score: 0.9057 - loss: 0.2959 - precision: 0.9239 - recall: 0.9786
[1m 38/125[0m [32m━━━━━━[0m[37m━━━━━━━━━━━━━━[0m [1m4:23:15[0m 182s/step - accuracy: 0.9171 - dice_coeff: 0.9224 - iou_score: 0.9057 - loss: 0.2958 - precision: 0.9240 - recall: 0.9786
[1m 39/125[0m [32m━━━━━━[0m[37m━━━━━━━━━━━━━━[0m [1m4:13:52[0m 177s/step - accuracy: 0.9171 - dice_coeff: 0.9224 - iou_score: 0.9058 - loss: 0.2956 - precision: 0.9240 - recall: 0.9787
[1m 40/125[0m [32m━━━━━━[0m[37m━━━━━━━━━━━━━━[0m [1m4:04:57[0m 173s/step - accuracy: 0.9172 - dice_coeff: 0.9225 - iou_score: 0.9058 - loss: 0.2955 - precision: 0.9241 - recall: 0.9787
[1m 41/125[0m [32m━━━━━━[0m[37m━━━━━━━━━━━━━━[0m [1m3:56:29[0m 169s/step - accuracy: 0.9172 - dice_coeff: 0.9225 - iou_score: 0.9059 - loss: 0.2953 - precision: 0.9241 - recall: 0.9787
[1m 42/125[0m [32m━━━━━━[0m[37m━━━━━━━━━━━━━━[0m [1m3:48:25[0m 165s/step - accuracy: 0.9173 - dice_coeff: 0.9226 - iou_score: 0.9060 - loss: 0.2952 - precision: 0.9242 - recall: 0.9787
[1m 43/125[0m [32m━━━━━━[0m[37m━━━━━━━━━━━━━━[0m [1m3:40:43[0m 162s/step - accuracy: 0.9173 - dice_coeff: 0.9226 - iou_score: 0.9060 - loss: 0.2950 - precision: 0.9242 - recall: 0.9787
[1m 44/125[0m [32m━━━━━━━[0m[37m━━━━━━━━━━━━━[0m [1m3:33:22[0m 158s/step - accuracy: 0.9174 - dice_coeff: 0.9226 - iou_score: 0.9061 - loss: 0.2949 - precision: 0.9243 - recall: 0.9787
[1m 45/125[0m [32m━━━━━━━[0m[37m━━━━━━━━━━━━━[0m [1m3:26:21[0m 155s/step - accuracy: 0.9174 - dice_coeff: 0.9227 - iou_score: 0.9061 - loss: 0.2947 - precision: 0.9243 - recall: 0.9787
[1m 46/125[0m [32m━━━━━━━[0m[37m━━━━━━━━━━━━━[0m [1m3:19:38[0m 152s/step - accuracy: 0.9175 - dice_coeff: 0.9227 - iou_score: 0.9062 - loss: 0.2946 - precision: 0.9244 - recall: 0.9788
[1m 47/125[0m [32m━━━━━━━[0m[37m━━━━━━━━━━━━━[0m [1m3:13:11[0m 149s/step - accuracy: 0.9175 - dice_coeff: 0.9228 - iou_score: 0.9062 - loss: 0.2944 - precision: 0.9244 - recall: 0.9788
[1m 48/125[0m [32m━━━━━━━[0m[37m━━━━━━━━━━━━━[0m [1m3:07:01[0m 146s/step - accuracy: 0.9176 - dice_coeff: 0.9228 - iou_score: 0.9063 - loss: 0.2943 - precision: 0.9244 - recall: 0.9788
[1m 49/125[0m [32m━━━━━━━[0m[37m━━━━━━━━━━━━━[0m [1m3:01:05[0m 143s/step - accuracy: 0.9176 - dice_coeff: 0.9228 - iou_score: 0.9063 - loss: 0.2942 - precision: 0.9245 - recall: 0.9788
[1m 50/125[0m [32m━━━━━━━━[0m[37m━━━━━━━━━━━━[0m [1m2:55:25[0m 140s/step - accuracy: 0.9176 - dice_coeff: 0.9229 - iou_score: 0.9064 - loss: 0.2941 - precision: 0.9245 - recall: 0.9788
[1m 51/125[0m [32m━━━━━━━━[0m[37m━━━━━━━━━━━━[0m [1m2:49:57[0m 138s/step - accuracy: 0.9177 - dice_coeff: 0.9229 - iou_score: 0.9064 - loss: 0.2940 - precision: 0.9246 - recall: 0.9788
[1m 52/125[0m [32m━━━━━━━━[0m[37m━━━━━━━━━━━━[0m [1m2:44:42[0m 135s/step - accuracy: 0.9177 - dice_coeff: 0.9229 - iou_score: 0.9065 - loss: 0.2938 - precision: 0.9246 - recall: 0.9788
[1m 53/125[0m [32m━━━━━━━━[0m[37m━━━━━━━━━━━━[0m [1m2:39:38[0m 133s/step - accuracy: 0.9178 - dice_coeff: 0.9230 - iou_score: 0.9065 - loss: 0.2937 - precision: 0.9246 - recall: 0.9789
[1m 54/125[0m [32m━━━━━━━━[0m[37m━━━━━━━━━━━━[0m [1m2:34:45[0m 131s/step - accuracy: 0.9178 - dice_coeff: 0.9230 - iou_score: 0.9066 - loss: 0.2935 - precision: 0.9247 - recall: 0.9789
[1m 55/125[0m [32m━━━━━━━━[0m[37m━━━━━━━━━━━━[0m [1m2:30:03[0m 129s/step - accuracy: 0.9179 - dice_coeff: 0.9230 - iou_score: 0.9067 - loss: 0.2934 - precision: 0.9247 - recall: 0.9789
[1m 56/125[0m [32m━━━━━━━━[0m[37m━━━━━━━━━━━━[0m [1m2:25:30[0m 127s/step - accuracy: 0.9179 - dice_coeff: 0.9231 - iou_score: 0.9067 - loss: 0.2932 - precision: 0.9248 - recall: 0.9789
[1m 57/125[0m [32m━━━━━━━━━[0m[37m━━━━━━━━━━━[0m [1m2:21:07[0m 125s/step - accuracy: 0.9180 - dice_coeff: 0.9231 - iou_score: 0.9068 - loss: 0.2931 - precision: 0.9248 - recall: 0.9789
[1m 58/125[0m [32m━━━━━━━━━[0m[37m━━━━━━━━━━━[0m [1m2:16:49[0m 123s/step - accuracy: 0.9180 - dice_coeff: 0.9232 - iou_score: 0.9068 - loss: 0.2929 - precision: 0.9249 - recall: 0.9789
[1m 59/125[0m [32m━━━━━━━━━[0m[37m━━━━━━━━━━━[0m [1m2:12:36[0m 121s/step - accuracy: 0.9181 - dice_coeff: 0.9232 - iou_score: 0.9069 - loss: 0.2928 - precision: 0.9249 - recall: 0.9789
[1m 60/125[0m [32m━━━━━━━━━[0m[37m━━━━━━━━━━━[0m [1m2:08:37[0m 119s/step - accuracy: 0.9181 - dice_coeff: 0.9232 - iou_score: 0.9069 - loss: 0.2926 - precision: 0.9250 - recall: 0.9789
[1m 61/125[0m [32m━━━━━━━━━[0m[37m━━━━━━━━━━━[0m [1m2:04:46[0m 117s/step - accuracy: 0.9181 - dice_coeff: 0.9233 - iou_score: 0.9070 - loss: 0.2925 - precision: 0.9250 - recall: 0.9790
[1m 62/125[0m [32m━━━━━━━━━[0m[37m━━━━━━━━━━━[0m [1m2:01:03[0m 115s/step - accuracy: 0.9182 - dice_coeff: 0.9233 - iou_score: 0.9070 - loss: 0.2924 - precision: 0.9251 - recall: 0.9790
[1m 63/125[0m [32m━━━━━━━━━━[0m[37m━━━━━━━━━━[0m [1m1:57:25[0m 114s/step - accuracy: 0.9182 - dice_coeff: 0.9233 - iou_score: 0.9071 - loss: 0.2923 - precision: 0.9251 - recall: 0.9790
[1m 64/125[0m [32m━━━━━━━━━━[0m[37m━━━━━━━━━━[0m [1m1:53:55[0m 112s/step - accuracy: 0.9183 - dice_coeff: 0.9234 - iou_score: 0.9071 - loss: 0.2922 - precision: 0.9251 - recall: 0.9790
[1m 65/125[0m [32m━━━━━━━━━━[0m[37m━━━━━━━━━━[0m [1m1:50:30[0m 111s/step - accuracy: 0.9183 - dice_coeff: 0.9234 - iou_score: 0.9072 - loss: 0.2920 - precision: 0.9252 - recall: 0.9790
[1m 66/125[0m [32m━━━━━━━━━━[0m[37m━━━━━━━━━━[0m [1m1:47:12[0m 109s/step - accuracy: 0.9183 - dice_coeff: 0.9234 - iou_score: 0.9072 - loss: 0.2919 - precision: 0.9252 - recall: 0.9790
[1m 67/125[0m [32m━━━━━━━━━━[0m[37m━━━━━━━━━━[0m [1m1:43:59[0m 108s/step - accuracy: 0.9184 - dice_coeff: 0.9235 - iou_score: 0.9073 - loss: 0.2918 - precision: 0.9252 - recall: 0.9790
[1m 68/125[0m [32m━━━━━━━━━━[0m[37m━━━━━━━━━━[0m [1m1:40:51[0m 106s/step - accuracy: 0.9184 - dice_coeff: 0.9235 - iou_score: 0.9073 - loss: 0.2917 - precision: 0.9253 - recall: 0.9790
[1m 69/125[0m [32m━━━━━━━━━━━[0m[37m━━━━━━━━━[0m [1m1:37:48[0m 105s/step - accuracy: 0.9184 - dice_coeff: 0.9235 - iou_score: 0.9073 - loss: 0.2916 - precision: 0.9253 - recall: 0.9790
[1m 70/125[0m [32m━━━━━━━━━━━[0m[37m━━━━━━━━━[0m [1m1:34:51[0m 103s/step - accuracy: 0.9185 - dice_coeff: 0.9236 - iou_score: 0.9074 - loss: 0.2915 - precision: 0.9254 - recall: 0.9791
[1m 71/125[0m [32m━━━━━━━━━━━[0m[37m━━━━━━━━━[0m [1m1:31:57[0m 102s/step - accuracy: 0.9185 - dice_coeff: 0.9236 - iou_score: 0.9074 - loss: 0.2914 - precision: 0.9254 - recall: 0.9791
[1m 72/125[0m [32m━━━━━━━━━━━[0m[37m━━━━━━━━━[0m [1m1:29:09[0m 101s/step - accuracy: 0.9186 - dice_coeff: 0.9236 - iou_score: 0.9075 - loss: 0.2912 - precision: 0.9254 - recall: 0.9791
[1m 73/125[0m [32m━━━━━━━━━━━[0m[37m━━━━━━━━━[0m [1m1:26:25[0m 100s/step - accuracy: 0.9186 - dice_coeff: 0.9237 - iou_score: 0.9075 - loss: 0.2911 - precision: 0.9255 - recall: 0.9791
[1m 74/125[0m [32m━━━━━━━━━━━[0m[37m━━━━━━━━━[0m [1m1:23:44[0m 99s/step - accuracy: 0.9186 - dice_coeff: 0.9237 - iou_score: 0.9076 - loss: 0.2910 - precision: 0.9255 - recall: 0.9791 
[1m 75/125[0m [32m━━━━━━━━━━━━[0m[37m━━━━━━━━[0m [1m1:21:08[0m 97s/step - accuracy: 0.9187 - dice_coeff: 0.9237 - iou_score: 0.9076 - loss: 0.2909 - precision: 0.9255 - recall: 0.9791
[1m 76/125[0m [32m━━━━━━━━━━━━[0m[37m━━━━━━━━[0m [1m1:18:36[0m 96s/step - accuracy: 0.9187 - dice_coeff: 0.9237 - iou_score: 0.9076 - loss: 0.2908 - precision: 0.9256 - recall: 0.9791
[1m 77/125[0m [32m━━━━━━━━━━━━[0m[37m━━━━━━━━[0m [1m1:16:07[0m 95s/step - accuracy: 0.9187 - dice_coeff: 0.9238 - iou_score: 0.9077 - loss: 0.2907 - precision: 0.9256 - recall: 0.9791
[1m 78/125[0m [32m━━━━━━━━━━━━[0m[37m━━━━━━━━[0m [1m1:13:42[0m 94s/step - accuracy: 0.9187 - dice_coeff: 0.9238 - iou_score: 0.9077 - loss: 0.2907 - precision: 0.9256 - recall: 0.9791
[1m 79/125[0m [32m━━━━━━━━━━━━[0m[37m━━━━━━━━[0m [1m1:11:20[0m 93s/step - accuracy: 0.9188 - dice_coeff: 0.9238 - iou_score: 0.9077 - loss: 0.2906 - precision: 0.9257 - recall: 0.9791
[1m 80/125[0m [32m━━━━━━━━━━━━[0m[37m━━━━━━━━[0m [1m1:09:02[0m 92s/step - accuracy: 0.9188 - dice_coeff: 0.9238 - iou_score: 0.9078 - loss: 0.2905 - precision: 0.9257 - recall: 0.9791
[1m 81/125[0m [32m━━━━━━━━━━━━[0m[37m━━━━━━━━[0m [1m1:06:47[0m 91s/step - accuracy: 0.9188 - dice_coeff: 0.9239 - iou_score: 0.9078 - loss: 0.2904 - precision: 0.9257 - recall: 0.9791
[1m 82/125[0m [32m━━━━━━━━━━━━━[0m[37m━━━━━━━[0m [1m1:04:34[0m 90s/step - accuracy: 0.9189 - dice_coeff: 0.9239 - iou_score: 0.9078 - loss: 0.2903 - precision: 0.9258 - recall: 0.9791
[1m 83/125[0m [32m━━━━━━━━━━━━━[0m[37m━━━━━━━[0m [1m1:02:25[0m 89s/step - accuracy: 0.9189 - dice_coeff: 0.9239 - iou_score: 0.9079 - loss: 0.2902 - precision: 0.9258 - recall: 0.9791
[1m 84/125[0m [32m━━━━━━━━━━━━━[0m[37m━━━━━━━[0m [1m1:00:18[0m 88s/step - accuracy: 0.9189 - dice_coeff: 0.9239 - iou_score: 0.9079 - loss: 0.2901 - precision: 0.9258 - recall: 0.9792
[1m 85/125[0m [32m━━━━━━━━━━━━━[0m[37m━━━━━━━[0m [1m58:14[0m 87s/step - accuracy: 0.9189 - dice_coeff: 0.9240 - iou_score: 0.9079 - loss: 0.2901 - precision: 0.9258 - recall: 0.9792  
[1m 86/125[0m [32m━━━━━━━━━━━━━[0m[37m━━━━━━━[0m [1m56:13[0m 86s/step - accuracy: 0.9190 - dice_coeff: 0.9240 - iou_score: 0.9080 - loss: 0.2900 - precision: 0.9259 - recall: 0.9792
[1m 87/125[0m [32m━━━━━━━━━━━━━[0m[37m━━━━━━━[0m [1m54:14[0m 86s/step - accuracy: 0.9190 - dice_coeff: 0.9240 - iou_score: 0.9080 - loss: 0.2899 - precision: 0.9259 - recall: 0.9792
[1m 88/125[0m [32m━━━━━━━━━━━━━━[0m[37m━━━━━━[0m [1m52:17[0m 85s/step - accuracy: 0.9190 - dice_coeff: 0.9240 - iou_score: 0.9080 - loss: 0.2899 - precision: 0.9259 - recall: 0.9792
[1m 89/125[0m [32m━━━━━━━━━━━━━━[0m[37m━━━━━━[0m [1m50:23[0m 84s/step - accuracy: 0.9190 - dice_coeff: 0.9240 - iou_score: 0.9080 - loss: 0.2898 - precision: 0.9259 - recall: 0.9792
[1m 90/125[0m [32m━━━━━━━━━━━━━━[0m[37m━━━━━━[0m [1m48:31[0m 83s/step - accuracy: 0.9190 - dice_coeff: 0.9241 - iou_score: 0.9081 - loss: 0.2897 - precision: 0.9259 - recall: 0.9792
[1m 91/125[0m [32m━━━━━━━━━━━━━━[0m[37m━━━━━━[0m [1m46:42[0m 82s/step - accuracy: 0.9191 - dice_coeff: 0.9241 - iou_score: 0.9081 - loss: 0.2897 - precision: 0.9260 - recall: 0.9792
[1m 92/125[0m [32m━━━━━━━━━━━━━━[0m[37m━━━━━━[0m [1m44:54[0m 82s/step - accuracy: 0.9191 - dice_coeff: 0.9241 - iou_score: 0.9081 - loss: 0.2896 - precision: 0.9260 - recall: 0.9792
[1m 93/125[0m [32m━━━━━━━━━━━━━━[0m[37m━━━━━━[0m [1m43:09[0m 81s/step - accuracy: 0.9191 - dice_coeff: 0.9241 - iou_score: 0.9081 - loss: 0.2896 - precision: 0.9260 - recall: 0.9792
[1m 94/125[0m [32m━━━━━━━━━━━━━━━[0m[37m━━━━━[0m [1m41:25[0m 80s/step - accuracy: 0.9191 - dice_coeff: 0.9241 - iou_score: 0.9082 - loss: 0.2895 - precision: 0.9260 - recall: 0.9792
[1m 95/125[0m [32m━━━━━━━━━━━━━━━[0m[37m━━━━━[0m [1m39:44[0m 79s/step - accuracy: 0.9191 - dice_coeff: 0.9241 - iou_score: 0.9082 - loss: 0.2895 - precision: 0.9260 - recall: 0.9792
[1m 96/125[0m [32m━━━━━━━━━━━━━━━[0m[37m━━━━━[0m [1m38:04[0m 79s/step - accuracy: 0.9191 - dice_coeff: 0.9242 - iou_score: 0.9082 - loss: 0.2894 - precision: 0.9261 - recall: 0.9792
[1m 97/125[0m [32m━━━━━━━━━━━━━━━[0m[37m━━━━━[0m [1m36:26[0m 78s/step - accuracy: 0.9192 - dice_coeff: 0.9242 - iou_score: 0.9082 - loss: 0.2893 - precision: 0.9261 - recall: 0.9792
[1m 98/125[0m [32m━━━━━━━━━━━━━━━[0m[37m━━━━━[0m [1m34:50[0m 77s/step - accuracy: 0.9192 - dice_coeff: 0.9242 - iou_score: 0.9083 - loss: 0.2893 - precision: 0.9261 - recall: 0.9792
[1m 99/125[0m [32m━━━━━━━━━━━━━━━[0m[37m━━━━━[0m [1m33:16[0m 77s/step - accuracy: 0.9192 - dice_coeff: 0.9242 - iou_score: 0.9083 - loss: 0.2892 - precision: 0.9261 - recall: 0.9792
[1m100/125[0m [32m━━━━━━━━━━━━━━━━[0m[37m━━━━[0m [1m31:43[0m 76s/step - accuracy: 0.9192 - dice_coeff: 0.9242 - iou_score: 0.9083 - loss: 0.2892 - precision: 0.9261 - recall: 0.9792
[1m101/125[0m [32m━━━━━━━━━━━━━━━━[0m[37m━━━━[0m [1m30:11[0m 75s/step - accuracy: 0.9192 - dice_coeff: 0.9242 - iou_score: 0.9083 - loss: 0.2891 - precision: 0.9262 - recall: 0.9792
[1m102/125[0m [32m━━━━━━━━━━━━━━━━[0m[37m━━━━[0m [1m28:42[0m 75s/step - accuracy: 0.9192 - dice_coeff: 0.9242 - iou_score: 0.9083 - loss: 0.2891 - precision: 0.9262 - recall: 0.9792
[1m103/125[0m [32m━━━━━━━━━━━━━━━━[0m[37m━━━━[0m [1m27:14[0m 74s/step - accuracy: 0.9193 - dice_coeff: 0.9243 - iou_score: 0.9084 - loss: 0.2890 - precision: 0.9262 - recall: 0.9793
[1m104/125[0m [32m━━━━━━━━━━━━━━━━[0m[37m━━━━[0m [1m25:47[0m 74s/step - accuracy: 0.9193 - dice_coeff: 0.9243 - iou_score: 0.9084 - loss: 0.2890 - precision: 0.9262 - recall: 0.9793
[1m105/125[0m [32m━━━━━━━━━━━━━━━━[0m[37m━━━━[0m [1m24:22[0m 73s/step - accuracy: 0.9193 - dice_coeff: 0.9243 - iou_score: 0.9084 - loss: 0.2889 - precision: 0.9262 - recall: 0.9793
[1m106/125[0m [32m━━━━━━━━━━━━━━━━[0m[37m━━━━[0m [1m22:58[0m 73s/step - accuracy: 0.9193 - dice_coeff: 0.9243 - iou_score: 0.9084 - loss: 0.2889 - precision: 0.9262 - recall: 0.9793
[1m107/125[0m [32m━━━━━━━━━━━━━━━━━[0m[37m━━━[0m [1m21:35[0m 72s/step - accuracy: 0.9193 - dice_coeff: 0.9243 - iou_score: 0.9084 - loss: 0.2889 - precision: 0.9262 - recall: 0.9793
[1m108/125[0m [32m━━━━━━━━━━━━━━━━━[0m[37m━━━[0m [1m20:14[0m 71s/step - accuracy: 0.9193 - dice_coeff: 0.9243 - iou_score: 0.9084 - loss: 0.2888 - precision: 0.9263 - recall: 0.9793
[1m109/125[0m [32m━━━━━━━━━━━━━━━━━[0m[37m━━━[0m [1m18:54[0m 71s/step - accuracy: 0.9193 - dice_coeff: 0.9243 - iou_score: 0.9085 - loss: 0.2888 - precision: 0.9263 - recall: 0.9793
[1m110/125[0m [32m━━━━━━━━━━━━━━━━━[0m[37m━━━[0m [1m17:35[0m 70s/step - accuracy: 0.9194 - dice_coeff: 0.9243 - iou_score: 0.9085 - loss: 0.2887 - precision: 0.9263 - recall: 0.9793
[1m111/125[0m [32m━━━━━━━━━━━━━━━━━[0m[37m━━━[0m [1m16:17[0m 70s/step - accuracy: 0.9194 - dice_coeff: 0.9244 - iou_score: 0.9085 - loss: 0.2887 - precision: 0.9263 - recall: 0.9793
[1m112/125[0m [32m━━━━━━━━━━━━━━━━━[0m[37m━━━[0m [1m15:01[0m 69s/step - accuracy: 0.9194 - dice_coeff: 0.9244 - iou_score: 0.9085 - loss: 0.2887 - precision: 0.9263 - recall: 0.9793
[1m113/125[0m [32m━━━━━━━━━━━━━━━━━━[0m[37m━━[0m [1m13:46[0m 69s/step - accuracy: 0.9194 - dice_coeff: 0.9244 - iou_score: 0.9085 - loss: 0.2886 - precision: 0.9263 - recall: 0.9793
[1m114/125[0m [32m━━━━━━━━━━━━━━━━━━[0m[37m━━[0m [1m12:31[0m 68s/step - accuracy: 0.9194 - dice_coeff: 0.9244 - iou_score: 0.9085 - loss: 0.2886 - precision: 0.9263 - recall: 0.9793
[1m115/125[0m [32m━━━━━━━━━━━━━━━━━━[0m[37m━━[0m [1m11:18[0m 68s/step - accuracy: 0.9194 - dice_coeff: 0.9244 - iou_score: 0.9085 - loss: 0.2886 - precision: 0.9264 - recall: 0.9793
[1m116/125[0m [32m━━━━━━━━━━━━━━━━━━[0m[37m━━[0m [1m10:06[0m 67s/step - accuracy: 0.9194 - dice_coeff: 0.9244 - iou_score: 0.9086 - loss: 0.2885 - precision: 0.9264 - recall: 0.9793
[1m117/125[0m [32m━━━━━━━━━━━━━━━━━━[0m[37m━━[0m [1m8:55[0m 67s/step - accuracy: 0.9194 - dice_coeff: 0.9244 - iou_score: 0.9086 - loss: 0.2885 - precision: 0.9264 - recall: 0.9793 
[1m118/125[0m [32m━━━━━━━━━━━━━━━━━━[0m[37m━━[0m [1m7:45[0m 66s/step - accuracy: 0.9194 - dice_coeff: 0.9244 - iou_score: 0.9086 - loss: 0.2885 - precision: 0.9264 - recall: 0.9793
[1m119/125[0m [32m━━━━━━━━━━━━━━━━━━━[0m[37m━[0m [1m6:36[0m 66s/step - accuracy: 0.9194 - dice_coeff: 0.9244 - iou_score: 0.9086 - loss: 0.2884 - precision: 0.9264 - recall: 0.9793
[1m120/125[0m [32m━━━━━━━━━━━━━━━━━━━[0m[37m━[0m [1m5:27[0m 66s/step - accuracy: 0.9195 - dice_coeff: 0.9245 - iou_score: 0.9086 - loss: 0.2884 - precision: 0.9264 - recall: 0.9793
[1m121/125[0m [32m━━━━━━━━━━━━━━━━━━━[0m[37m━[0m [1m4:20[0m 65s/step - accuracy: 0.9195 - dice_coeff: 0.9245 - iou_score: 0.9086 - loss: 0.2884 - precision: 0.9264 - recall: 0.9793
[1m122/125[0m [32m━━━━━━━━━━━━━━━━━━━[0m[37m━[0m [1m3:14[0m 65s/step - accuracy: 0.9195 - dice_coeff: 0.9245 - iou_score: 0.9086 - loss: 0.2883 - precision: 0.9264 - recall: 0.9793
[1m123/125[0m [32m━━━━━━━━━━━━━━━━━━━[0m[37m━[0m [1m2:08[0m 64s/step - accuracy: 0.9195 - dice_coeff: 0.9245 - iou_score: 0.9086 - loss: 0.2883 - precision: 0.9264 - recall: 0.9793
[1m124/125[0m [32m━━━━━━━━━━━━━━━━━━━[0m[37m━[0m [1m1:03[0m 64s/step - accuracy: 0.9195 - dice_coeff: 0.9245 - iou_score: 0.9087 - loss: 0.2883 - precision: 0.9264 - recall: 0.9793
[1m125/125[0m [32m━━━━━━━━━━━━━━━━━━━━[0m[37m[0m [1m0s[0m 63s/step - accuracy: 0.9195 - dice_coeff: 0.9245 - iou_score: 0.9087 - loss: 0.2882 - precision: 0.9265 - recall: 0.9793  
Epoch 9: val_dice_coeff improved from 0.90920 to 0.91846, saving model to models/best_model.keras

Epoch 9: finished saving model to models/best_model.keras

[1m125/125[0m [32m━━━━━━━━━━━━━━━━━━━━[0m[37m[0m [1m8013s[0m 65s/step - accuracy: 0.9204 - dice_coeff: 0.9255 - iou_score: 0.9099 - loss: 0.2850 - precision: 0.9276 - recall: 0.9796 - val_accuracy: 0.8872 - val_dice_coeff: 0.9185 - val_iou_score: 0.8751 - val_loss: 0.3927 - val_precision: 0.8782 - val_recall: 0.9960 - learning_rate: 5.0000e-05
Epoch 10/100

[1m  1/125[0m [37m━━━━━━━━━━━━━━━━━━━━[0m [1m28:04[0m 14s/step - accuracy: 0.9206 - dice_coeff: 0.9244 - iou_score: 0.9099 - loss: 0.2867 - precision: 0.9286 - recall: 0.9784
[1m  2/125[0m [37m━━━━━━━━━━━━━━━━━━━━[0m [1m27:26[0m 13s/step - accuracy: 0.9231 - dice_coeff: 0.9257 - iou_score: 0.9126 - loss: 0.2800 - precision: 0.9314 - recall: 0.9784
[1m  3/125[0m [37m━━━━━━━━━━━━━━━━━━━━[0m [1m26:53[0m 13s/step - accuracy: 0.9236 - dice_coeff: 0.9259 - iou_score: 0.9133 - loss: 0.2787 - precision: 0.9319 - recall: 0.9785
[1m  4/125[0m [37m━━━━━━━━━━━━━━━━━━━━[0m [1m26:42[0m 13s/step - accuracy: 0.9231 - dice_coeff: 0.9257 - iou_score: 0.9128 - loss: 0.2801 - precision: 0.9314 - recall: 0.9786
[1m  5/125[0m [37m━━━━━━━━━━━━━━━━━━━━[0m [1m26:34[0m 13s/step - accuracy: 0.9229 - dice_coeff: 0.9257 - iou_score: 0.9126 - loss: 0.2803 - precision: 0.9310 - recall: 0.9788
[1m  6/125[0m [37m━━━━━━━━━━━━━━━━━━━━[0m [1m26:20[0m 13s/step - accuracy: 0.9226 - dice_coeff: 0.9256 - iou_score: 0.9122 - loss: 0.2809 - precision: 0.9305 - recall: 0.9790
[1m  7/125[0m [32m━[0m[37m━━━━━━━━━━━━━━━━━━━[0m [1m26:06[0m 13s/step - accuracy: 0.9225 - dice_coeff: 0.9256 - iou_score: 0.9122 - loss: 0.2809 - precision: 0.9303 - recall: 0.9791
[1m  8/125[0m [32m━[0m[37m━━━━━━━━━━━━━━━━━━━[0m [1m25:53[0m 13s/step - accuracy: 0.9225 - dice_coeff: 0.9258 - iou_score: 0.9122 - loss: 0.2806 - precision: 0.9302 - recall: 0.9793
[1m  9/125[0m [32m━[0m[37m━━━━━━━━━━━━━━━━━━━[0m [1m25:37[0m 13s/step - accuracy: 0.9224 - dice_coeff: 0.9258 - iou_score: 0.9121 - loss: 0.2808 - precision: 0.9300 - recall: 0.9793
[1m 10/125[0m [32m━[0m[37m━━━━━━━━━━━━━━━━━━━[0m [1m25:19[0m 13s/step - accuracy: 0.9223 - dice_coeff: 0.9258 - iou_score: 0.9119 - loss: 0.2811 - precision: 0.9298 - recall: 0.9793
[1m 11/125[0m [32m━[0m[37m━━━━━━━━━━━━━━━━━━━[0m [1m25:04[0m 13s/step - accuracy: 0.9222 - dice_coeff: 0.9258 - iou_score: 0.9118 - loss: 0.2814 - precision: 0.9297 - recall: 0.9793
[1m 12/125[0m [32m━[0m[37m━━━━━━━━━━━━━━━━━━━[0m [1m24:50[0m 13s/step - accuracy: 0.9221 - dice_coeff: 0.9258 - iou_score: 0.9117 - loss: 0.2814 - precision: 0.9296 - recall: 0.9793
[1m 13/125[0m [32m━━[0m[37m━━━━━━━━━━━━━━━━━━[0m [1m24:38[0m 13s/step - accuracy: 0.9221 - dice_coeff: 0.9258 - iou_score: 0.9116 - loss: 0.2816 - precision: 0.9295 - recall: 0.9793
[1m 14/125[0m [32m━━[0m[37m━━━━━━━━━━━━━━━━━━[0m [1m24:26[0m 13s/step - accuracy: 0.9219 - dice_coeff: 0.9258 - iou_score: 0.9115 - loss: 0.2819 - precision: 0.9293 - recall: 0.9794
[1m 15/125[0m [32m━━[0m[37m━━━━━━━━━━━━━━━━━━[0m [1m24:12[0m 13s/step - accuracy: 0.9219 - dice_coeff: 0.9258 - iou_score: 0.9114 - loss: 0.2821 - precision: 0.9292 - recall: 0.9794
[1m 16/125[0m [32m━━[0m[37m━━━━━━━━━━━━━━━━━━[0m [1m23:59[0m 13s/step - accuracy: 0.9218 - dice_coeff: 0.9257 - iou_score: 0.9113 - loss: 0.2822 - precision: 0.9290 - recall: 0.9794
[1m 17/125[0m [32m━━[0m[37m━━━━━━━━━━━━━━━━━━[0m [1m23:47[0m 13s/step - accuracy: 0.9217 - dice_coeff: 0.9258 - iou_score: 0.9112 - loss: 0.2823 - precision: 0.9289 - recall: 0.9795
[1m 18/125[0m [32m━━[0m[37m━━━━━━━━━━━━━━━━━━[0m [1m23:33[0m 13s/step - accuracy: 0.9217 - dice_coeff: 0.9258 - iou_score: 0.9112 - loss: 0.2822 - precision: 0.9289 - recall: 0.9795
[1m 19/125[0m [32m━━━[0m[37m━━━━━━━━━━━━━━━━━[0m [1m23:19[0m 13s/step - accuracy: 0.9217 - dice_coeff: 0.9258 - iou_score: 0.9111 - loss: 0.2822 - precision: 0.9288 - recall: 0.9796
[1m 20/125[0m [32m━━━[0m[37m━━━━━━━━━━━━━━━━━[0m [1m23:06[0m 13s/step - accuracy: 0.9217 - dice_coeff: 0.9258 - iou_score: 0.9111 - loss: 0.2822 - precision: 0.9287 - recall: 0.9796
[1m 21/125[0m [32m━━━[0m[37m━━━━━━━━━━━━━━━━━[0m [1m22:54[0m 13s/step - accuracy: 0.9217 - dice_coeff: 0.9258 - iou_score: 0.9111 - loss: 0.2823 - precision: 0.9287 - recall: 0.9796
[1m 22/125[0m [32m━━━[0m[37m━━━━━━━━━━━━━━━━━[0m [1m22:42[0m 13s/step - accuracy: 0.9216 - dice_coeff: 0.9258 - iou_score: 0.9110 - loss: 0.2824 - precision: 0.9286 - recall: 0.9796
[1m 23/125[0m [32m━━━[0m[37m━━━━━━━━━━━━━━━━━[0m [1m22:29[0m 13s/step - accuracy: 0.9216 - dice_coeff: 0.9258 - iou_score: 0.9109 - loss: 0.2824 - precision: 0.9286 - recall: 0.9796
[1m 24/125[0m [32m━━━[0m[37m━━━━━━━━━━━━━━━━━[0m [1m22:16[0m 13s/step - accuracy: 0.9215 - dice_coeff: 0.9258 - iou_score: 0.9109 - loss: 0.2825 - precision: 0.9286 - recall: 0.9796
[1m 25/125[0m [32m━━━━[0m[37m━━━━━━━━━━━━━━━━[0m [1m22:04[0m 13s/step - accuracy: 0.9215 - dice_coeff: 0.9258 - iou_score: 0.9109 - loss: 0.2825 - precision: 0.9285 - recall: 0.9795
[1m 26/125[0m [32m━━━━[0m[37m━━━━━━━━━━━━━━━━[0m [1m21:51[0m 13s/step - accuracy: 0.9215 - dice_coeff: 0.9258 - iou_score: 0.9109 - loss: 0.2825 - precision: 0.9285 - recall: 0.9795
[1m 27/125[0m [32m━━━━[0m[37m━━━━━━━━━━━━━━━━[0m [1m21:39[0m 13s/step - accuracy: 0.9215 - dice_coeff: 0.9258 - iou_score: 0.9108 - loss: 0.2825 - precision: 0.9285 - recall: 0.9795
[1m 28/125[0m [32m━━━━[0m[37m━━━━━━━━━━━━━━━━[0m [1m21:25[0m 13s/step - accuracy: 0.9215 - dice_coeff: 0.9258 - iou_score: 0.9108 - loss: 0.2825 - precision: 0.9285 - recall: 0.9795
[1m 29/125[0m [32m━━━━[0m[37m━━━━━━━━━━━━━━━━[0m [1m21:12[0m 13s/step - accuracy: 0.9215 - dice_coeff: 0.9259 - iou_score: 0.9108 - loss: 0.2825 - precision: 0.9285 - recall: 0.9795
[1m 30/125[0m [32m━━━━[0m[37m━━━━━━━━━━━━━━━━[0m [1m20:58[0m 13s/step - accuracy: 0.9215 - dice_coeff: 0.9259 - iou_score: 0.9108 - loss: 0.2825 - precision: 0.9285 - recall: 0.9795
[1m 31/125[0m [32m━━━━[0m[37m━━━━━━━━━━━━━━━━[0m [1m20:45[0m 13s/step - accuracy: 0.9215 - dice_coeff: 0.9259 - iou_score: 0.9108 - loss: 0.2825 - precision: 0.9285 - recall: 0.9795
[1m 32/125[0m [32m━━━━━[0m[37m━━━━━━━━━━━━━━━[0m [1m20:32[0m 13s/step - accuracy: 0.9215 - dice_coeff: 0.9259 - iou_score: 0.9108 - loss: 0.2824 - precision: 0.9285 - recall: 0.9795
[1m 33/125[0m [32m━━━━━[0m[37m━━━━━━━━━━━━━━━[0m [1m20:18[0m 13s/step - accuracy: 0.9215 - dice_coeff: 0.9259 - iou_score: 0.9108 - loss: 0.2824 - precision: 0.9285 - recall: 0.9795
[1m 34/125[0m [32m━━━━━[0m[37m━━━━━━━━━━━━━━━[0m [1m20:05[0m 13s/step - accuracy: 0.9215 - dice_coeff: 0.9259 - iou_score: 0.9108 - loss: 0.2824 - precision: 0.9285 - recall: 0.9795
[1m 35/125[0m [32m━━━━━[0m[37m━━━━━━━━━━━━━━━[0m [1m19:51[0m 13s/step - accuracy: 0.9215 - dice_coeff: 0.9259 - iou_score: 0.9108 - loss: 0.2823 - precision: 0.9285 - recall: 0.9795
[1m 36/125[0m [32m━━━━━[0m[37m━━━━━━━━━━━━━━━[0m [1m19:37[0m 13s/step - accuracy: 0.9215 - dice_coeff: 0.9259 - iou_score: 0.9108 - loss: 0.2822 - precision: 0.9286 - recall: 0.9795
[1m 37/125[0m [32m━━━━━[0m[37m━━━━━━━━━━━━━━━[0m [1m19:24[0m 13s/step - accuracy: 0.9215 - dice_coeff: 0.9260 - iou_score: 0.9109 - loss: 0.2822 - precision: 0.9286 - recall: 0.9795
[1m 38/125[0m [32m━━━━━━[0m[37m━━━━━━━━━━━━━━[0m [1m19:11[0m 13s/step - accuracy: 0.9216 - dice_coeff: 0.9260 - iou_score: 0.9109 - loss: 0.2821 - precision: 0.9286 - recall: 0.9795
[1m 39/125[0m [32m━━━━━━[0m[37m━━━━━━━━━━━━━━[0m [1m18:58[0m 13s/step - accuracy: 0.9216 - dice_coeff: 0.9260 - iou_score: 0.9109 - loss: 0.2821 - precision: 0.9286 - recall: 0.9795
[1m 40/125[0m [32m━━━━━━[0m[37m━━━━━━━━━━━━━━[0m [1m18:45[0m 13s/step - accuracy: 0.9216 - dice_coeff: 0.9260 - iou_score: 0.9109 - loss: 0.2821 - precision: 0.9286 - recall: 0.9795
[1m 41/125[0m [32m━━━━━━[0m[37m━━━━━━━━━━━━━━[0m [1m18:32[0m 13s/step - accuracy: 0.9216 - dice_coeff: 0.9260 - iou_score: 0.9109 - loss: 0.2821 - precision: 0.9286 - recall: 0.9795
[1m 42/125[0m [32m━━━━━━[0m[37m━━━━━━━━━━━━━━[0m [1m18:19[0m 13s/step - accuracy: 0.9216 - dice_coeff: 0.9260 - iou_score: 0.9109 - loss: 0.2821 - precision: 0.9286 - recall: 0.9795
[1m 43/125[0m [32m━━━━━━[0m[37m━━━━━━━━━━━━━━[0m [1m18:05[0m 13s/step - accuracy: 0.9216 - dice_coeff: 0.9261 - iou_score: 0.9109 - loss: 0.2820 - precision: 0.9286 - recall: 0.9795
[1m 44/125[0m [32m━━━━━━━[0m[37m━━━━━━━━━━━━━[0m [1m17:52[0m 13s/step - accuracy: 0.9216 - dice_coeff: 0.9261 - iou_score: 0.9109 - loss: 0.2820 - precision: 0.9286 - recall: 0.9795
[1m 45/125[0m [32m━━━━━━━[0m[37m━━━━━━━━━━━━━[0m [1m17:39[0m 13s/step - accuracy: 0.9216 - dice_coeff: 0.9261 - iou_score: 0.9109 - loss: 0.2820 - precision: 0.9286 - recall: 0.9795
[1m 46/125[0m [32m━━━━━━━[0m[37m━━━━━━━━━━━━━[0m [1m17:26[0m 13s/step - accuracy: 0.9216 - dice_coeff: 0.9261 - iou_score: 0.9109 - loss: 0.2820 - precision: 0.9286 - recall: 0.9796
[1m 47/125[0m [32m━━━━━━━[0m[37m━━━━━━━━━━━━━[0m [1m17:13[0m 13s/step - accuracy: 0.9216 - dice_coeff: 0.9261 - iou_score: 0.9109 - loss: 0.2820 - precision: 0.9286 - recall: 0.9796
[1m 48/125[0m [32m━━━━━━━[0m[37m━━━━━━━━━━━━━[0m [1m17:00[0m 13s/step - accuracy: 0.9215 - dice_coeff: 0.9261 - iou_score: 0.9109 - loss: 0.2820 - precision: 0.9286 - recall: 0.9796
[1m 49/125[0m [32m━━━━━━━[0m[37m━━━━━━━━━━━━━[0m [1m16:46[0m 13s/step - accuracy: 0.9215 - dice_coeff: 0.9261 - iou_score: 0.9109 - loss: 0.2820 - precision: 0.9286 - recall: 0.9796
[1m 50/125[0m [32m━━━━━━━━[0m[37m━━━━━━━━━━━━[0m [1m16:34[0m 13s/step - accuracy: 0.9215 - dice_coeff: 0.9261 - iou_score: 0.9109 - loss: 0.2820 - precision: 0.9286 - recall: 0.9796
[1m 51/125[0m [32m━━━━━━━━[0m[37m━━━━━━━━━━━━[0m [1m16:22[0m 13s/step - accuracy: 0.9215 - dice_coeff: 0.9261 - iou_score: 0.9109 - loss: 0.2820 - precision: 0.9285 - recall: 0.9796
[1m 52/125[0m [32m━━━━━━━━[0m[37m━━━━━━━━━━━━[0m [1m16:09[0m 13s/step - accuracy: 0.9215 - dice_coeff: 0.9261 - iou_score: 0.9109 - loss: 0.2820 - precision: 0.9285 - recall: 0.9796
[1m 53/125[0m [32m━━━━━━━━[0m[37m━━━━━━━━━━━━[0m [1m15:56[0m 13s/step - accuracy: 0.9215 - dice_coeff: 0.9261 - iou_score: 0.9109 - loss: 0.2820 - precision: 0.9285 - recall: 0.9796
[1m 54/125[0m [32m━━━━━━━━[0m[37m━━━━━━━━━━━━[0m [1m15:43[0m 13s/step - accuracy: 0.9215 - dice_coeff: 0.9261 - iou_score: 0.9109 - loss: 0.2820 - precision: 0.9285 - recall: 0.9796
[1m 55/125[0m [32m━━━━━━━━[0m[37m━━━━━━━━━━━━[0m [1m15:30[0m 13s/step - accuracy: 0.9215 - dice_coeff: 0.9261 - iou_score: 0.9109 - loss: 0.2820 - precision: 0.9285 - recall: 0.9796
[1m 56/125[0m [32m━━━━━━━━[0m[37m━━━━━━━━━━━━[0m [1m15:17[0m 13s/step - accuracy: 0.9215 - dice_coeff: 0.9261 - iou_score: 0.9109 - loss: 0.2820 - precision: 0.9285 - recall: 0.9796
[1m 57/125[0m [32m━━━━━━━━━[0m[37m━━━━━━━━━━━[0m [1m15:05[0m 13s/step - accuracy: 0.9215 - dice_coeff: 0.9261 - iou_score: 0.9109 - loss: 0.2820 - precision: 0.9285 - recall: 0.9796
[1m 58/125[0m [32m━━━━━━━━━[0m[37m━━━━━━━━━━━[0m [1m14:50[0m 13s/step - accuracy: 0.9215 - dice_coeff: 0.9262 - iou_score: 0.9109 - loss: 0.2820 - precision: 0.9285 - recall: 0.9796
[1m 59/125[0m [32m━━━━━━━━━[0m[37m━━━━━━━━━━━[0m [1m14:30[0m 13s/step - accuracy: 0.9215 - dice_coeff: 0.9262 - iou_score: 0.9109 - loss: 0.2820 - precision: 0.9285 - recall: 0.9796
[1m 60/125[0m [32m━━━━━━━━━[0m[37m━━━━━━━━━━━[0m [1m14:17[0m 13s/step - accuracy: 0.9215 - dice_coeff: 0.9262 - iou_score: 0.9109 - loss: 0.2820 - precision: 0.9285 - recall: 0.9796
[1m 61/125[0m [32m━━━━━━━━━[0m[37m━━━━━━━━━━━[0m [1m14:04[0m 13s/step - accuracy: 0.9215 - dice_coeff: 0.9262 - iou_score: 0.9109 - loss: 0.2820 - precision: 0.9285 - recall: 0.9796
[1m 62/125[0m [32m━━━━━━━━━[0m[37m━━━━━━━━━━━[0m [1m13:51[0m 13s/step - accuracy: 0.9215 - dice_coeff: 0.9262 - iou_score: 0.9109 - loss: 0.2820 - precision: 0.9285 - recall: 0.9796
[1m 63/125[0m [32m━━━━━━━━━━[0m[37m━━━━━━━━━━[0m [1m13:39[0m 13s/step - accuracy: 0.9215 - dice_coeff: 0.9262 - iou_score: 0.9109 - loss: 0.2820 - precision: 0.9285 - recall: 0.9796
[1m 64/125[0m [32m━━━━━━━━━━[0m[37m━━━━━━━━━━[0m [1m13:26[0m 13s/step - accuracy: 0.9215 - dice_coeff: 0.9262 - iou_score: 0.9109 - loss: 0.2820 - precision: 0.9285 - recall: 0.9796
[1m 65/125[0m [32m━━━━━━━━━━[0m[37m━━━━━━━━━━[0m [1m13:13[0m 13s/step - accuracy: 0.9215 - dice_coeff: 0.9262 - iou_score: 0.9109 - loss: 0.2820 - precision: 0.9285 - recall: 0.9796
[1m 66/125[0m [32m━━━━━━━━━━[0m[37m━━━━━━━━━━[0m [1m12:59[0m 13s/step - accuracy: 0.9215 - dice_coeff: 0.9262 - iou_score: 0.9109 - loss: 0.2820 - precision: 0.9285 - recall: 0.9796
[1m 67/125[0m [32m━━━━━━━━━━[0m[37m━━━━━━━━━━[0m [1m12:46[0m 13s/step - accuracy: 0.9215 - dice_coeff: 0.9262 - iou_score: 0.9109 - loss: 0.2820 - precision: 0.9285 - recall: 0.9796
[1m 68/125[0m [32m━━━━━━━━━━[0m[37m━━━━━━━━━━[0m [1m12:32[0m 13s/step - accuracy: 0.9215 - dice_coeff: 0.9262 - iou_score: 0.9109 - loss: 0.2820 - precision: 0.9285 - recall: 0.9796
[1m 69/125[0m [32m━━━━━━━━━━━[0m[37m━━━━━━━━━[0m [1m12:20[0m 13s/step - accuracy: 0.9215 - dice_coeff: 0.9262 - iou_score: 0.9109 - loss: 0.2820 - precision: 0.9285 - recall: 0.9796
[1m 70/125[0m [32m━━━━━━━━━━━[0m[37m━━━━━━━━━[0m [1m12:06[0m 13s/step - accuracy: 0.9215 - dice_coeff: 0.9262 - iou_score: 0.9109 - loss: 0.2820 - precision: 0.9285 - recall: 0.9796
[1m 71/125[0m [32m━━━━━━━━━━━[0m[37m━━━━━━━━━[0m [1m11:53[0m 13s/step - accuracy: 0.9214 - dice_coeff: 0.9262 - iou_score: 0.9109 - loss: 0.2820 - precision: 0.9285 - recall: 0.9796
[1m 72/125[0m [32m━━━━━━━━━━━[0m[37m━━━━━━━━━[0m [1m11:40[0m 13s/step - accuracy: 0.9214 - dice_coeff: 0.9262 - iou_score: 0.9109 - loss: 0.2820 - precision: 0.9284 - recall: 0.9797
[1m 73/125[0m [32m━━━━━━━━━━━[0m[37m━━━━━━━━━[0m [1m11:27[0m 13s/step - accuracy: 0.9214 - dice_coeff: 0.9262 - iou_score: 0.9109 - loss: 0.2820 - precision: 0.9284 - recall: 0.9797
[1m 74/125[0m [32m━━━━━━━━━━━[0m[37m━━━━━━━━━[0m [1m11:13[0m 13s/step - accuracy: 0.9214 - dice_coeff: 0.9262 - iou_score: 0.9108 - loss: 0.2820 - precision: 0.9284 - recall: 0.9797
[1m 75/125[0m [32m━━━━━━━━━━━━[0m[37m━━━━━━━━[0m [1m11:00[0m 13s/step - accuracy: 0.9214 - dice_coeff: 0.9262 - iou_score: 0.9108 - loss: 0.2820 - precision: 0.9284 - recall: 0.9797
[1m 76/125[0m [32m━━━━━━━━━━━━[0m[37m━━━━━━━━[0m [1m10:47[0m 13s/step - accuracy: 0.9214 - dice_coeff: 0.9262 - iou_score: 0.9108 - loss: 0.2820 - precision: 0.9284 - recall: 0.9797
[1m 77/125[0m [32m━━━━━━━━━━━━[0m[37m━━━━━━━━[0m [1m10:34[0m 13s/step - accuracy: 0.9214 - dice_coeff: 0.9262 - iou_score: 0.9108 - loss: 0.2820 - precision: 0.9284 - recall: 0.9797
[1m 78/125[0m [32m━━━━━━━━━━━━[0m[37m━━━━━━━━[0m [1m10:21[0m 13s/step - accuracy: 0.9214 - dice_coeff: 0.9262 - iou_score: 0.9108 - loss: 0.2820 - precision: 0.9284 - recall: 0.9797
[1m 79/125[0m [32m━━━━━━━━━━━━[0m[37m━━━━━━━━[0m [1m10:07[0m 13s/step - accuracy: 0.9214 - dice_coeff: 0.9262 - iou_score: 0.9108 - loss: 0.2820 - precision: 0.9284 - recall: 0.9797
[1m 80/125[0m [32m━━━━━━━━━━━━[0m[37m━━━━━━━━[0m [1m9:54[0m 13s/step - accuracy: 0.9214 - dice_coeff: 0.9262 - iou_score: 0.9108 - loss: 0.2820 - precision: 0.9284 - recall: 0.9797 
[1m 81/125[0m [32m━━━━━━━━━━━━[0m[37m━━━━━━━━[0m [1m9:41[0m 13s/step - accuracy: 0.9214 - dice_coeff: 0.9262 - iou_score: 0.9108 - loss: 0.2820 - precision: 0.9284 - recall: 0.9797
[1m 82/125[0m [32m━━━━━━━━━━━━━[0m[37m━━━━━━━[0m [1m9:28[0m 13s/step - accuracy: 0.9214 - dice_coeff: 0.9262 - iou_score: 0.9108 - loss: 0.2820 - precision: 0.9284 - recall: 0.9797
[1m 83/125[0m [32m━━━━━━━━━━━━━[0m[37m━━━━━━━[0m [1m9:15[0m 13s/step - accuracy: 0.9214 - dice_coeff: 0.9262 - iou_score: 0.9108 - loss: 0.2820 - precision: 0.9284 - recall: 0.9797
[1m 84/125[0m [32m━━━━━━━━━━━━━[0m[37m━━━━━━━[0m [1m9:02[0m 13s/step - accuracy: 0.9214 - dice_coeff: 0.9262 - iou_score: 0.9108 - loss: 0.2820 - precision: 0.9284 - recall: 0.9797
[1m 85/125[0m [32m━━━━━━━━━━━━━[0m[37m━━━━━━━[0m [1m8:48[0m 13s/step - accuracy: 0.9214 - dice_coeff: 0.9262 - iou_score: 0.9108 - loss: 0.2820 - precision: 0.9284 - recall: 0.9797
[1m 86/125[0m [32m━━━━━━━━━━━━━[0m[37m━━━━━━━[0m [1m8:35[0m 13s/step - accuracy: 0.9214 - dice_coeff: 0.9262 - iou_score: 0.9108 - loss: 0.2820 - precision: 0.9284 - recall: 0.9797
[1m 87/125[0m [32m━━━━━━━━━━━━━[0m[37m━━━━━━━[0m [1m8:22[0m 13s/step - accuracy: 0.9214 - dice_coeff: 0.9262 - iou_score: 0.9108 - loss: 0.2821 - precision: 0.9284 - recall: 0.9797
[1m 88/125[0m [32m━━━━━━━━━━━━━━[0m[37m━━━━━━[0m [1m8:09[0m 13s/step - accuracy: 0.9214 - dice_coeff: 0.9262 - iou_score: 0.9108 - loss: 0.2821 - precision: 0.9284 - recall: 0.9797
[1m 89/125[0m [32m━━━━━━━━━━━━━━[0m[37m━━━━━━[0m [1m7:56[0m 13s/step - accuracy: 0.9214 - dice_coeff: 0.9262 - iou_score: 0.9108 - loss: 0.2821 - precision: 0.9284 - recall: 0.9797
[1m 90/125[0m [32m━━━━━━━━━━━━━━[0m[37m━━━━━━[0m [1m7:42[0m 13s/step - accuracy: 0.9214 - dice_coeff: 0.9262 - iou_score: 0.9108 - loss: 0.2821 - precision: 0.9284 - recall: 0.9797
[1m 91/125[0m [32m━━━━━━━━━━━━━━[0m[37m━━━━━━[0m [1m7:29[0m 13s/step - accuracy: 0.9214 - dice_coeff: 0.9262 - iou_score: 0.9108 - loss: 0.2821 - precision: 0.9284 - recall: 0.9797
[1m 92/125[0m [32m━━━━━━━━━━━━━━[0m[37m━━━━━━[0m [1m7:16[0m 13s/step - accuracy: 0.9214 - dice_coeff: 0.9262 - iou_score: 0.9108 - loss: 0.2821 - precision: 0.9284 - recall: 0.9797
[1m 93/125[0m [32m━━━━━━━━━━━━━━[0m[37m━━━━━━[0m [1m7:03[0m 13s/step - accuracy: 0.9214 - dice_coeff: 0.9262 - iou_score: 0.9108 - loss: 0.2821 - precision: 0.9284 - recall: 0.9797
[1m 94/125[0m [32m━━━━━━━━━━━━━━━[0m[37m━━━━━[0m [1m6:50[0m 13s/step - accuracy: 0.9214 - dice_coeff: 0.9262 - iou_score: 0.9108 - loss: 0.2821 - precision: 0.9283 - recall: 0.9797
[1m 95/125[0m [32m━━━━━━━━━━━━━━━[0m[37m━━━━━[0m [1m6:36[0m 13s/step - accuracy: 0.9213 - dice_coeff: 0.9262 - iou_score: 0.9108 - loss: 0.2821 - precision: 0.9283 - recall: 0.9797
[1m 96/125[0m [32m━━━━━━━━━━━━━━━[0m[37m━━━━━[0m [1m6:23[0m 13s/step - accuracy: 0.9213 - dice_coeff: 0.9262 - iou_score: 0.9108 - loss: 0.2821 - precision: 0.9283 - recall: 0.9797
[1m 97/125[0m [32m━━━━━━━━━━━━━━━[0m[37m━━━━━[0m [1m6:10[0m 13s/step - accuracy: 0.9213 - dice_coeff: 0.9262 - iou_score: 0.9108 - loss: 0.2821 - precision: 0.9283 - recall: 0.9797
[1m 98/125[0m [32m━━━━━━━━━━━━━━━[0m[37m━━━━━[0m [1m5:57[0m 13s/step - accuracy: 0.9213 - dice_coeff: 0.9262 - iou_score: 0.9108 - loss: 0.2821 - precision: 0.9283 - recall: 0.9797
[1m 99/125[0m [32m━━━━━━━━━━━━━━━[0m[37m━━━━━[0m [1m5:43[0m 13s/step - accuracy: 0.9213 - dice_coeff: 0.9262 - iou_score: 0.9108 - loss: 0.2821 - precision: 0.9283 - recall: 0.9797
[1m100/125[0m [32m━━━━━━━━━━━━━━━━[0m[37m━━━━[0m [1m5:30[0m 13s/step - accuracy: 0.9213 - dice_coeff: 0.9262 - iou_score: 0.9108 - loss: 0.2821 - precision: 0.9283 - recall: 0.9797
[1m101/125[0m [32m━━━━━━━━━━━━━━━━[0m[37m━━━━[0m [1m5:17[0m 13s/step - accuracy: 0.9213 - dice_coeff: 0.9262 - iou_score: 0.9108 - loss: 0.2821 - precision: 0.9283 - recall: 0.9797
[1m102/125[0m [32m━━━━━━━━━━━━━━━━[0m[37m━━━━[0m [1m5:04[0m 13s/step - accuracy: 0.9213 - dice_coeff: 0.9262 - iou_score: 0.9108 - loss: 0.2821 - precision: 0.9283 - recall: 0.9797
[1m103/125[0m [32m━━━━━━━━━━━━━━━━[0m[37m━━━━[0m [1m4:51[0m 13s/step - accuracy: 0.9213 - dice_coeff: 0.9262 - iou_score: 0.9108 - loss: 0.2820 - precision: 0.9283 - recall: 0.9797
[1m104/125[0m [32m━━━━━━━━━━━━━━━━[0m[37m━━━━[0m [1m4:37[0m 13s/step - accuracy: 0.9213 - dice_coeff: 0.9262 - iou_score: 0.9108 - loss: 0.2820 - precision: 0.9283 - recall: 0.9797
[1m105/125[0m [32m━━━━━━━━━━━━━━━━[0m[37m━━━━[0m [1m4:24[0m 13s/step - accuracy: 0.9213 - dice_coeff: 0.9262 - iou_score: 0.9108 - loss: 0.2820 - precision: 0.9283 - recall: 0.9797
[1m106/125[0m [32m━━━━━━━━━━━━━━━━[0m[37m━━━━[0m [1m4:11[0m 13s/step - accuracy: 0.9213 - dice_coeff: 0.9262 - iou_score: 0.9108 - loss: 0.2820 - precision: 0.9283 - recall: 0.9797
[1m107/125[0m [32m━━━━━━━━━━━━━━━━━[0m[37m━━━[0m [1m3:58[0m 13s/step - accuracy: 0.9213 - dice_coeff: 0.9262 - iou_score: 0.9108 - loss: 0.2820 - precision: 0.9283 - recall: 0.9797
[1m108/125[0m [32m━━━━━━━━━━━━━━━━━[0m[37m━━━[0m [1m3:44[0m 13s/step - accuracy: 0.9213 - dice_coeff: 0.9262 - iou_score: 0.9108 - loss: 0.2820 - precision: 0.9283 - recall: 0.9797
[1m109/125[0m [32m━━━━━━━━━━━━━━━━━[0m[37m━━━[0m [1m3:31[0m 13s/step - accuracy: 0.9213 - dice_coeff: 0.9262 - iou_score: 0.9108 - loss: 0.2820 - precision: 0.9283 - recall: 0.9797
[1m110/125[0m [32m━━━━━━━━━━━━━━━━━[0m[37m━━━[0m [1m3:18[0m 13s/step - accuracy: 0.9213 - dice_coeff: 0.9262 - iou_score: 0.9108 - loss: 0.2820 - precision: 0.9283 - recall: 0.9797
[1m111/125[0m [32m━━━━━━━━━━━━━━━━━[0m[37m━━━[0m [1m3:05[0m 13s/step - accuracy: 0.9213 - dice_coeff: 0.9262 - iou_score: 0.9108 - loss: 0.2820 - precision: 0.9283 - recall: 0.9797
[1m112/125[0m [32m━━━━━━━━━━━━━━━━━[0m[37m━━━[0m [1m2:52[0m 13s/step - accuracy: 0.9213 - dice_coeff: 0.9262 - iou_score: 0.9108 - loss: 0.2820 - precision: 0.9283 - recall: 0.9797
[1m113/125[0m [32m━━━━━━━━━━━━━━━━━━[0m[37m━━[0m [1m2:38[0m 13s/step - accuracy: 0.9213 - dice_coeff: 0.9262 - iou_score: 0.9108 - loss: 0.2820 - precision: 0.9283 - recall: 0.9797
[1m114/125[0m [32m━━━━━━━━━━━━━━━━━━[0m[37m━━[0m [1m2:25[0m 13s/step - accuracy: 0.9213 - dice_coeff: 0.9262 - iou_score: 0.9108 - loss: 0.2820 - precision: 0.9283 - recall: 0.9797
[1m115/125[0m [32m━━━━━━━━━━━━━━━━━━[0m[37m━━[0m [1m2:12[0m 13s/step - accuracy: 0.9213 - dice_coeff: 0.9262 - iou_score: 0.9108 - loss: 0.2820 - precision: 0.9283 - recall: 0.9797
[1m116/125[0m [32m━━━━━━━━━━━━━━━━━━[0m[37m━━[0m [1m1:59[0m 13s/step - accuracy: 0.9213 - dice_coeff: 0.9262 - iou_score: 0.9108 - loss: 0.2820 - precision: 0.9283 - recall: 0.9797
[1m117/125[0m [32m━━━━━━━━━━━━━━━━━━[0m[37m━━[0m [1m1:45[0m 13s/step - accuracy: 0.9213 - dice_coeff: 0.9262 - iou_score: 0.9108 - loss: 0.2820 - precision: 0.9283 - recall: 0.9797
[1m118/125[0m [32m━━━━━━━━━━━━━━━━━━[0m[37m━━[0m [1m1:32[0m 13s/step - accuracy: 0.9213 - dice_coeff: 0.9263 - iou_score: 0.9108 - loss: 0.2820 - precision: 0.9283 - recall: 0.9797
[1m119/125[0m [32m━━━━━━━━━━━━━━━━━━━[0m[37m━[0m [1m1:19[0m 13s/step - accuracy: 0.9213 - dice_coeff: 0.9263 - iou_score: 0.9108 - loss: 0.2820 - precision: 0.9283 - recall: 0.9797
[1m120/125[0m [32m━━━━━━━━━━━━━━━━━━━[0m[37m━[0m [1m1:06[0m 13s/step - accuracy: 0.9213 - dice_coeff: 0.9263 - iou_score: 0.9108 - loss: 0.2820 - precision: 0.9283 - recall: 0.9797
[1m121/125[0m [32m━━━━━━━━━━━━━━━━━━━[0m[37m━[0m [1m52s[0m 13s/step - accuracy: 0.9213 - dice_coeff: 0.9263 - iou_score: 0.9108 - loss: 0.2820 - precision: 0.9283 - recall: 0.9797 
[1m122/125[0m [32m━━━━━━━━━━━━━━━━━━━[0m[37m━[0m [1m39s[0m 13s/step - accuracy: 0.9213 - dice_coeff: 0.9263 - iou_score: 0.9108 - loss: 0.2820 - precision: 0.9283 - recall: 0.9797
[1m123/125[0m [32m━━━━━━━━━━━━━━━━━━━[0m[37m━[0m [1m26s[0m 13s/step - accuracy: 0.9213 - dice_coeff: 0.9263 - iou_score: 0.9108 - loss: 0.2820 - precision: 0.9283 - recall: 0.9797
[1m124/125[0m [32m━━━━━━━━━━━━━━━━━━━[0m[37m━[0m [1m13s[0m 13s/step - accuracy: 0.9213 - dice_coeff: 0.9263 - iou_score: 0.9108 - loss: 0.2820 - precision: 0.9283 - recall: 0.9797
[1m125/125[0m [32m━━━━━━━━━━━━━━━━━━━━[0m[37m[0m [1m0s[0m 13s/step - accuracy: 0.9213 - dice_coeff: 0.9263 - iou_score: 0.9108 - loss: 0.2820 - precision: 0.9283 - recall: 0.9797 
Epoch 10: val_dice_coeff improved from 0.91846 to 0.92072, saving model to models/best_model.keras

Epoch 10: finished saving model to models/best_model.keras

[1m125/125[0m [32m━━━━━━━━━━━━━━━━━━━━[0m[37m[0m [1m1782s[0m 14s/step - accuracy: 0.9214 - dice_coeff: 0.9265 - iou_score: 0.9109 - loss: 0.2814 - precision: 0.9284 - recall: 0.9798 - val_accuracy: 0.9010 - val_dice_coeff: 0.9207 - val_iou_score: 0.8878 - val_loss: 0.3444 - val_precision: 0.8989 - val_recall: 0.9863 - learning_rate: 5.0000e-05
Epoch 11/100

[1m  1/125[0m [37m━━━━━━━━━━━━━━━━━━━━[0m [1m28:15[0m 14s/step - accuracy: 0.9304 - dice_coeff: 0.9335 - iou_score: 0.9215 - loss: 0.2548 - precision: 0.9375 - recall: 0.9818
[1m  2/125[0m [37m━━━━━━━━━━━━━━━━━━━━[0m [1m27:20[0m 13s/step - accuracy: 0.9291 - dice_coeff: 0.9328 - iou_score: 0.9198 - loss: 0.2581 - precision: 0.9351 - recall: 0.9826
[1m  3/125[0m [37m━━━━━━━━━━━━━━━━━━━━[0m [1m27:00[0m 13s/step - accuracy: 0.9286 - dice_coeff: 0.9323 - iou_score: 0.9192 - loss: 0.2597 - precision: 0.9346 - recall: 0.9824
[1m  4/125[0m [37m━━━━━━━━━━━━━━━━━━━━[0m [1m26:44[0m 13s/step - accuracy: 0.9281 - dice_coeff: 0.9319 - iou_score: 0.9188 - loss: 0.2611 - precision: 0.9341 - recall: 0.9825
[1m  5/125[0m [37m━━━━━━━━━━━━━━━━━━━━[0m [1m26:29[0m 13s/step - accuracy: 0.9276 - dice_coeff: 0.9316 - iou_score: 0.9182 - loss: 0.2625 - precision: 0.9333 - recall: 0.9827
[1m  6/125[0m [37m━━━━━━━━━━━━━━━━━━━━[0m [1m26:19[0m 13s/step - accuracy: 0.9271 - dice_coeff: 0.9314 - iou_score: 0.9178 - loss: 0.2635 - precision: 0.9328 - recall: 0.9829
[1m  7/125[0m [32m━[0m[37m━━━━━━━━━━━━━━━━━━━[0m [1m26:06[0m 13s/step - accuracy: 0.9266 - dice_coeff: 0.9311 - iou_score: 0.9173 - loss: 0.2648 - precision: 0.9321 - recall: 0.9830
[1m  8/125[0m [32m━[0m[37m━━━━━━━━━━━━━━━━━━━[0m [1m25:53[0m 13s/step - accuracy: 0.9262 - dice_coeff: 0.9309 - iou_score: 0.9168 - loss: 0.2660 - precision: 0.9315 - recall: 0.9831
[1m  9/125[0m [32m━[0m[37m━━━━━━━━━━━━━━━━━━━[0m [1m25:38[0m 13s/step - accuracy: 0.9260 - dice_coeff: 0.9308 - iou_score: 0.9165 - loss: 0.2664 - precision: 0.9313 - recall: 0.9831
[1m 10/125[0m [32m━[0m[37m━━━━━━━━━━━━━━━━━━━[0m [1m25:26[0m 13s/step - accuracy: 0.9259 - dice_coeff: 0.9307 - iou_score: 0.9165 - loss: 0.2665 - precision: 0.9313 - recall: 0.9830
[1m 11/125[0m [32m━[0m[37m━━━━━━━━━━━━━━━━━━━[0m [1m25:12[0m 13s/step - accuracy: 0.9259 - dice_coeff: 0.9307 - iou_score: 0.9164 - loss: 0.2668 - precision: 0.9313 - recall: 0.9829
[1m 12/125[0m [32m━[0m[37m━━━━━━━━━━━━━━━━━━━[0m [1m24:58[0m 13s/step - accuracy: 0.9257 - dice_coeff: 0.9306 - iou_score: 0.9162 - loss: 0.2672 - precision: 0.9312 - recall: 0.9828
[1m 13/125[0m [32m━━[0m[37m━━━━━━━━━━━━━━━━━━[0m [1m24:44[0m 13s/step - accuracy: 0.9257 - dice_coeff: 0.9305 - iou_score: 0.9162 - loss: 0.2674 - precision: 0.9312 - recall: 0.9827
[1m 14/125[0m [32m━━[0m[37m━━━━━━━━━━━━━━━━━━[0m [1m24:31[0m 13s/step - accuracy: 0.9256 - dice_coeff: 0.9305 - iou_score: 0.9161 - loss: 0.2677 - precision: 0.9312 - recall: 0.9826
[1m 15/125[0m [32m━━[0m[37m━━━━━━━━━━━━━━━━━━[0m [1m24:17[0m 13s/step - accuracy: 0.9254 - dice_coeff: 0.9304 - iou_score: 0.9159 - loss: 0.2682 - precision: 0.9310 - recall: 0.9826
[1m 16/125[0m [32m━━[0m[37m━━━━━━━━━━━━━━━━━━[0m [1m24:05[0m 13s/step - accuracy: 0.9253 - dice_coeff: 0.9303 - iou_score: 0.9157 - loss: 0.2686 - precision: 0.9309 - recall: 0.9825
[1m 17/125[0m [32m━━[0m[37m━━━━━━━━━━━━━━━━━━[0m [1m23:51[0m 13s/step - accuracy: 0.9252 - dice_coeff: 0.9302 - iou_score: 0.9156 - loss: 0.2689 - precision: 0.9309 - recall: 0.9824
[1m 18/125[0m [32m━━[0m[37m━━━━━━━━━━━━━━━━━━[0m [1m23:37[0m 13s/step - accuracy: 0.9251 - dice_coeff: 0.9302 - iou_score: 0.9155 - loss: 0.2691 - precision: 0.9309 - recall: 0.9823
[1m 19/125[0m [32m━━━[0m[37m━━━━━━━━━━━━━━━━━[0m [1m23:24[0m 13s/step - accuracy: 0.9251 - dice_coeff: 0.9301 - iou_score: 0.9154 - loss: 0.2693 - precision: 0.9309 - recall: 0.9822
[1m 20/125[0m [32m━━━[0m[37m━━━━━━━━━━━━━━━━━[0m [1m23:11[0m 13s/step - accuracy: 0.9250 - dice_coeff: 0.9301 - iou_score: 0.9154 - loss: 0.2694 - precision: 0.9309 - recall: 0.9822
[1m 21/125[0m [32m━━━[0m[37m━━━━━━━━━━━━━━━━━[0m [1m22:59[0m 13s/step - accuracy: 0.9250 - dice_coeff: 0.9301 - iou_score: 0.9153 - loss: 0.2695 - precision: 0.9309 - recall: 0.9821
[1m 22/125[0m [32m━━━[0m[37m━━━━━━━━━━━━━━━━━[0m [1m22:46[0m 13s/step - accuracy: 0.9250 - dice_coeff: 0.9301 - iou_score: 0.9153 - loss: 0.2696 - precision: 0.9309 - recall: 0.9821
[1m 23/125[0m [32m━━━[0m[37m━━━━━━━━━━━━━━━━━[0m [1m22:32[0m 13s/step - accuracy: 0.9249 - dice_coeff: 0.9300 - iou_score: 0.9152 - loss: 0.2698 - precision: 0.9308 - recall: 0.9821
[1m 24/125[0m [32m━━━[0m[37m━━━━━━━━━━━━━━━━━[0m [1m22:18[0m 13s/step - accuracy: 0.9248 - dice_coeff: 0.9300 - iou_score: 0.9151 - loss: 0.2700 - precision: 0.9308 - recall: 0.9820
[1m 25/125[0m [32m━━━━[0m[37m━━━━━━━━━━━━━━━━[0m [1m22:05[0m 13s/step - accuracy: 0.9248 - dice_coeff: 0.9299 - iou_score: 0.9151 - loss: 0.2702 - precision: 0.9307 - recall: 0.9820
[1m 26/125[0m [32m━━━━[0m[37m━━━━━━━━━━━━━━━━[0m [1m21:53[0m 13s/step - accuracy: 0.9247 - dice_coeff: 0.9299 - iou_score: 0.9150 - loss: 0.2703 - precision: 0.9307 - recall: 0.9819
[1m 27/125[0m [32m━━━━[0m[37m━━━━━━━━━━━━━━━━[0m [1m21:40[0m 13s/step - accuracy: 0.9247 - dice_coeff: 0.9298 - iou_score: 0.9149 - loss: 0.2705 - precision: 0.9306 - recall: 0.9819
[1m 28/125[0m [32m━━━━[0m[37m━━━━━━━━━━━━━━━━[0m [1m21:27[0m 13s/step - accuracy: 0.9246 - dice_coeff: 0.9298 - iou_score: 0.9148 - loss: 0.2707 - precision: 0.9306 - recall: 0.9819
[1m 29/125[0m [32m━━━━[0m[37m━━━━━━━━━━━━━━━━[0m [1m21:14[0m 13s/step - accuracy: 0.9246 - dice_coeff: 0.9298 - iou_score: 0.9148 - loss: 0.2708 - precision: 0.9306 - recall: 0.9818
[1m 30/125[0m [32m━━━━[0m[37m━━━━━━━━━━━━━━━━[0m [1m21:01[0m 13s/step - accuracy: 0.9245 - dice_coeff: 0.9297 - iou_score: 0.9147 - loss: 0.2710 - precision: 0.9305 - recall: 0.9818
[1m 31/125[0m [32m━━━━[0m[37m━━━━━━━━━━━━━━━━[0m [1m20:48[0m 13s/step - accuracy: 0.9245 - dice_coeff: 0.9297 - iou_score: 0.9146 - loss: 0.2712 - precision: 0.9305 - recall: 0.9817
[1m 32/125[0m [32m━━━━━[0m[37m━━━━━━━━━━━━━━━[0m [1m20:35[0m 13s/step - accuracy: 0.9244 - dice_coeff: 0.9296 - iou_score: 0.9146 - loss: 0.2713 - precision: 0.9305 - recall: 0.9817
[1m 33/125[0m [32m━━━━━[0m[37m━━━━━━━━━━━━━━━[0m [1m20:21[0m 13s/step - accuracy: 0.9244 - dice_coeff: 0.9296 - iou_score: 0.9145 - loss: 0.2715 - precision: 0.9304 - recall: 0.9817
[1m 34/125[0m [32m━━━━━[0m[37m━━━━━━━━━━━━━━━[0m [1m20:09[0m 13s/step - accuracy: 0.9243 - dice_coeff: 0.9296 - iou_score: 0.9145 - loss: 0.2716 - precision: 0.9304 - recall: 0.9816
[1m 35/125[0m [32m━━━━━[0m[37m━━━━━━━━━━━━━━━[0m [1m19:57[0m 13s/step - accuracy: 0.9243 - dice_coeff: 0.9295 - iou_score: 0.9144 - loss: 0.2717 - precision: 0.9304 - recall: 0.9816
[1m 36/125[0m [32m━━━━━[0m[37m━━━━━━━━━━━━━━━[0m [1m19:46[0m 13s/step - accuracy: 0.9243 - dice_coeff: 0.9295 - iou_score: 0.9144 - loss: 0.2718 - precision: 0.9304 - recall: 0.9816
[1m 37/125[0m [32m━━━━━[0m[37m━━━━━━━━━━━━━━━[0m [1m6:58:17[0m 285s/step - accuracy: 0.9242 - dice_coeff: 0.9294 - iou_score: 0.9143 - loss: 0.2720 - precision: 0.9303 - recall: 0.9816
[1m 38/125[0m [32m━━━━━━[0m[37m━━━━━━━━━━━━━━[0m [1m8:48:06[0m 364s/step - accuracy: 0.9242 - dice_coeff: 0.9294 - iou_score: 0.9143 - loss: 0.2721 - precision: 0.9303 - recall: 0.9815
[1m 39/125[0m [32m━━━━━━[0m[37m━━━━━━━━━━━━━━[0m [1m8:28:48[0m 355s/step - accuracy: 0.9241 - dice_coeff: 0.9294 - iou_score: 0.9142 - loss: 0.2722 - precision: 0.9303 - recall: 0.9815
[1m 40/125[0m [32m━━━━━━[0m[37m━━━━━━━━━━━━━━[0m [1m8:10:32[0m 346s/step - accuracy: 0.9241 - dice_coeff: 0.9293 - iou_score: 0.9141 - loss: 0.2724 - precision: 0.9302 - recall: 0.9815
[1m 41/125[0m [32m━━━━━━[0m[37m━━━━━━━━━━━━━━[0m [1m7:53:17[0m 338s/step - accuracy: 0.9240 - dice_coeff: 0.9293 - iou_score: 0.9141 - loss: 0.2725 - precision: 0.9302 - recall: 0.9814
[1m 42/125[0m [32m━━━━━━[0m[37m━━━━━━━━━━━━━━[0m [1m7:36:52[0m 330s/step - accuracy: 0.9240 - dice_coeff: 0.9292 - iou_score: 0.9140 - loss: 0.2727 - precision: 0.9302 - recall: 0.9814
[1m 43/125[0m [32m━━━━━━[0m[37m━━━━━━━━━━━━━━[0m [1m7:21:13[0m 323s/step - accuracy: 0.9240 - dice_coeff: 0.9292 - iou_score: 0.9140 - loss: 0.2728 - precision: 0.9302 - recall: 0.9814
[1m 44/125[0m [32m━━━━━━━[0m[37m━━━━━━━━━━━━━[0m [1m7:06:17[0m 316s/step - accuracy: 0.9239 - dice_coeff: 0.9292 - iou_score: 0.9139 - loss: 0.2729 - precision: 0.9301 - recall: 0.9814
[1m 45/125[0m [32m━━━━━━━[0m[37m━━━━━━━━━━━━━[0m [1m6:51:58[0m 309s/step - accuracy: 0.9239 - dice_coeff: 0.9292 - iou_score: 0.9139 - loss: 0.2729 - precision: 0.9301 - recall: 0.9813
[1m 46/125[0m [32m━━━━━━━[0m[37m━━━━━━━━━━━━━[0m [1m6:38:16[0m 302s/step - accuracy: 0.9239 - dice_coeff: 0.9291 - iou_score: 0.9139 - loss: 0.2730 - precision: 0.9301 - recall: 0.9813
[1m 47/125[0m [32m━━━━━━━[0m[37m━━━━━━━━━━━━━[0m [1m6:25:09[0m 296s/step - accuracy: 0.9239 - dice_coeff: 0.9291 - iou_score: 0.9139 - loss: 0.2731 - precision: 0.9301 - recall: 0.9813
[1m 48/125[0m [32m━━━━━━━[0m[37m━━━━━━━━━━━━━[0m [1m6:12:35[0m 290s/step - accuracy: 0.9239 - dice_coeff: 0.9291 - iou_score: 0.9138 - loss: 0.2731 - precision: 0.9301 - recall: 0.9813
[1m 49/125[0m [32m━━━━━━━[0m[37m━━━━━━━━━━━━━[0m [1m6:00:32[0m 285s/step - accuracy: 0.9238 - dice_coeff: 0.9291 - iou_score: 0.9138 - loss: 0.2732 - precision: 0.9301 - recall: 0.9813
[1m 50/125[0m [32m━━━━━━━━[0m[37m━━━━━━━━━━━━[0m [1m5:48:58[0m 279s/step - accuracy: 0.9238 - dice_coeff: 0.9291 - iou_score: 0.9138 - loss: 0.2732 - precision: 0.9301 - recall: 0.9812
[1m 51/125[0m [32m━━━━━━━━[0m[37m━━━━━━━━━━━━[0m [1m5:37:53[0m 274s/step - accuracy: 0.9238 - dice_coeff: 0.9290 - iou_score: 0.9138 - loss: 0.2733 - precision: 0.9300 - recall: 0.9812
[1m 52/125[0m [32m━━━━━━━━[0m[37m━━━━━━━━━━━━[0m [1m5:27:12[0m 269s/step - accuracy: 0.9238 - dice_coeff: 0.9290 - iou_score: 0.9137 - loss: 0.2733 - precision: 0.9300 - recall: 0.9812
[1m 53/125[0m [32m━━━━━━━━[0m[37m━━━━━━━━━━━━[0m [1m5:16:55[0m 264s/step - accuracy: 0.9238 - dice_coeff: 0.9290 - iou_score: 0.9137 - loss: 0.2734 - precision: 0.9300 - recall: 0.9812
[1m 54/125[0m [32m━━━━━━━━[0m[37m━━━━━━━━━━━━[0m [1m5:07:01[0m 259s/step - accuracy: 0.9238 - dice_coeff: 0.9290 - iou_score: 0.9137 - loss: 0.2734 - precision: 0.9300 - recall: 0.9812
[1m 55/125[0m [32m━━━━━━━━[0m[37m━━━━━━━━━━━━[0m [1m4:57:28[0m 255s/step - accuracy: 0.9238 - dice_coeff: 0.9290 - iou_score: 0.9137 - loss: 0.2734 - precision: 0.9300 - recall: 0.9812
[1m 56/125[0m [32m━━━━━━━━[0m[37m━━━━━━━━━━━━[0m [1m4:48:15[0m 251s/step - accuracy: 0.9238 - dice_coeff: 0.9290 - iou_score: 0.9137 - loss: 0.2735 - precision: 0.9300 - recall: 0.9812
[1m 57/125[0m [32m━━━━━━━━━[0m[37m━━━━━━━━━━━[0m [1m4:39:22[0m 247s/step - accuracy: 0.9237 - dice_coeff: 0.9289 - iou_score: 0.9137 - loss: 0.2735 - precision: 0.9300 - recall: 0.9811
[1m 58/125[0m [32m━━━━━━━━━[0m[37m━━━━━━━━━━━[0m [1m4:30:44[0m 242s/step - accuracy: 0.9237 - dice_coeff: 0.9289 - iou_score: 0.9136 - loss: 0.2736 - precision: 0.9300 - recall: 0.9811
[1m 59/125[0m [32m━━━━━━━━━[0m[37m━━━━━━━━━━━[0m [1m4:22:28[0m 239s/step - accuracy: 0.9237 - dice_coeff: 0.9289 - iou_score: 0.9136 - loss: 0.2736 - precision: 0.9300 - recall: 0.9811
[1m 60/125[0m [32m━━━━━━━━━[0m[37m━━━━━━━━━━━[0m [1m4:14:39[0m 235s/step - accuracy: 0.9237 - dice_coeff: 0.9289 - iou_score: 0.9136 - loss: 0.2737 - precision: 0.9300 - recall: 0.9811
[1m 61/125[0m [32m━━━━━━━━━[0m[37m━━━━━━━━━━━[0m [1m4:07:04[0m 232s/step - accuracy: 0.9237 - dice_coeff: 0.9289 - iou_score: 0.9135 - loss: 0.2738 - precision: 0.9300 - recall: 0.9811
[1m 62/125[0m [32m━━━━━━━━━[0m[37m━━━━━━━━━━━[0m [1m3:59:43[0m 228s/step - accuracy: 0.9236 - dice_coeff: 0.9288 - iou_score: 0.9135 - loss: 0.2738 - precision: 0.9299 - recall: 0.9811
[1m 63/125[0m [32m━━━━━━━━━━[0m[37m━━━━━━━━━━[0m [1m3:52:35[0m 225s/step - accuracy: 0.9236 - dice_coeff: 0.9288 - iou_score: 0.9135 - loss: 0.2739 - precision: 0.9299 - recall: 0.9810
[1m 64/125[0m [32m━━━━━━━━━━[0m[37m━━━━━━━━━━[0m [1m3:45:40[0m 222s/step - accuracy: 0.9236 - dice_coeff: 0.9288 - iou_score: 0.9134 - loss: 0.2740 - precision: 0.9299 - recall: 0.9810
[1m 65/125[0m [32m━━━━━━━━━━[0m[37m━━━━━━━━━━[0m [1m3:38:58[0m 219s/step - accuracy: 0.9236 - dice_coeff: 0.9288 - iou_score: 0.9134 - loss: 0.2741 - precision: 0.9299 - recall: 0.9810
[1m 66/125[0m [32m━━━━━━━━━━[0m[37m━━━━━━━━━━[0m [1m3:32:26[0m 216s/step - accuracy: 0.9235 - dice_coeff: 0.9288 - iou_score: 0.9134 - loss: 0.2741 - precision: 0.9299 - recall: 0.9810
[1m 67/125[0m [32m━━━━━━━━━━[0m[37m━━━━━━━━━━[0m [1m3:26:06[0m 213s/step - accuracy: 0.9235 - dice_coeff: 0.9287 - iou_score: 0.9134 - loss: 0.2742 - precision: 0.9299 - recall: 0.9810
[1m 68/125[0m [32m━━━━━━━━━━[0m[37m━━━━━━━━━━[0m [1m3:19:56[0m 210s/step - accuracy: 0.9235 - dice_coeff: 0.9287 - iou_score: 0.9133 - loss: 0.2742 - precision: 0.9298 - recall: 0.9810
[1m 69/125[0m [32m━━━━━━━━━━━[0m[37m━━━━━━━━━[0m [1m3:13:56[0m 208s/step - accuracy: 0.9235 - dice_coeff: 0.9287 - iou_score: 0.9133 - loss: 0.2743 - precision: 0.9298 - recall: 0.9809
[1m 70/125[0m [32m━━━━━━━━━━━[0m[37m━━━━━━━━━[0m [1m3:08:06[0m 205s/step - accuracy: 0.9235 - dice_coeff: 0.9287 - iou_score: 0.9133 - loss: 0.2743 - precision: 0.9298 - recall: 0.9809
[1m 71/125[0m [32m━━━━━━━━━━━[0m[37m━━━━━━━━━[0m [1m3:02:25[0m 203s/step - accuracy: 0.9235 - dice_coeff: 0.9287 - iou_score: 0.9133 - loss: 0.2744 - precision: 0.9298 - recall: 0.9809
[1m 72/125[0m [32m━━━━━━━━━━━[0m[37m━━━━━━━━━[0m [1m2:56:52[0m 200s/step - accuracy: 0.9234 - dice_coeff: 0.9286 - iou_score: 0.9133 - loss: 0.2744 - precision: 0.9298 - recall: 0.9809
[1m 73/125[0m [32m━━━━━━━━━━━[0m[37m━━━━━━━━━[0m [1m2:51:29[0m 198s/step - accuracy: 0.9234 - dice_coeff: 0.9286 - iou_score: 0.9132 - loss: 0.2745 - precision: 0.9298 - recall: 0.9809
[1m 74/125[0m [32m━━━━━━━━━━━[0m[37m━━━━━━━━━[0m [1m2:46:13[0m 196s/step - accuracy: 0.9234 - dice_coeff: 0.9286 - iou_score: 0.9132 - loss: 0.2745 - precision: 0.9298 - recall: 0.9809
[1m 75/125[0m [32m━━━━━━━━━━━━[0m[37m━━━━━━━━[0m [1m2:41:05[0m 193s/step - accuracy: 0.9234 - dice_coeff: 0.9286 - iou_score: 0.9132 - loss: 0.2745 - precision: 0.9298 - recall: 0.9809
[1m 76/125[0m [32m━━━━━━━━━━━━[0m[37m━━━━━━━━[0m [1m2:36:04[0m 191s/step - accuracy: 0.9234 - dice_coeff: 0.9286 - iou_score: 0.9132 - loss: 0.2746 - precision: 0.9298 - recall: 0.9809
[1m 77/125[0m [32m━━━━━━━━━━━━[0m[37m━━━━━━━━[0m [1m2:31:11[0m 189s/step - accuracy: 0.9234 - dice_coeff: 0.9286 - iou_score: 0.9132 - loss: 0.2746 - precision: 0.9298 - recall: 0.9809
[1m 78/125[0m [32m━━━━━━━━━━━━[0m[37m━━━━━━━━[0m [1m2:26:24[0m 187s/step - accuracy: 0.9234 - dice_coeff: 0.9286 - iou_score: 0.9132 - loss: 0.2746 - precision: 0.9298 - recall: 0.9809
[1m 79/125[0m [32m━━━━━━━━━━━━[0m[37m━━━━━━━━[0m [1m2:21:44[0m 185s/step - accuracy: 0.9234 - dice_coeff: 0.9286 - iou_score: 0.9131 - loss: 0.2747 - precision: 0.9297 - recall: 0.9808
[1m 80/125[0m [32m━━━━━━━━━━━━[0m[37m━━━━━━━━[0m [1m2:17:10[0m 183s/step - accuracy: 0.9234 - dice_coeff: 0.9286 - iou_score: 0.9131 - loss: 0.2747 - precision: 0.9297 - recall: 0.9808
[1m 81/125[0m [32m━━━━━━━━━━━━[0m[37m━━━━━━━━[0m [1m2:12:42[0m 181s/step - accuracy: 0.9233 - dice_coeff: 0.9285 - iou_score: 0.9131 - loss: 0.2747 - precision: 0.9297 - recall: 0.9808
[1m 82/125[0m [32m━━━━━━━━━━━━━[0m[37m━━━━━━━[0m [1m2:08:21[0m 179s/step - accuracy: 0.9233 - dice_coeff: 0.9285 - iou_score: 0.9131 - loss: 0.2748 - precision: 0.9297 - recall: 0.9808
[1m 83/125[0m [32m━━━━━━━━━━━━━[0m[37m━━━━━━━[0m [1m2:04:05[0m 177s/step - accuracy: 0.9233 - dice_coeff: 0.9285 - iou_score: 0.9131 - loss: 0.2748 - precision: 0.9297 - recall: 0.9808
[1m 84/125[0m [32m━━━━━━━━━━━━━[0m[37m━━━━━━━[0m [1m1:59:54[0m 175s/step - accuracy: 0.9233 - dice_coeff: 0.9285 - iou_score: 0.9131 - loss: 0.2749 - precision: 0.9297 - recall: 0.9808
[1m 85/125[0m [32m━━━━━━━━━━━━━[0m[37m━━━━━━━[0m [1m1:55:49[0m 174s/step - accuracy: 0.9233 - dice_coeff: 0.9285 - iou_score: 0.9130 - loss: 0.2749 - precision: 0.9297 - recall: 0.9808
[1m 86/125[0m [32m━━━━━━━━━━━━━[0m[37m━━━━━━━[0m [1m1:51:49[0m 172s/step - accuracy: 0.9233 - dice_coeff: 0.9285 - iou_score: 0.9130 - loss: 0.2749 - precision: 0.9297 - recall: 0.9808
[1m 87/125[0m [32m━━━━━━━━━━━━━[0m[37m━━━━━━━[0m [1m1:47:54[0m 170s/step - accuracy: 0.9233 - dice_coeff: 0.9285 - iou_score: 0.9130 - loss: 0.2750 - precision: 0.9297 - recall: 0.9808
[1m 88/125[0m [32m━━━━━━━━━━━━━━[0m[37m━━━━━━[0m [1m1:44:03[0m 169s/step - accuracy: 0.9232 - dice_coeff: 0.9285 - iou_score: 0.9130 - loss: 0.2750 - precision: 0.9297 - recall: 0.9808
[1m 89/125[0m [32m━━━━━━━━━━━━━━[0m[37m━━━━━━[0m [1m1:40:18[0m 167s/step - accuracy: 0.9232 - dice_coeff: 0.9284 - iou_score: 0.9130 - loss: 0.2751 - precision: 0.9297 - recall: 0.9808
[1m 90/125[0m [32m━━━━━━━━━━━━━━[0m[37m━━━━━━[0m [1m1:36:36[0m 166s/step - accuracy: 0.9232 - dice_coeff: 0.9284 - iou_score: 0.9130 - loss: 0.2751 - precision: 0.9296 - recall: 0.9808
[1m 91/125[0m [32m━━━━━━━━━━━━━━[0m[37m━━━━━━[0m [1m1:32:59[0m 164s/step - accuracy: 0.9232 - dice_coeff: 0.9284 - iou_score: 0.9130 - loss: 0.2751 - precision: 0.9296 - recall: 0.9808
[1m 92/125[0m [32m━━━━━━━━━━━━━━[0m[37m━━━━━━[0m [1m1:29:26[0m 163s/step - accuracy: 0.9232 - dice_coeff: 0.9284 - iou_score: 0.9129 - loss: 0.2752 - precision: 0.9296 - recall: 0.9807
[1m 93/125[0m [32m━━━━━━━━━━━━━━[0m[37m━━━━━━[0m [1m1:25:57[0m 161s/step - accuracy: 0.9232 - dice_coeff: 0.9284 - iou_score: 0.9129 - loss: 0.2752 - precision: 0.9296 - recall: 0.9807
[1m 94/125[0m [32m━━━━━━━━━━━━━━━[0m[37m━━━━━[0m [1m1:22:31[0m 160s/step - accuracy: 0.9232 - dice_coeff: 0.9284 - iou_score: 0.9129 - loss: 0.2752 - precision: 0.9296 - recall: 0.9807
[1m 95/125[0m [32m━━━━━━━━━━━━━━━[0m[37m━━━━━[0m [1m1:19:10[0m 158s/step - accuracy: 0.9232 - dice_coeff: 0.9284 - iou_score: 0.9129 - loss: 0.2753 - precision: 0.9296 - recall: 0.9807
[1m 96/125[0m [32m━━━━━━━━━━━━━━━[0m[37m━━━━━[0m [1m1:15:52[0m 157s/step - accuracy: 0.9232 - dice_coeff: 0.9284 - iou_score: 0.9129 - loss: 0.2753 - precision: 0.9296 - recall: 0.9807
[1m 97/125[0m [32m━━━━━━━━━━━━━━━[0m[37m━━━━━[0m [1m1:12:38[0m 156s/step - accuracy: 0.9231 - dice_coeff: 0.9284 - iou_score: 0.9129 - loss: 0.2753 - precision: 0.9296 - recall: 0.9807
[1m 98/125[0m [32m━━━━━━━━━━━━━━━[0m[37m━━━━━[0m [1m1:09:27[0m 154s/step - accuracy: 0.9231 - dice_coeff: 0.9284 - iou_score: 0.9129 - loss: 0.2754 - precision: 0.9296 - recall: 0.9807
[1m 99/125[0m [32m━━━━━━━━━━━━━━━[0m[37m━━━━━[0m [1m1:06:19[0m 153s/step - accuracy: 0.9231 - dice_coeff: 0.9283 - iou_score: 0.9129 - loss: 0.2754 - precision: 0.9296 - recall: 0.9807
[1m100/125[0m [32m━━━━━━━━━━━━━━━━[0m[37m━━━━[0m [1m1:03:15[0m 152s/step - accuracy: 0.9231 - dice_coeff: 0.9283 - iou_score: 0.9128 - loss: 0.2754 - precision: 0.9296 - recall: 0.9807
[1m101/125[0m [32m━━━━━━━━━━━━━━━━[0m[37m━━━━[0m [1m1:00:14[0m 151s/step - accuracy: 0.9231 - dice_coeff: 0.9283 - iou_score: 0.9128 - loss: 0.2754 - precision: 0.9296 - recall: 0.9807
[1m102/125[0m [32m━━━━━━━━━━━━━━━━[0m[37m━━━━[0m [1m57:15[0m 149s/step - accuracy: 0.9231 - dice_coeff: 0.9283 - iou_score: 0.9128 - loss: 0.2755 - precision: 0.9295 - recall: 0.9807  
[1m103/125[0m [32m━━━━━━━━━━━━━━━━[0m[37m━━━━[0m [1m54:18[0m 148s/step - accuracy: 0.9231 - dice_coeff: 0.9283 - iou_score: 0.9128 - loss: 0.2755 - precision: 0.9295 - recall: 0.9807
[1m104/125[0m [32m━━━━━━━━━━━━━━━━[0m[37m━━━━[0m [1m51:23[0m 147s/step - accuracy: 0.9231 - dice_coeff: 0.9283 - iou_score: 0.9128 - loss: 0.2755 - precision: 0.9295 - recall: 0.9807
[1m105/125[0m [32m━━━━━━━━━━━━━━━━[0m[37m━━━━[0m [1m48:31[0m 146s/step - accuracy: 0.9231 - dice_coeff: 0.9283 - iou_score: 0.9128 - loss: 0.2755 - precision: 0.9295 - recall: 0.9807
[1m106/125[0m [32m━━━━━━━━━━━━━━━━[0m[37m━━━━[0m [1m45:42[0m 144s/step - accuracy: 0.9231 - dice_coeff: 0.9283 - iou_score: 0.9128 - loss: 0.2755 - precision: 0.9295 - recall: 0.9807
[1m107/125[0m [32m━━━━━━━━━━━━━━━━━[0m[37m━━━[0m [1m42:56[0m 143s/step - accuracy: 0.9231 - dice_coeff: 0.9283 - iou_score: 0.9128 - loss: 0.2756 - precision: 0.9295 - recall: 0.9807
[1m108/125[0m [32m━━━━━━━━━━━━━━━━━[0m[37m━━━[0m [1m40:13[0m 142s/step - accuracy: 0.9231 - dice_coeff: 0.9283 - iou_score: 0.9128 - loss: 0.2756 - precision: 0.9295 - recall: 0.9807
[1m109/125[0m [32m━━━━━━━━━━━━━━━━━[0m[37m━━━[0m [1m37:33[0m 141s/step - accuracy: 0.9231 - dice_coeff: 0.9283 - iou_score: 0.9128 - loss: 0.2756 - precision: 0.9295 - recall: 0.9807
[1m110/125[0m [32m━━━━━━━━━━━━━━━━━[0m[37m━━━[0m [1m34:55[0m 140s/step - accuracy: 0.9231 - dice_coeff: 0.9283 - iou_score: 0.9128 - loss: 0.2756 - precision: 0.9295 - recall: 0.9807
[1m111/125[0m [32m━━━━━━━━━━━━━━━━━[0m[37m━━━[0m [1m32:19[0m 139s/step - accuracy: 0.9230 - dice_coeff: 0.9283 - iou_score: 0.9127 - loss: 0.2756 - precision: 0.9295 - recall: 0.9807
[1m112/125[0m [32m━━━━━━━━━━━━━━━━━[0m[37m━━━[0m [1m29:46[0m 137s/step - accuracy: 0.9230 - dice_coeff: 0.9283 - iou_score: 0.9127 - loss: 0.2757 - precision: 0.9295 - recall: 0.9806
[1m113/125[0m [32m━━━━━━━━━━━━━━━━━━[0m[37m━━[0m [1m27:16[0m 136s/step - accuracy: 0.9230 - dice_coeff: 0.9283 - iou_score: 0.9127 - loss: 0.2757 - precision: 0.9295 - recall: 0.9806
[1m114/125[0m [32m━━━━━━━━━━━━━━━━━━[0m[37m━━[0m [1m24:48[0m 135s/step - accuracy: 0.9230 - dice_coeff: 0.9283 - iou_score: 0.9127 - loss: 0.2757 - precision: 0.9295 - recall: 0.9806
[1m115/125[0m [32m━━━━━━━━━━━━━━━━━━[0m[37m━━[0m [1m22:22[0m 134s/step - accuracy: 0.9230 - dice_coeff: 0.9282 - iou_score: 0.9127 - loss: 0.2757 - precision: 0.9295 - recall: 0.9806
[1m116/125[0m [32m━━━━━━━━━━━━━━━━━━[0m[37m━━[0m [1m19:59[0m 133s/step - accuracy: 0.9230 - dice_coeff: 0.9282 - iou_score: 0.9127 - loss: 0.2757 - precision: 0.9295 - recall: 0.9806
[1m117/125[0m [32m━━━━━━━━━━━━━━━━━━[0m[37m━━[0m [1m17:38[0m 132s/step - accuracy: 0.9230 - dice_coeff: 0.9282 - iou_score: 0.9127 - loss: 0.2757 - precision: 0.9295 - recall: 0.9806
[1m118/125[0m [32m━━━━━━━━━━━━━━━━━━[0m[37m━━[0m [1m15:19[0m 131s/step - accuracy: 0.9230 - dice_coeff: 0.9282 - iou_score: 0.9127 - loss: 0.2758 - precision: 0.9295 - recall: 0.9806
[1m119/125[0m [32m━━━━━━━━━━━━━━━━━━━[0m[37m━[0m [1m13:03[0m 131s/step - accuracy: 0.9230 - dice_coeff: 0.9282 - iou_score: 0.9127 - loss: 0.2758 - precision: 0.9295 - recall: 0.9806
[1m120/125[0m [32m━━━━━━━━━━━━━━━━━━━[0m[37m━[0m [1m10:48[0m 130s/step - accuracy: 0.9230 - dice_coeff: 0.9282 - iou_score: 0.9127 - loss: 0.2758 - precision: 0.9295 - recall: 0.9806
[1m121/125[0m [32m━━━━━━━━━━━━━━━━━━━[0m[37m━[0m [1m8:35[0m 129s/step - accuracy: 0.9230 - dice_coeff: 0.9282 - iou_score: 0.9127 - loss: 0.2758 - precision: 0.9295 - recall: 0.9806 
[1m122/125[0m [32m━━━━━━━━━━━━━━━━━━━[0m[37m━[0m [1m6:23[0m 128s/step - accuracy: 0.9230 - dice_coeff: 0.9282 - iou_score: 0.9127 - loss: 0.2758 - precision: 0.9295 - recall: 0.9806
[1m123/125[0m [32m━━━━━━━━━━━━━━━━━━━[0m[37m━[0m [1m4:13[0m 127s/step - accuracy: 0.9230 - dice_coeff: 0.9282 - iou_score: 0.9127 - loss: 0.2759 - precision: 0.9295 - recall: 0.9806
[1m124/125[0m [32m━━━━━━━━━━━━━━━━━━━[0m[37m━[0m [1m2:06[0m 126s/step - accuracy: 0.9230 - dice_coeff: 0.9282 - iou_score: 0.9127 - loss: 0.2759 - precision: 0.9294 - recall: 0.9806
[1m125/125[0m [32m━━━━━━━━━━━━━━━━━━━━[0m[37m[0m [1m0s[0m 125s/step - accuracy: 0.9230 - dice_coeff: 0.9282 - iou_score: 0.9126 - loss: 0.2759 - precision: 0.9294 - recall: 0.9806  
Epoch 11: val_dice_coeff did not improve from 0.92072

[1m125/125[0m [32m━━━━━━━━━━━━━━━━━━━━[0m[37m[0m [1m15693s[0m 126s/step - accuracy: 0.9222 - dice_coeff: 0.9276 - iou_score: 0.9118 - loss: 0.2783 - precision: 0.9288 - recall: 0.9803 - val_accuracy: 0.9055 - val_dice_coeff: 0.9184 - val_iou_score: 0.8921 - val_loss: 0.3285 - val_precision: 0.9050 - val_recall: 0.9842 - learning_rate: 5.0000e-05
Epoch 12/100

[1m  1/125[0m [37m━━━━━━━━━━━━━━━━━━━━[0m [1m36:33[0m 18s/step - accuracy: 0.9330 - dice_coeff: 0.9336 - iou_score: 0.9244 - loss: 0.2477 - precision: 0.9468 - recall: 0.9750
[1m  2/125[0m [37m━━━━━━━━━━━━━━━━━━━━[0m [1m34:31[0m 17s/step - accuracy: 0.9322 - dice_coeff: 0.9330 - iou_score: 0.9233 - loss: 0.2509 - precision: 0.9462 - recall: 0.9745
[1m  3/125[0m [37m━━━━━━━━━━━━━━━━━━━━[0m [1m34:46[0m 17s/step - accuracy: 0.9319 - dice_coeff: 0.9328 - iou_score: 0.9231 - loss: 0.2515 - precision: 0.9454 - recall: 0.9751
[1m  4/125[0m [37m━━━━━━━━━━━━━━━━━━━━[0m [1m35:00[0m 17s/step - accuracy: 0.9316 - dice_coeff: 0.9327 - iou_score: 0.9228 - loss: 0.2522 - precision: 0.9448 - recall: 0.9753
[1m  5/125[0m [37m━━━━━━━━━━━━━━━━━━━━[0m [1m34:48[0m 17s/step - accuracy: 0.9311 - dice_coeff: 0.9324 - iou_score: 0.9222 - loss: 0.2535 - precision: 0.9439 - recall: 0.9757
[1m  6/125[0m [37m━━━━━━━━━━━━━━━━━━━━[0m [1m34:30[0m 17s/step - accuracy: 0.9306 - dice_coeff: 0.9322 - iou_score: 0.9217 - loss: 0.2549 - precision: 0.9429 - recall: 0.9762
[1m  7/125[0m [32m━[0m[37m━━━━━━━━━━━━━━━━━━━[0m [1m33:57[0m 17s/step - accuracy: 0.9301 - dice_coeff: 0.9320 - iou_score: 0.9211 - loss: 0.2562 - precision: 0.9419 - recall: 0.9767
[1m  8/125[0m [32m━[0m[37m━━━━━━━━━━━━━━━━━━━[0m [1m33:38[0m 17s/step - accuracy: 0.9299 - dice_coeff: 0.9320 - iou_score: 0.9209 - loss: 0.2565 - precision: 0.9413 - recall: 0.9771
[1m  9/125[0m [32m━[0m[37m━━━━━━━━━━━━━━━━━━━[0m [1m33:25[0m 17s/step - accuracy: 0.9298 - dice_coeff: 0.9321 - iou_score: 0.9209 - loss: 0.2565 - precision: 0.9409 - recall: 0.9774
[1m 10/125[0m [32m━[0m[37m━━━━━━━━━━━━━━━━━━━[0m [1m32:59[0m 17s/step - accuracy: 0.9296 - dice_coeff: 0.9320 - iou_score: 0.9206 - loss: 0.2570 - precision: 0.9404 - recall: 0.9777
[1m 11/125[0m [32m━[0m[37m━━━━━━━━━━━━━━━━━━━[0m [1m32:50[0m 17s/step - accuracy: 0.9294 - dice_coeff: 0.9320 - iou_score: 0.9203 - loss: 0.2576 - precision: 0.9398 - recall: 0.9780
[1m 12/125[0m [32m━[0m[37m━━━━━━━━━━━━━━━━━━━[0m [1m32:36[0m 17s/step - accuracy: 0.9291 - dice_coeff: 0.9319 - iou_score: 0.9200 - loss: 0.2582 - precision: 0.9392 - recall: 0.9783
[1m 13/125[0m [32m━━[0m[37m━━━━━━━━━━━━━━━━━━[0m [1m32:16[0m 17s/step - accuracy: 0.9287 - dice_coeff: 0.9318 - iou_score: 0.9196 - loss: 0.2592 - precision: 0.9386 - recall: 0.9786
[1m 14/125[0m [32m━━[0m[37m━━━━━━━━━━━━━━━━━━[0m [1m31:53[0m 17s/step - accuracy: 0.9285 - dice_coeff: 0.9317 - iou_score: 0.9193 - loss: 0.2599 - precision: 0.9381 - recall: 0.9788
[1m 15/125[0m [32m━━[0m[37m━━━━━━━━━━━━━━━━━━[0m [1m31:32[0m 17s/step - accuracy: 0.9282 - dice_coeff: 0.9316 - iou_score: 0.9190 - loss: 0.2605 - precision: 0.9377 - recall: 0.9789
[1m 16/125[0m [32m━━[0m[37m━━━━━━━━━━━━━━━━━━[0m [1m31:14[0m 17s/step - accuracy: 0.9280 - dice_coeff: 0.9315 - iou_score: 0.9188 - loss: 0.2610 - precision: 0.9374 - recall: 0.9790
[1m 17/125[0m [32m━━[0m[37m━━━━━━━━━━━━━━━━━━[0m [1m30:54[0m 17s/step - accuracy: 0.9279 - dice_coeff: 0.9314 - iou_score: 0.9186 - loss: 0.2614 - precision: 0.9371 - recall: 0.9791
[1m 18/125[0m [32m━━[0m[37m━━━━━━━━━━━━━━━━━━[0m [1m30:42[0m 17s/step - accuracy: 0.9277 - dice_coeff: 0.9313 - iou_score: 0.9184 - loss: 0.2618 - precision: 0.9368 - recall: 0.9792
[1m 19/125[0m [32m━━━[0m[37m━━━━━━━━━━━━━━━━━[0m [1m30:22[0m 17s/step - accuracy: 0.9276 - dice_coeff: 0.9313 - iou_score: 0.9183 - loss: 0.2622 - precision: 0.9366 - recall: 0.9793
[1m 20/125[0m [32m━━━[0m[37m━━━━━━━━━━━━━━━━━[0m [1m30:05[0m 17s/step - accuracy: 0.9274 - dice_coeff: 0.9312 - iou_score: 0.9181 - loss: 0.2627 - precision: 0.9363 - recall: 0.9793
[1m 21/125[0m [32m━━━[0m[37m━━━━━━━━━━━━━━━━━[0m [1m29:49[0m 17s/step - accuracy: 0.9273 - dice_coeff: 0.9311 - iou_score: 0.9179 - loss: 0.2630 - precision: 0.9361 - recall: 0.9793
[1m 22/125[0m [32m━━━[0m[37m━━━━━━━━━━━━━━━━━[0m [1m29:29[0m 17s/step - accuracy: 0.9271 - dice_coeff: 0.9310 - iou_score: 0.9177 - loss: 0.2635 - precision: 0.9359 - recall: 0.9794
[1m 23/125[0m [32m━━━[0m[37m━━━━━━━━━━━━━━━━━[0m [1m29:15[0m 17s/step - accuracy: 0.9270 - dice_coeff: 0.9309 - iou_score: 0.9175 - loss: 0.2639 - precision: 0.9357 - recall: 0.9794
[1m 24/125[0m [32m━━━[0m[37m━━━━━━━━━━━━━━━━━[0m [1m29:03[0m 17s/step - accuracy: 0.9268 - dice_coeff: 0.9308 - iou_score: 0.9174 - loss: 0.2643 - precision: 0.9355 - recall: 0.9794
[1m 25/125[0m [32m━━━━[0m[37m━━━━━━━━━━━━━━━━[0m [1m28:47[0m 17s/step - accuracy: 0.9267 - dice_coeff: 0.9308 - iou_score: 0.9172 - loss: 0.2647 - precision: 0.9353 - recall: 0.9794
[1m 26/125[0m [32m━━━━[0m[37m━━━━━━━━━━━━━━━━[0m [1m28:32[0m 17s/step - accuracy: 0.9266 - dice_coeff: 0.9307 - iou_score: 0.9170 - loss: 0.2651 - precision: 0.9352 - recall: 0.9794
[1m 27/125[0m [32m━━━━[0m[37m━━━━━━━━━━━━━━━━[0m [1m28:19[0m 17s/step - accuracy: 0.9265 - dice_coeff: 0.9306 - iou_score: 0.9169 - loss: 0.2654 - precision: 0.9350 - recall: 0.9794
[1m 28/125[0m [32m━━━━[0m[37m━━━━━━━━━━━━━━━━[0m [1m28:01[0m 17s/step - accuracy: 0.9264 - dice_coeff: 0.9305 - iou_score: 0.9168 - loss: 0.2658 - precision: 0.9349 - recall: 0.9794
[1m 29/125[0m [32m━━━━[0m[37m━━━━━━━━━━━━━━━━[0m [1m27:47[0m 17s/step - accuracy: 0.9263 - dice_coeff: 0.9305 - iou_score: 0.9167 - loss: 0.2660 - precision: 0.9348 - recall: 0.9794
[1m 30/125[0m [32m━━━━[0m[37m━━━━━━━━━━━━━━━━[0m [1m27:32[0m 17s/step - accuracy: 0.9262 - dice_coeff: 0.9304 - iou_score: 0.9166 - loss: 0.2663 - precision: 0.9346 - recall: 0.9794
[1m 31/125[0m [32m━━━━[0m[37m━━━━━━━━━━━━━━━━[0m [1m27:15[0m 17s/step - accuracy: 0.9261 - dice_coeff: 0.9304 - iou_score: 0.9165 - loss: 0.2665 - precision: 0.9345 - recall: 0.9794
[1m 32/125[0m [32m━━━━━[0m[37m━━━━━━━━━━━━━━━[0m [1m27:05[0m 17s/step - accuracy: 0.9260 - dice_coeff: 0.9303 - iou_score: 0.9164 - loss: 0.2667 - precision: 0.9344 - recall: 0.9795
[1m 33/125[0m [32m━━━━━[0m[37m━━━━━━━━━━━━━━━[0m [1m26:49[0m 17s/step - accuracy: 0.9259 - dice_coeff: 0.9303 - iou_score: 0.9163 - loss: 0.2670 - precision: 0.9343 - recall: 0.9795
[1m 34/125[0m [32m━━━━━[0m[37m━━━━━━━━━━━━━━━[0m [1m26:34[0m 18s/step - accuracy: 0.9259 - dice_coeff: 0.9302 - iou_score: 0.9162 - loss: 0.2672 - precision: 0.9341 - recall: 0.9795
[1m 35/125[0m [32m━━━━━[0m[37m━━━━━━━━━━━━━━━[0m [1m26:19[0m 18s/step - accuracy: 0.9258 - dice_coeff: 0.9302 - iou_score: 0.9161 - loss: 0.2675 - precision: 0.9340 - recall: 0.9796
[1m 36/125[0m [32m━━━━━[0m[37m━━━━━━━━━━━━━━━[0m [1m26:02[0m 18s/step - accuracy: 0.9257 - dice_coeff: 0.9301 - iou_score: 0.9160 - loss: 0.2677 - precision: 0.9339 - recall: 0.9796
[1m 37/125[0m [32m━━━━━[0m[37m━━━━━━━━━━━━━━━[0m [1m25:48[0m 18s/step - accuracy: 0.9256 - dice_coeff: 0.9300 - iou_score: 0.9159 - loss: 0.2680 - precision: 0.9338 - recall: 0.9796Traceback (most recent call last):
  File "d:\labdatanew@aniket\unet++\src\train.py", line 270, in <module>
    # 5. Callbacks
              ^^^^
  File "D:\labdatanew@aniket\.venv\Lib\site-packages\keras\src\utils\traceback_utils.py", line 117, in error_handler
    return fn(*args, **kwargs)
           ^^^^^^^^^^^^^^^^^^^
  File "D:\labdatanew@aniket\.venv\Lib\site-packages\keras\src\backend\tensorflow\trainer.py", line 399, in fit
    logs = self.train_function(iterator)
           ^^^^^^^^^^^^^^^^^^^^^^^^^^^^^
  File "D:\labdatanew@aniket\.venv\Lib\site-packages\keras\src\backend\tensorflow\trainer.py", line 241, in function
    opt_outputs = multi_step_on_iterator(iterator)
                  ^^^^^^^^^^^^^^^^^^^^^^^^^^^^^^^^
  File "D:\labdatanew@aniket\.venv\Lib\site-packages\tensorflow\python\util\traceback_utils.py", line 164, in error_handler
    return fn(*args, **kwargs)
           ^^^^^^^^^^^^^^^^^^^
  File "D:\labdatanew@aniket\.venv\Lib\site-packages\tensorflow\python\eager\polymorphic_function\polymorphic_function.py", line 833, in __call__
    result = self._call(*args, **kwds)
             ^^^^^^^^^^^^^^^^^^^^^^^^^
  File "D:\labdatanew@aniket\.venv\Lib\site-packages\tensorflow\python\eager\polymorphic_function\polymorphic_function.py", line 878, in _call
    results = tracing_compilation.call_function(
              ^^^^^^^^^^^^^^^^^^^^^^^^^^^^^^^^^^
  File "D:\labdatanew@aniket\.venv\Lib\site-packages\tensorflow\python\eager\polymorphic_function\tracing_compilation.py", line 139, in call_function
    return function._call_flat(  # pylint: disable=protected-access
           ^^^^^^^^^^^^^^^^^^^^^^^^^^^^^^^^^^^^^^^^^^^^^^^^^^^^^^^^
  File "D:\labdatanew@aniket\.venv\Lib\site-packages\tensorflow\python\eager\polymorphic_function\concrete_function.py", line 1322, in _call_flat
    return self._inference_function.call_preflattened(args)
           ^^^^^^^^^^^^^^^^^^^^^^^^^^^^^^^^^^^^^^^^^^^^^^^^
  File "D:\labdatanew@aniket\.venv\Lib\site-packages\tensorflow\python\eager\polymorphic_function\atomic_function.py", line 216, in call_preflattened
    flat_outputs = self.call_flat(*args)
                   ^^^^^^^^^^^^^^^^^^^^^
  File "D:\labdatanew@aniket\.venv\Lib\site-packages\tensorflow\python\eager\polymorphic_function\atomic_function.py", line 251, in call_flat
    outputs = self._bound_context.call_function(
              ^^^^^^^^^^^^^^^^^^^^^^^^^^^^^^^^^^
  File "D:\labdatanew@aniket\.venv\Lib\site-packages\tensorflow\python\eager\context.py", line 1688, in call_function
    outputs = execute.execute(
              ^^^^^^^^^^^^^^^^
  File "D:\labdatanew@aniket\.venv\Lib\site-packages\tensorflow\python\eager\execute.py", line 53, in quick_execute
    tensors = pywrap_tfe.TFE_Py_Execute(ctx._handle, device_name, op_name,
              ^^^^^^^^^^^^^^^^^^^^^^^^^^^^^^^^^^^^^^^^^^^^^^^^^^^^^^^^^^^^
KeyboardInterrupt
